2025-10-27 10:30:48 [main] INFO  c.example.api.ApiServiceApplication - Starting ApiServiceApplication using Java 21.0.5 with PID 31888 (C:\intelliJ workspace\Dukhan Bank ODS\api-service\target\classes started by bhavya in C:\intelliJ workspace\Dukhan Bank ODS\api-service)
2025-10-27 10:30:48 [main] DEBUG c.example.api.ApiServiceApplication - Running with Spring Boot v3.5.4, Spring v6.2.9
2025-10-27 10:30:48 [main] INFO  c.example.api.ApiServiceApplication - No active profile set, falling back to 1 default profile: "default"
2025-10-27 10:30:50 [main] INFO  o.s.d.r.c.RepositoryConfigurationDelegate - Bootstrapping Spring Data JPA repositories in DEFAULT mode.
2025-10-27 10:30:51 [main] INFO  o.s.d.r.c.RepositoryConfigurationDelegate - Finished Spring Data repository scanning in 799 ms. Found 8 JPA repository interfaces.
2025-10-27 10:30:53 [main] INFO  o.s.b.w.e.tomcat.TomcatWebServer - Tomcat initialized with port 9596 (http)
2025-10-27 10:30:53 [main] INFO  o.a.catalina.core.StandardService - Starting service [Tomcat]
2025-10-27 10:30:53 [main] INFO  o.a.catalina.core.StandardEngine - Starting Servlet engine: [Apache Tomcat/10.1.43]
2025-10-27 10:30:53 [main] INFO  o.a.c.c.C.[Tomcat].[localhost].[/] - Initializing Spring embedded WebApplicationContext
2025-10-27 10:30:53 [main] INFO  o.s.b.w.s.c.ServletWebServerApplicationContext - Root WebApplicationContext: initialization completed in 4714 ms
2025-10-27 10:30:54 [main] INFO  o.h.jpa.internal.util.LogHelper - HHH000204: Processing PersistenceUnitInfo [name: default]
2025-10-27 10:30:54 [main] INFO  org.hibernate.Version - HHH000412: Hibernate ORM core version 6.6.22.Final
2025-10-27 10:30:54 [main] INFO  o.h.c.i.RegionFactoryInitiator - HHH000026: Second-level cache disabled
2025-10-27 10:31:01 [main] INFO  o.s.o.j.p.SpringPersistenceUnitInfo - No LoadTimeWeaver setup: ignoring JPA class transformer
2025-10-27 10:31:02 [main] INFO  com.zaxxer.hikari.HikariDataSource - HikariPool-1 - Starting...
2025-10-27 10:31:06 [main] INFO  com.zaxxer.hikari.pool.HikariPool - HikariPool-1 - Added connection org.postgresql.jdbc.PgConnection@4c3c31a5
2025-10-27 10:31:06 [main] INFO  com.zaxxer.hikari.HikariDataSource - HikariPool-1 - Start completed.
2025-10-27 10:31:06 [main] WARN  org.hibernate.orm.deprecation - HHH90000025: PostgreSQLDialect does not need to be specified explicitly using 'hibernate.dialect' (remove the property setting and it will be selected by default)
2025-10-27 10:31:07 [main] INFO  o.hibernate.orm.connections.pooling - HHH10001005: Database info:
	Database JDBC URL [Connecting through datasource 'HikariDataSource (HikariPool-1)']
	Database driver: undefined/unknown
	Database version: 16.10
	Autocommit mode: undefined/unknown
	Isolation level: undefined/unknown
	Minimum pool size: undefined/unknown
	Maximum pool size: undefined/unknown
2025-10-27 10:31:11 [main] INFO  o.h.e.t.j.p.i.JtaPlatformInitiator - HHH000489: No JTA platform available (set 'hibernate.transaction.jta.platform' to enable JTA platform integration)
2025-10-27 10:31:13 [main] INFO  o.s.o.j.LocalContainerEntityManagerFactoryBean - Initialized JPA EntityManagerFactory for persistence unit 'default'
2025-10-27 10:31:14 [main] INFO  o.s.d.j.r.query.QueryEnhancerFactory - Hibernate is in classpath; If applicable, HQL parser will be used.
2025-10-27 10:31:19 [main] WARN  o.s.b.a.o.j.JpaBaseConfiguration$JpaWebConfiguration - spring.jpa.open-in-view is enabled by default. Therefore, database queries may be performed during view rendering. Explicitly configure spring.jpa.open-in-view to disable this warning
2025-10-27 10:31:20 [main] INFO  o.s.b.w.e.tomcat.TomcatWebServer - Tomcat started on port 9596 (http) with context path '/'
2025-10-27 10:31:20 [main] INFO  c.example.api.ApiServiceApplication - Started ApiServiceApplication in 32.649 seconds (process running for 33.624)
2025-10-27 10:31:56 [http-nio-9596-exec-2] INFO  o.a.c.c.C.[Tomcat].[localhost].[/] - Initializing Spring DispatcherServlet 'dispatcherServlet'
2025-10-27 10:31:56 [http-nio-9596-exec-2] INFO  o.s.web.servlet.DispatcherServlet - Initializing Servlet 'dispatcherServlet'
2025-10-27 10:31:56 [http-nio-9596-exec-2] INFO  o.s.web.servlet.DispatcherServlet - Completed initialization in 1 ms
2025-10-27 10:31:57 [http-nio-9596-exec-2] INFO  c.e.a.c.UserNameSuggestionController - Received username suggestion request for QID: 156897AAA
2025-10-27 10:31:57 [http-nio-9596-exec-2] INFO  c.e.a.s.i.UsernameSuggestionMockServiceImpl - [MockService] Received username suggestion request.
2025-10-27 10:31:57 [http-nio-9596-exec-2] INFO  c.e.a.s.i.UsernameSuggestionMockServiceImpl - Language selected: en
2025-10-27 10:31:57 [http-nio-9596-exec-2] INFO  c.e.a.s.i.UsernameSuggestionMockServiceImpl - QID received: 156897AAA
2025-10-27 10:31:57 [http-nio-9596-exec-2] INFO  c.e.a.s.i.UsernameSuggestionMockServiceImpl -  Reading mock user data from file: usermock-data.json
2025-10-27 10:31:57 [http-nio-9596-exec-2] DEBUG c.e.a.s.i.UsernameSuggestionMockServiceImpl - User Data for QID 156897AAA → firstName=username, lastName=lastname, dateOfBirth=19-10-2001
2025-10-27 10:31:57 [http-nio-9596-exec-2] DEBUG c.e.a.s.i.UsernameSuggestionMockServiceImpl - Generating unique usernames based on base: username lastname
2025-10-27 10:31:57 [http-nio-9596-exec-2] INFO  c.e.a.s.i.UsernameSuggestionMockServiceImpl -  Combined base username: userlas1910
2025-10-27 10:31:57 [http-nio-9596-exec-2] DEBUG c.e.a.s.i.UsernameSuggestionMockServiceImpl - 🔹 Candidate 'userlas1910' | Exists in DB: false
2025-10-27 10:31:57 [http-nio-9596-exec-2] DEBUG c.e.a.s.i.UsernameSuggestionMockServiceImpl -  Added candidate: userlas1910
2025-10-27 10:31:57 [http-nio-9596-exec-2] DEBUG c.e.a.s.i.UsernameSuggestionMockServiceImpl - 🔹 Candidate 'userlas19101354' | Exists in DB: false
2025-10-27 10:31:57 [http-nio-9596-exec-2] DEBUG c.e.a.s.i.UsernameSuggestionMockServiceImpl -  Added candidate: userlas19101354
2025-10-27 10:31:57 [http-nio-9596-exec-2] DEBUG c.e.a.s.i.UsernameSuggestionMockServiceImpl - 🔹 Candidate 'userlas19101391' | Exists in DB: false
2025-10-27 10:31:57 [http-nio-9596-exec-2] DEBUG c.e.a.s.i.UsernameSuggestionMockServiceImpl -  Added candidate: userlas19101391
2025-10-27 10:31:57 [http-nio-9596-exec-2] INFO  c.e.a.s.i.UsernameSuggestionMockServiceImpl - Final list of available usernames: [userlas1910, userlas19101354, userlas19101391]
2025-10-27 10:31:57 [http-nio-9596-exec-2] INFO  c.e.a.s.i.UsernameSuggestionMockServiceImpl - Generated 3 username candidates: [userlas1910, userlas19101354, userlas19101391]
2025-10-27 10:31:57 [http-nio-9596-exec-2] INFO  c.e.a.s.i.UsernameSuggestionMockServiceImpl - Retrieved 4 username validation rules from DB.
2025-10-27 10:31:57 [http-nio-9596-exec-2] INFO  c.e.a.i.helper.UsernameValidator - Applying validation rules to 3 generated usernames...
2025-10-27 10:31:57 [http-nio-9596-exec-2] DEBUG c.e.a.i.helper.UsernameValidator - Validating username: 'userlas1910'
2025-10-27 10:31:57 [http-nio-9596-exec-2] DEBUG c.e.a.i.helper.UsernameValidator - Rule '^[a-zA-Z0-9]+$' applied to 'userlas1910': match=true
2025-10-27 10:31:57 [http-nio-9596-exec-2] DEBUG c.e.a.i.helper.UsernameValidator - Rule '^\S+$' applied to 'userlas1910': match=true
2025-10-27 10:31:57 [http-nio-9596-exec-2] DEBUG c.e.a.i.helper.UsernameValidator - Rule 'length>=8' applied to 'userlas1910': match=true
2025-10-27 10:31:57 [http-nio-9596-exec-2] DEBUG c.e.a.i.helper.UsernameValidator - Rule 'length<=15' applied to 'userlas1910': match=true
2025-10-27 10:31:57 [http-nio-9596-exec-2] DEBUG c.e.a.i.helper.UsernameValidator - Validating username: 'userlas19101354'
2025-10-27 10:31:57 [http-nio-9596-exec-2] DEBUG c.e.a.i.helper.UsernameValidator - Rule '^[a-zA-Z0-9]+$' applied to 'userlas19101354': match=true
2025-10-27 10:31:57 [http-nio-9596-exec-2] DEBUG c.e.a.i.helper.UsernameValidator - Rule '^\S+$' applied to 'userlas19101354': match=true
2025-10-27 10:31:57 [http-nio-9596-exec-2] DEBUG c.e.a.i.helper.UsernameValidator - Rule 'length>=8' applied to 'userlas19101354': match=true
2025-10-27 10:31:57 [http-nio-9596-exec-2] DEBUG c.e.a.i.helper.UsernameValidator - Rule 'length<=15' applied to 'userlas19101354': match=true
2025-10-27 10:31:57 [http-nio-9596-exec-2] DEBUG c.e.a.i.helper.UsernameValidator - Validating username: 'userlas19101391'
2025-10-27 10:31:57 [http-nio-9596-exec-2] DEBUG c.e.a.i.helper.UsernameValidator - Rule '^[a-zA-Z0-9]+$' applied to 'userlas19101391': match=true
2025-10-27 10:31:57 [http-nio-9596-exec-2] DEBUG c.e.a.i.helper.UsernameValidator - Rule '^\S+$' applied to 'userlas19101391': match=true
2025-10-27 10:31:57 [http-nio-9596-exec-2] DEBUG c.e.a.i.helper.UsernameValidator - Rule 'length>=8' applied to 'userlas19101391': match=true
2025-10-27 10:31:57 [http-nio-9596-exec-2] DEBUG c.e.a.i.helper.UsernameValidator - Rule 'length<=15' applied to 'userlas19101391': match=true
2025-10-27 10:31:57 [http-nio-9596-exec-2] INFO  c.e.a.i.helper.UsernameValidator - Valid usernames after applying rules: [userlas1910, userlas19101354, userlas19101391]
2025-10-27 10:31:57 [http-nio-9596-exec-2] INFO  c.e.a.s.i.UsernameSuggestionMockServiceImpl - 3 valid usernames after applying rules.
2025-10-27 10:31:57 [http-nio-9596-exec-2] INFO  c.e.a.s.i.UsernameSuggestionMockServiceImpl - Returning 3 valid username suggestions to client.
2025-10-27 10:31:57 [http-nio-9596-exec-2] INFO  c.e.a.c.UserNameSuggestionController - Returning 1 username suggestions for QID: 156897AAA
2025-10-27 10:32:02 [http-nio-9596-exec-3] INFO  c.e.a.c.UserNameSuggestionController - Received username suggestion request for QID: 156897AAA
2025-10-27 10:32:02 [http-nio-9596-exec-3] INFO  c.e.a.s.i.UsernameSuggestionMockServiceImpl - [MockService] Received username suggestion request.
2025-10-27 10:32:02 [http-nio-9596-exec-3] INFO  c.e.a.s.i.UsernameSuggestionMockServiceImpl - Language selected: en
2025-10-27 10:32:02 [http-nio-9596-exec-3] INFO  c.e.a.s.i.UsernameSuggestionMockServiceImpl - QID received: 156897AAA
2025-10-27 10:32:02 [http-nio-9596-exec-3] INFO  c.e.a.s.i.UsernameSuggestionMockServiceImpl -  Reading mock user data from file: usermock-data.json
2025-10-27 10:32:02 [http-nio-9596-exec-3] DEBUG c.e.a.s.i.UsernameSuggestionMockServiceImpl - User Data for QID 156897AAA → firstName=username, lastName=lastname, dateOfBirth=19-10-2001
2025-10-27 10:32:02 [http-nio-9596-exec-3] DEBUG c.e.a.s.i.UsernameSuggestionMockServiceImpl - Generating unique usernames based on base: username lastname
2025-10-27 10:32:02 [http-nio-9596-exec-3] INFO  c.e.a.s.i.UsernameSuggestionMockServiceImpl -  Combined base username: userlas1910
2025-10-27 10:32:02 [http-nio-9596-exec-3] DEBUG c.e.a.s.i.UsernameSuggestionMockServiceImpl - 🔹 Candidate 'userlas1910' | Exists in DB: false
2025-10-27 10:32:02 [http-nio-9596-exec-3] DEBUG c.e.a.s.i.UsernameSuggestionMockServiceImpl -  Added candidate: userlas1910
2025-10-27 10:32:02 [http-nio-9596-exec-3] DEBUG c.e.a.s.i.UsernameSuggestionMockServiceImpl - 🔹 Candidate 'userlas19101359' | Exists in DB: false
2025-10-27 10:32:02 [http-nio-9596-exec-3] DEBUG c.e.a.s.i.UsernameSuggestionMockServiceImpl -  Added candidate: userlas19101359
2025-10-27 10:32:03 [http-nio-9596-exec-3] DEBUG c.e.a.s.i.UsernameSuggestionMockServiceImpl - 🔹 Candidate 'userlas19101396' | Exists in DB: false
2025-10-27 10:32:03 [http-nio-9596-exec-3] DEBUG c.e.a.s.i.UsernameSuggestionMockServiceImpl -  Added candidate: userlas19101396
2025-10-27 10:32:03 [http-nio-9596-exec-3] INFO  c.e.a.s.i.UsernameSuggestionMockServiceImpl - Final list of available usernames: [userlas1910, userlas19101359, userlas19101396]
2025-10-27 10:32:03 [http-nio-9596-exec-3] INFO  c.e.a.s.i.UsernameSuggestionMockServiceImpl - Generated 3 username candidates: [userlas1910, userlas19101359, userlas19101396]
2025-10-27 10:32:03 [http-nio-9596-exec-3] INFO  c.e.a.s.i.UsernameSuggestionMockServiceImpl - Retrieved 4 username validation rules from DB.
2025-10-27 10:32:03 [http-nio-9596-exec-3] INFO  c.e.a.i.helper.UsernameValidator - Applying validation rules to 3 generated usernames...
2025-10-27 10:32:03 [http-nio-9596-exec-3] DEBUG c.e.a.i.helper.UsernameValidator - Validating username: 'userlas1910'
2025-10-27 10:32:03 [http-nio-9596-exec-3] DEBUG c.e.a.i.helper.UsernameValidator - Rule '^[a-zA-Z0-9]+$' applied to 'userlas1910': match=true
2025-10-27 10:32:03 [http-nio-9596-exec-3] DEBUG c.e.a.i.helper.UsernameValidator - Rule '^\S+$' applied to 'userlas1910': match=true
2025-10-27 10:32:03 [http-nio-9596-exec-3] DEBUG c.e.a.i.helper.UsernameValidator - Rule 'length>=8' applied to 'userlas1910': match=true
2025-10-27 10:32:03 [http-nio-9596-exec-3] DEBUG c.e.a.i.helper.UsernameValidator - Rule 'length<=15' applied to 'userlas1910': match=true
2025-10-27 10:32:03 [http-nio-9596-exec-3] DEBUG c.e.a.i.helper.UsernameValidator - Validating username: 'userlas19101359'
2025-10-27 10:32:03 [http-nio-9596-exec-3] DEBUG c.e.a.i.helper.UsernameValidator - Rule '^[a-zA-Z0-9]+$' applied to 'userlas19101359': match=true
2025-10-27 10:32:03 [http-nio-9596-exec-3] DEBUG c.e.a.i.helper.UsernameValidator - Rule '^\S+$' applied to 'userlas19101359': match=true
2025-10-27 10:32:03 [http-nio-9596-exec-3] DEBUG c.e.a.i.helper.UsernameValidator - Rule 'length>=8' applied to 'userlas19101359': match=true
2025-10-27 10:32:03 [http-nio-9596-exec-3] DEBUG c.e.a.i.helper.UsernameValidator - Rule 'length<=15' applied to 'userlas19101359': match=true
2025-10-27 10:32:03 [http-nio-9596-exec-3] DEBUG c.e.a.i.helper.UsernameValidator - Validating username: 'userlas19101396'
2025-10-27 10:32:03 [http-nio-9596-exec-3] DEBUG c.e.a.i.helper.UsernameValidator - Rule '^[a-zA-Z0-9]+$' applied to 'userlas19101396': match=true
2025-10-27 10:32:03 [http-nio-9596-exec-3] DEBUG c.e.a.i.helper.UsernameValidator - Rule '^\S+$' applied to 'userlas19101396': match=true
2025-10-27 10:32:03 [http-nio-9596-exec-3] DEBUG c.e.a.i.helper.UsernameValidator - Rule 'length>=8' applied to 'userlas19101396': match=true
2025-10-27 10:32:03 [http-nio-9596-exec-3] DEBUG c.e.a.i.helper.UsernameValidator - Rule 'length<=15' applied to 'userlas19101396': match=true
2025-10-27 10:32:03 [http-nio-9596-exec-3] INFO  c.e.a.i.helper.UsernameValidator - Valid usernames after applying rules: [userlas1910, userlas19101359, userlas19101396]
2025-10-27 10:32:03 [http-nio-9596-exec-3] INFO  c.e.a.s.i.UsernameSuggestionMockServiceImpl - 3 valid usernames after applying rules.
2025-10-27 10:32:03 [http-nio-9596-exec-3] INFO  c.e.a.s.i.UsernameSuggestionMockServiceImpl - Returning 3 valid username suggestions to client.
2025-10-27 10:32:03 [http-nio-9596-exec-3] INFO  c.e.a.c.UserNameSuggestionController - Returning 1 username suggestions for QID: 156897AAA
2025-10-27 10:36:52 [main] INFO  c.e.a.c.UserNameSuggestionControllerTest - Starting UserNameSuggestionControllerTest using Java 21.0.5 with PID 28972 (started by bhavya in C:\intelliJ workspace\Dukhan Bank ODS\api-service)
2025-10-27 10:36:52 [main] DEBUG c.e.a.c.UserNameSuggestionControllerTest - Running with Spring Boot v3.5.4, Spring v6.2.9
2025-10-27 10:36:52 [main] INFO  c.e.a.c.UserNameSuggestionControllerTest - No active profile set, falling back to 1 default profile: "default"
2025-10-27 10:36:54 [main] INFO  o.s.d.r.c.RepositoryConfigurationDelegate - Bootstrapping Spring Data JPA repositories in DEFAULT mode.
2025-10-27 10:36:55 [main] INFO  o.s.d.r.c.RepositoryConfigurationDelegate - Finished Spring Data repository scanning in 596 ms. Found 8 JPA repository interfaces.
2025-10-27 10:36:59 [main] INFO  o.h.jpa.internal.util.LogHelper - HHH000204: Processing PersistenceUnitInfo [name: default]
2025-10-27 10:37:00 [main] INFO  org.hibernate.Version - HHH000412: Hibernate ORM core version 6.6.22.Final
2025-10-27 10:37:00 [main] INFO  o.h.c.i.RegionFactoryInitiator - HHH000026: Second-level cache disabled
2025-10-27 10:37:00 [main] INFO  o.s.o.j.p.SpringPersistenceUnitInfo - No LoadTimeWeaver setup: ignoring JPA class transformer
2025-10-27 10:37:00 [main] INFO  com.zaxxer.hikari.HikariDataSource - HikariPool-1 - Starting...
2025-10-27 10:37:02 [main] INFO  com.zaxxer.hikari.pool.HikariPool - HikariPool-1 - Added connection org.postgresql.jdbc.PgConnection@27c49f54
2025-10-27 10:37:02 [main] INFO  com.zaxxer.hikari.HikariDataSource - HikariPool-1 - Start completed.
2025-10-27 10:37:03 [main] WARN  org.hibernate.orm.deprecation - HHH90000025: PostgreSQLDialect does not need to be specified explicitly using 'hibernate.dialect' (remove the property setting and it will be selected by default)
2025-10-27 10:37:03 [main] INFO  o.hibernate.orm.connections.pooling - HHH10001005: Database info:
	Database JDBC URL [Connecting through datasource 'HikariDataSource (HikariPool-1)']
	Database driver: undefined/unknown
	Database version: 16.10
	Autocommit mode: undefined/unknown
	Isolation level: undefined/unknown
	Minimum pool size: undefined/unknown
	Maximum pool size: undefined/unknown
2025-10-27 10:37:05 [main] INFO  o.h.e.t.j.p.i.JtaPlatformInitiator - HHH000489: No JTA platform available (set 'hibernate.transaction.jta.platform' to enable JTA platform integration)
2025-10-27 10:37:05 [main] INFO  o.s.o.j.LocalContainerEntityManagerFactoryBean - Initialized JPA EntityManagerFactory for persistence unit 'default'
2025-10-27 10:37:06 [main] INFO  o.s.d.j.r.query.QueryEnhancerFactory - Hibernate is in classpath; If applicable, HQL parser will be used.
2025-10-27 10:37:09 [main] WARN  o.s.b.a.o.j.JpaBaseConfiguration$JpaWebConfiguration - spring.jpa.open-in-view is enabled by default. Therefore, database queries may be performed during view rendering. Explicitly configure spring.jpa.open-in-view to disable this warning
2025-10-27 10:37:11 [main] INFO  c.e.a.c.UserNameSuggestionControllerTest - Started UserNameSuggestionControllerTest in 19.397 seconds (process running for 22.105)
2025-10-27 10:37:12 [main] INFO  c.e.a.s.i.UsernameSuggestionMockServiceImpl - [MockService] Received username suggestion request.
2025-10-27 10:37:12 [main] INFO  c.e.a.s.i.UsernameSuggestionMockServiceImpl - Language selected: en
2025-10-27 10:37:12 [main] INFO  c.e.a.s.i.UsernameSuggestionMockServiceImpl - QID received: 12345XYZ
2025-10-27 10:37:12 [main] INFO  c.e.a.s.i.UsernameSuggestionMockServiceImpl -  Reading mock user data from file: null
2025-10-27 10:37:12 [main] DEBUG c.e.a.s.i.UsernameSuggestionMockServiceImpl - User Data for QID 12345XYZ → firstName=John, lastName=Doe, dateOfBirth=01-01-90
2025-10-27 10:37:12 [main] DEBUG c.e.a.s.i.UsernameSuggestionMockServiceImpl - Generating unique usernames based on base: John Doe
2025-10-27 10:37:12 [main] INFO  c.e.a.s.i.UsernameSuggestionMockServiceImpl -  Combined base username: JohnDoe0101
2025-10-27 10:37:12 [main] DEBUG c.e.a.s.i.UsernameSuggestionMockServiceImpl - 🔹 Candidate 'JohnDoe0101' | Exists in DB: false
2025-10-27 10:37:12 [main] DEBUG c.e.a.s.i.UsernameSuggestionMockServiceImpl -  Added candidate: JohnDoe0101
2025-10-27 10:37:12 [main] DEBUG c.e.a.s.i.UsernameSuggestionMockServiceImpl - 🔹 Candidate 'JohnDoe01011669' | Exists in DB: false
2025-10-27 10:37:12 [main] DEBUG c.e.a.s.i.UsernameSuggestionMockServiceImpl -  Added candidate: JohnDoe01011669
2025-10-27 10:37:12 [main] DEBUG c.e.a.s.i.UsernameSuggestionMockServiceImpl - 🔹 Candidate 'JohnDoe01011706' | Exists in DB: false
2025-10-27 10:37:12 [main] DEBUG c.e.a.s.i.UsernameSuggestionMockServiceImpl -  Added candidate: JohnDoe01011706
2025-10-27 10:37:12 [main] INFO  c.e.a.s.i.UsernameSuggestionMockServiceImpl - Final list of available usernames: [JohnDoe0101, JohnDoe01011669, JohnDoe01011706]
2025-10-27 10:37:12 [main] INFO  c.e.a.s.i.UsernameSuggestionMockServiceImpl - Generated 3 username candidates: [JohnDoe0101, JohnDoe01011669, JohnDoe01011706]
2025-10-27 10:37:12 [main] INFO  c.e.a.s.i.UsernameSuggestionMockServiceImpl - Retrieved 0 username validation rules from DB.
2025-10-27 10:37:12 [main] INFO  c.e.a.s.i.UsernameSuggestionMockServiceImpl - 3 valid usernames after applying rules.
2025-10-27 10:37:12 [main] INFO  c.e.a.s.i.UsernameSuggestionMockServiceImpl - Returning 3 valid username suggestions to client.
2025-10-27 10:37:12 [main] INFO  c.e.a.s.i.UsernameSuggestionMockServiceImpl - [MockService] Received username suggestion request.
2025-10-27 10:37:12 [main] INFO  c.e.a.s.i.UsernameSuggestionMockServiceImpl - Language selected: en
2025-10-27 10:37:12 [main] INFO  c.e.a.s.i.UsernameSuggestionMockServiceImpl - QID received: null
2025-10-27 10:37:12 [main] INFO  c.e.a.s.i.UsernameSuggestionMockServiceImpl -  Reading mock user data from file: null
2025-10-27 10:37:12 [main] WARN  c.e.a.s.i.UsernameSuggestionMockServiceImpl - No user found for QID: null
2025-10-27 10:37:12 [main] INFO  c.e.a.s.i.UsernameSuggestionMockServiceImpl - [MockService] Received username suggestion request.
2025-10-27 10:37:12 [main] INFO  c.e.a.s.i.UsernameSuggestionMockServiceImpl - Language selected: en
2025-10-27 10:37:12 [main] INFO  c.e.a.s.i.UsernameSuggestionMockServiceImpl - QID received: 12345XYZ
2025-10-27 10:37:12 [main] INFO  c.e.a.s.i.UsernameSuggestionMockServiceImpl -  Reading mock user data from file: null
2025-10-27 10:37:12 [main] DEBUG c.e.a.s.i.UsernameSuggestionMockServiceImpl - User Data for QID 12345XYZ → firstName=John, lastName=Doe, dateOfBirth=01-01-90
2025-10-27 10:37:12 [main] DEBUG c.e.a.s.i.UsernameSuggestionMockServiceImpl - Generating unique usernames based on base: John Doe
2025-10-27 10:37:12 [main] INFO  c.e.a.s.i.UsernameSuggestionMockServiceImpl -  Combined base username: JohnDoe0101
2025-10-27 10:37:12 [main] INFO  c.e.a.s.i.UsernameSuggestionMockServiceImpl - [MockService] Received username suggestion request.
2025-10-27 10:37:12 [main] INFO  c.e.a.s.i.UsernameSuggestionMockServiceImpl - Language selected: en
2025-10-27 10:37:12 [main] INFO  c.e.a.s.i.UsernameSuggestionMockServiceImpl - QID received: 12345XYZ
2025-10-27 10:37:12 [main] INFO  c.e.a.s.i.UsernameSuggestionMockServiceImpl -  Reading mock user data from file: null
2025-10-27 10:37:12 [main] WARN  c.e.a.s.i.UsernameSuggestionMockServiceImpl - ⚠️ No mock users found in JSON file: null
2025-10-27 10:37:12 [main] INFO  c.e.a.s.i.UsernameSuggestionMockServiceImpl - [MockService] Received username suggestion request.
2025-10-27 10:37:12 [main] INFO  c.e.a.s.i.UsernameSuggestionMockServiceImpl - Language selected: en
2025-10-27 10:37:12 [main] INFO  c.e.a.s.i.UsernameSuggestionMockServiceImpl - QID received: 12345XYZ
2025-10-27 10:37:12 [main] INFO  c.e.a.s.i.UsernameSuggestionMockServiceImpl -  Reading mock user data from file: null
2025-10-27 10:37:12 [main] DEBUG c.e.a.s.i.UsernameSuggestionMockServiceImpl - User Data for QID 12345XYZ → firstName=John@#$%, lastName=Doe-123, dateOfBirth=01-01-90
2025-10-27 10:37:12 [main] DEBUG c.e.a.s.i.UsernameSuggestionMockServiceImpl - Generating unique usernames based on base: John@#$% Doe-123
2025-10-27 10:37:12 [main] INFO  c.e.a.s.i.UsernameSuggestionMockServiceImpl -  Combined base username: JohnDoe0101
2025-10-27 10:37:12 [main] DEBUG c.e.a.s.i.UsernameSuggestionMockServiceImpl - 🔹 Candidate 'JohnDoe0101' | Exists in DB: false
2025-10-27 10:37:12 [main] DEBUG c.e.a.s.i.UsernameSuggestionMockServiceImpl -  Added candidate: JohnDoe0101
2025-10-27 10:37:12 [main] DEBUG c.e.a.s.i.UsernameSuggestionMockServiceImpl - 🔹 Candidate 'JohnDoe01011669' | Exists in DB: false
2025-10-27 10:37:12 [main] DEBUG c.e.a.s.i.UsernameSuggestionMockServiceImpl -  Added candidate: JohnDoe01011669
2025-10-27 10:37:12 [main] DEBUG c.e.a.s.i.UsernameSuggestionMockServiceImpl - 🔹 Candidate 'JohnDoe01011706' | Exists in DB: false
2025-10-27 10:37:12 [main] DEBUG c.e.a.s.i.UsernameSuggestionMockServiceImpl -  Added candidate: JohnDoe01011706
2025-10-27 10:37:12 [main] INFO  c.e.a.s.i.UsernameSuggestionMockServiceImpl - Final list of available usernames: [JohnDoe0101, JohnDoe01011669, JohnDoe01011706]
2025-10-27 10:37:12 [main] INFO  c.e.a.s.i.UsernameSuggestionMockServiceImpl - Generated 3 username candidates: [JohnDoe0101, JohnDoe01011669, JohnDoe01011706]
2025-10-27 10:37:12 [main] INFO  c.e.a.s.i.UsernameSuggestionMockServiceImpl - Retrieved 1 username validation rules from DB.
2025-10-27 10:37:12 [main] INFO  c.e.a.i.helper.UsernameValidator - Applying validation rules to 3 generated usernames...
2025-10-27 10:37:12 [main] DEBUG c.e.a.i.helper.UsernameValidator - Validating username: 'JohnDoe0101'
2025-10-27 10:37:12 [main] DEBUG c.e.a.i.helper.UsernameValidator - Rule 'length>=3' applied to 'JohnDoe0101': match=true
2025-10-27 10:37:12 [main] DEBUG c.e.a.i.helper.UsernameValidator - Validating username: 'JohnDoe01011669'
2025-10-27 10:37:12 [main] DEBUG c.e.a.i.helper.UsernameValidator - Rule 'length>=3' applied to 'JohnDoe01011669': match=true
2025-10-27 10:37:12 [main] DEBUG c.e.a.i.helper.UsernameValidator - Validating username: 'JohnDoe01011706'
2025-10-27 10:37:12 [main] DEBUG c.e.a.i.helper.UsernameValidator - Rule 'length>=3' applied to 'JohnDoe01011706': match=true
2025-10-27 10:37:12 [main] INFO  c.e.a.i.helper.UsernameValidator - Valid usernames after applying rules: [JohnDoe0101, JohnDoe01011669, JohnDoe01011706]
2025-10-27 10:37:12 [main] INFO  c.e.a.s.i.UsernameSuggestionMockServiceImpl - 3 valid usernames after applying rules.
2025-10-27 10:37:12 [main] INFO  c.e.a.s.i.UsernameSuggestionMockServiceImpl - Returning 3 valid username suggestions to client.
2025-10-27 10:37:12 [main] INFO  c.e.a.s.i.UsernameSuggestionMockServiceImpl - [MockService] Received username suggestion request.
2025-10-27 10:37:12 [main] INFO  c.e.a.s.i.UsernameSuggestionMockServiceImpl - Language selected: en
2025-10-27 10:37:12 [main] INFO  c.e.a.s.i.UsernameSuggestionMockServiceImpl - QID received: 12345XYZ
2025-10-27 10:37:12 [main] INFO  c.e.a.s.i.UsernameSuggestionMockServiceImpl -  Reading mock user data from file: null
2025-10-27 10:37:12 [main] DEBUG c.e.a.s.i.UsernameSuggestionMockServiceImpl - User Data for QID 12345XYZ → firstName=John, lastName=Doe, dateOfBirth=01-01-90
2025-10-27 10:37:12 [main] DEBUG c.e.a.s.i.UsernameSuggestionMockServiceImpl - Generating unique usernames based on base: John Doe
2025-10-27 10:37:12 [main] INFO  c.e.a.s.i.UsernameSuggestionMockServiceImpl -  Combined base username: JohnDoe0101
2025-10-27 10:37:12 [main] DEBUG c.e.a.s.i.UsernameSuggestionMockServiceImpl - 🔹 Candidate 'JohnDoe0101' | Exists in DB: false
2025-10-27 10:37:12 [main] DEBUG c.e.a.s.i.UsernameSuggestionMockServiceImpl -  Added candidate: JohnDoe0101
2025-10-27 10:37:12 [main] DEBUG c.e.a.s.i.UsernameSuggestionMockServiceImpl - 🔹 Candidate 'JohnDoe01011669' | Exists in DB: false
2025-10-27 10:37:12 [main] DEBUG c.e.a.s.i.UsernameSuggestionMockServiceImpl -  Added candidate: JohnDoe01011669
2025-10-27 10:37:12 [main] DEBUG c.e.a.s.i.UsernameSuggestionMockServiceImpl - 🔹 Candidate 'JohnDoe01011706' | Exists in DB: false
2025-10-27 10:37:12 [main] DEBUG c.e.a.s.i.UsernameSuggestionMockServiceImpl -  Added candidate: JohnDoe01011706
2025-10-27 10:37:12 [main] INFO  c.e.a.s.i.UsernameSuggestionMockServiceImpl - Final list of available usernames: [JohnDoe0101, JohnDoe01011669, JohnDoe01011706]
2025-10-27 10:37:12 [main] INFO  c.e.a.s.i.UsernameSuggestionMockServiceImpl - Generated 3 username candidates: [JohnDoe0101, JohnDoe01011669, JohnDoe01011706]
2025-10-27 10:37:12 [main] INFO  c.e.a.s.i.UsernameSuggestionMockServiceImpl - Retrieved 1 username validation rules from DB.
2025-10-27 10:37:12 [main] INFO  c.e.a.s.i.UsernameSuggestionMockServiceImpl - 2 valid usernames after applying rules.
2025-10-27 10:37:12 [main] INFO  c.e.a.s.i.UsernameSuggestionMockServiceImpl - Returning 2 valid username suggestions to client.
2025-10-27 10:37:12 [main] INFO  c.e.a.s.i.UsernameSuggestionMockServiceImpl - [MockService] Received username suggestion request.
2025-10-27 10:37:12 [main] INFO  c.e.a.s.i.UsernameSuggestionMockServiceImpl - Language selected: en
2025-10-27 10:37:12 [main] INFO  c.e.a.s.i.UsernameSuggestionMockServiceImpl - QID received: 
2025-10-27 10:37:12 [main] INFO  c.e.a.s.i.UsernameSuggestionMockServiceImpl -  Reading mock user data from file: null
2025-10-27 10:37:12 [main] WARN  c.e.a.s.i.UsernameSuggestionMockServiceImpl - No user found for QID: 
2025-10-27 10:37:12 [main] INFO  c.e.a.s.i.UsernameSuggestionMockServiceImpl - [MockService] Received username suggestion request.
2025-10-27 10:37:12 [main] INFO  c.e.a.s.i.UsernameSuggestionMockServiceImpl - Language selected: en
2025-10-27 10:37:12 [main] INFO  c.e.a.s.i.UsernameSuggestionMockServiceImpl - QID received: 12345XYZ
2025-10-27 10:37:12 [main] ERROR c.e.a.s.i.UsernameSuggestionMockServiceImpl -  Failed to read users.json: IO Error
java.lang.RuntimeException: IO Error
	at com.example.api.service.impl.UsernameSuggestionMockServiceImpl.readUsersFromJson(UsernameSuggestionMockServiceImpl.java:121)
	at com.example.api.service.impl.UsernameSuggestionMockServiceImpl.generateUsernames(UsernameSuggestionMockServiceImpl.java:51)
	at com.example.api.service.UsernameSuggestionMockServiceImplTest.testGenerateUsernames_ExceptionReadingJson(UsernameSuggestionMockServiceImplTest.java:145)
	at java.base/jdk.internal.reflect.DirectMethodHandleAccessor.invoke(DirectMethodHandleAccessor.java:103)
	at java.base/java.lang.reflect.Method.invoke(Method.java:580)
	at org.junit.platform.commons.util.ReflectionUtils.invokeMethod(ReflectionUtils.java:775)
	at org.junit.platform.commons.support.ReflectionSupport.invokeMethod(ReflectionSupport.java:479)
	at org.junit.jupiter.engine.execution.MethodInvocation.proceed(MethodInvocation.java:60)
	at org.junit.jupiter.engine.execution.InvocationInterceptorChain$ValidatingInvocation.proceed(InvocationInterceptorChain.java:131)
	at org.junit.jupiter.engine.extension.TimeoutExtension.intercept(TimeoutExtension.java:161)
	at org.junit.jupiter.engine.extension.TimeoutExtension.interceptTestableMethod(TimeoutExtension.java:152)
	at org.junit.jupiter.engine.extension.TimeoutExtension.interceptTestMethod(TimeoutExtension.java:91)
	at org.junit.jupiter.engine.execution.InterceptingExecutableInvoker$ReflectiveInterceptorCall.lambda$ofVoidMethod$0(InterceptingExecutableInvoker.java:112)
	at org.junit.jupiter.engine.execution.InterceptingExecutableInvoker.lambda$invoke$0(InterceptingExecutableInvoker.java:94)
	at org.junit.jupiter.engine.execution.InvocationInterceptorChain$InterceptedInvocation.proceed(InvocationInterceptorChain.java:106)
	at org.junit.jupiter.engine.execution.InvocationInterceptorChain.proceed(InvocationInterceptorChain.java:64)
	at org.junit.jupiter.engine.execution.InvocationInterceptorChain.chainAndInvoke(InvocationInterceptorChain.java:45)
	at org.junit.jupiter.engine.execution.InvocationInterceptorChain.invoke(InvocationInterceptorChain.java:37)
	at org.junit.jupiter.engine.execution.InterceptingExecutableInvoker.invoke(InterceptingExecutableInvoker.java:93)
	at org.junit.jupiter.engine.execution.InterceptingExecutableInvoker.invoke(InterceptingExecutableInvoker.java:87)
	at org.junit.jupiter.engine.descriptor.TestMethodTestDescriptor.lambda$invokeTestMethod$7(TestMethodTestDescriptor.java:216)
	at org.junit.platform.engine.support.hierarchical.ThrowableCollector.execute(ThrowableCollector.java:73)
	at org.junit.jupiter.engine.descriptor.TestMethodTestDescriptor.invokeTestMethod(TestMethodTestDescriptor.java:212)
	at org.junit.jupiter.engine.descriptor.TestMethodTestDescriptor.execute(TestMethodTestDescriptor.java:137)
	at org.junit.jupiter.engine.descriptor.TestMethodTestDescriptor.execute(TestMethodTestDescriptor.java:69)
	at org.junit.platform.engine.support.hierarchical.NodeTestTask.lambda$executeRecursively$6(NodeTestTask.java:156)
	at org.junit.platform.engine.support.hierarchical.ThrowableCollector.execute(ThrowableCollector.java:73)
	at org.junit.platform.engine.support.hierarchical.NodeTestTask.lambda$executeRecursively$8(NodeTestTask.java:146)
	at org.junit.platform.engine.support.hierarchical.Node.around(Node.java:137)
	at org.junit.platform.engine.support.hierarchical.NodeTestTask.lambda$executeRecursively$9(NodeTestTask.java:144)
	at org.junit.platform.engine.support.hierarchical.ThrowableCollector.execute(ThrowableCollector.java:73)
	at org.junit.platform.engine.support.hierarchical.NodeTestTask.executeRecursively(NodeTestTask.java:143)
	at org.junit.platform.engine.support.hierarchical.NodeTestTask.execute(NodeTestTask.java:100)
	at java.base/java.util.ArrayList.forEach(ArrayList.java:1596)
	at org.junit.platform.engine.support.hierarchical.SameThreadHierarchicalTestExecutorService.invokeAll(SameThreadHierarchicalTestExecutorService.java:41)
	at org.junit.platform.engine.support.hierarchical.NodeTestTask.lambda$executeRecursively$6(NodeTestTask.java:160)
	at org.junit.platform.engine.support.hierarchical.ThrowableCollector.execute(ThrowableCollector.java:73)
	at org.junit.platform.engine.support.hierarchical.NodeTestTask.lambda$executeRecursively$8(NodeTestTask.java:146)
	at org.junit.platform.engine.support.hierarchical.Node.around(Node.java:137)
	at org.junit.platform.engine.support.hierarchical.NodeTestTask.lambda$executeRecursively$9(NodeTestTask.java:144)
	at org.junit.platform.engine.support.hierarchical.ThrowableCollector.execute(ThrowableCollector.java:73)
	at org.junit.platform.engine.support.hierarchical.NodeTestTask.executeRecursively(NodeTestTask.java:143)
	at org.junit.platform.engine.support.hierarchical.NodeTestTask.execute(NodeTestTask.java:100)
	at java.base/java.util.ArrayList.forEach(ArrayList.java:1596)
	at org.junit.platform.engine.support.hierarchical.SameThreadHierarchicalTestExecutorService.invokeAll(SameThreadHierarchicalTestExecutorService.java:41)
	at org.junit.platform.engine.support.hierarchical.NodeTestTask.lambda$executeRecursively$6(NodeTestTask.java:160)
	at org.junit.platform.engine.support.hierarchical.ThrowableCollector.execute(ThrowableCollector.java:73)
	at org.junit.platform.engine.support.hierarchical.NodeTestTask.lambda$executeRecursively$8(NodeTestTask.java:146)
	at org.junit.platform.engine.support.hierarchical.Node.around(Node.java:137)
	at org.junit.platform.engine.support.hierarchical.NodeTestTask.lambda$executeRecursively$9(NodeTestTask.java:144)
	at org.junit.platform.engine.support.hierarchical.ThrowableCollector.execute(ThrowableCollector.java:73)
	at org.junit.platform.engine.support.hierarchical.NodeTestTask.executeRecursively(NodeTestTask.java:143)
	at org.junit.platform.engine.support.hierarchical.NodeTestTask.execute(NodeTestTask.java:100)
	at org.junit.platform.engine.support.hierarchical.SameThreadHierarchicalTestExecutorService.submit(SameThreadHierarchicalTestExecutorService.java:35)
	at org.junit.platform.engine.support.hierarchical.HierarchicalTestExecutor.execute(HierarchicalTestExecutor.java:57)
	at org.junit.platform.engine.support.hierarchical.HierarchicalTestEngine.execute(HierarchicalTestEngine.java:54)
	at org.junit.platform.launcher.core.EngineExecutionOrchestrator.execute(EngineExecutionOrchestrator.java:201)
	at org.junit.platform.launcher.core.EngineExecutionOrchestrator.execute(EngineExecutionOrchestrator.java:170)
	at org.junit.platform.launcher.core.EngineExecutionOrchestrator.execute(EngineExecutionOrchestrator.java:94)
	at org.junit.platform.launcher.core.EngineExecutionOrchestrator.lambda$execute$0(EngineExecutionOrchestrator.java:59)
	at org.junit.platform.launcher.core.EngineExecutionOrchestrator.withInterceptedStreams(EngineExecutionOrchestrator.java:142)
	at org.junit.platform.launcher.core.EngineExecutionOrchestrator.execute(EngineExecutionOrchestrator.java:58)
	at org.junit.platform.launcher.core.DefaultLauncher.execute(DefaultLauncher.java:103)
	at org.junit.platform.launcher.core.DefaultLauncher.execute(DefaultLauncher.java:85)
	at org.junit.platform.launcher.core.DelegatingLauncher.execute(DelegatingLauncher.java:47)
	at org.junit.platform.launcher.core.InterceptingLauncher.lambda$execute$1(InterceptingLauncher.java:39)
	at org.junit.platform.launcher.core.ClasspathAlignmentCheckingLauncherInterceptor.intercept(ClasspathAlignmentCheckingLauncherInterceptor.java:25)
	at org.junit.platform.launcher.core.InterceptingLauncher.execute(InterceptingLauncher.java:38)
	at org.junit.platform.launcher.core.DelegatingLauncher.execute(DelegatingLauncher.java:47)
	at org.apache.maven.surefire.junitplatform.LazyLauncher.execute(LazyLauncher.java:56)
	at org.apache.maven.surefire.junitplatform.JUnitPlatformProvider.execute(JUnitPlatformProvider.java:194)
	at org.apache.maven.surefire.junitplatform.JUnitPlatformProvider.invokeAllTests(JUnitPlatformProvider.java:150)
	at org.apache.maven.surefire.junitplatform.JUnitPlatformProvider.invoke(JUnitPlatformProvider.java:124)
	at org.apache.maven.surefire.booter.ForkedBooter.runSuitesInProcess(ForkedBooter.java:385)
	at org.apache.maven.surefire.booter.ForkedBooter.execute(ForkedBooter.java:162)
	at org.apache.maven.surefire.booter.ForkedBooter.run(ForkedBooter.java:507)
	at org.apache.maven.surefire.booter.ForkedBooter.main(ForkedBooter.java:495)
2025-10-27 10:37:12 [main] WARN  c.e.a.s.i.UsernameSuggestionMockServiceImpl - ⚠️ No mock users found in JSON file: null
2025-10-27 10:37:12 [main] INFO  c.e.a.s.i.UsernameSuggestionMockServiceImpl - [MockService] Received username suggestion request.
2025-10-27 10:37:12 [main] INFO  c.e.a.s.i.UsernameSuggestionMockServiceImpl - Language selected: en
2025-10-27 10:37:12 [main] INFO  c.e.a.s.i.UsernameSuggestionMockServiceImpl - QID received: 12345XYZ
2025-10-27 10:37:12 [main] INFO  c.e.a.s.i.UsernameSuggestionMockServiceImpl -  Reading mock user data from file: null
2025-10-27 10:37:12 [main] DEBUG c.e.a.s.i.UsernameSuggestionMockServiceImpl - User Data for QID 12345XYZ → firstName=John, lastName=Doe, dateOfBirth=01-01-90
2025-10-27 10:37:12 [main] DEBUG c.e.a.s.i.UsernameSuggestionMockServiceImpl - Generating unique usernames based on base: John Doe
2025-10-27 10:37:12 [main] INFO  c.e.a.s.i.UsernameSuggestionMockServiceImpl -  Combined base username: JohnDoe0101
2025-10-27 10:37:12 [main] DEBUG c.e.a.s.i.UsernameSuggestionMockServiceImpl - 🔹 Candidate 'JohnDoe0101' | Exists in DB: false
2025-10-27 10:37:12 [main] DEBUG c.e.a.s.i.UsernameSuggestionMockServiceImpl -  Added candidate: JohnDoe0101
2025-10-27 10:37:12 [main] DEBUG c.e.a.s.i.UsernameSuggestionMockServiceImpl - 🔹 Candidate 'JohnDoe01011669' | Exists in DB: false
2025-10-27 10:37:12 [main] DEBUG c.e.a.s.i.UsernameSuggestionMockServiceImpl -  Added candidate: JohnDoe01011669
2025-10-27 10:37:12 [main] DEBUG c.e.a.s.i.UsernameSuggestionMockServiceImpl - 🔹 Candidate 'JohnDoe01011706' | Exists in DB: false
2025-10-27 10:37:12 [main] DEBUG c.e.a.s.i.UsernameSuggestionMockServiceImpl -  Added candidate: JohnDoe01011706
2025-10-27 10:37:12 [main] INFO  c.e.a.s.i.UsernameSuggestionMockServiceImpl - Final list of available usernames: [JohnDoe0101, JohnDoe01011669, JohnDoe01011706]
2025-10-27 10:37:12 [main] INFO  c.e.a.s.i.UsernameSuggestionMockServiceImpl - Generated 3 username candidates: [JohnDoe0101, JohnDoe01011669, JohnDoe01011706]
2025-10-27 10:37:12 [main] INFO  c.e.a.s.i.UsernameSuggestionMockServiceImpl - [MockService] Received username suggestion request.
2025-10-27 10:37:12 [main] INFO  c.e.a.s.i.UsernameSuggestionMockServiceImpl - Language selected: en
2025-10-27 10:37:12 [main] INFO  c.e.a.s.i.UsernameSuggestionMockServiceImpl - QID received: null
2025-10-27 10:37:12 [main] INFO  c.e.a.s.i.UsernameSuggestionMockServiceImpl -  Reading mock user data from file: null
2025-10-27 10:37:12 [main] WARN  c.e.a.s.i.UsernameSuggestionMockServiceImpl - No user found for QID: null
2025-10-27 10:37:12 [main] INFO  c.e.a.s.i.UsernameSuggestionMockServiceImpl - [MockService] Received username suggestion request.
2025-10-27 10:37:12 [main] INFO  c.e.a.s.i.UsernameSuggestionMockServiceImpl - Language selected: en
2025-10-27 10:37:12 [main] INFO  c.e.a.s.i.UsernameSuggestionMockServiceImpl - QID received: 12345XYZ
2025-10-27 10:37:12 [main] INFO  c.e.a.s.i.UsernameSuggestionMockServiceImpl -  Reading mock user data from file: null
2025-10-27 10:37:12 [main] DEBUG c.e.a.s.i.UsernameSuggestionMockServiceImpl - User Data for QID 12345XYZ → firstName=John, lastName=Doe, dateOfBirth=01-01-90
2025-10-27 10:37:12 [main] DEBUG c.e.a.s.i.UsernameSuggestionMockServiceImpl - Generating unique usernames based on base: John Doe
2025-10-27 10:37:12 [main] INFO  c.e.a.s.i.UsernameSuggestionMockServiceImpl -  Combined base username: JohnDoe0101
2025-10-27 10:37:12 [main] DEBUG c.e.a.s.i.UsernameSuggestionMockServiceImpl - 🔹 Candidate 'JohnDoe0101' | Exists in DB: false
2025-10-27 10:37:12 [main] DEBUG c.e.a.s.i.UsernameSuggestionMockServiceImpl -  Added candidate: JohnDoe0101
2025-10-27 10:37:12 [main] DEBUG c.e.a.s.i.UsernameSuggestionMockServiceImpl - 🔹 Candidate 'JohnDoe01011669' | Exists in DB: false
2025-10-27 10:37:12 [main] DEBUG c.e.a.s.i.UsernameSuggestionMockServiceImpl -  Added candidate: JohnDoe01011669
2025-10-27 10:37:12 [main] DEBUG c.e.a.s.i.UsernameSuggestionMockServiceImpl - 🔹 Candidate 'JohnDoe01011706' | Exists in DB: false
2025-10-27 10:37:12 [main] DEBUG c.e.a.s.i.UsernameSuggestionMockServiceImpl -  Added candidate: JohnDoe01011706
2025-10-27 10:37:12 [main] INFO  c.e.a.s.i.UsernameSuggestionMockServiceImpl - Final list of available usernames: [JohnDoe0101, JohnDoe01011669, JohnDoe01011706]
2025-10-27 10:37:12 [main] INFO  c.e.a.s.i.UsernameSuggestionMockServiceImpl - Generated 3 username candidates: [JohnDoe0101, JohnDoe01011669, JohnDoe01011706]
2025-10-27 10:37:12 [main] INFO  c.e.a.s.i.UsernameSuggestionMockServiceImpl - Retrieved 1 username validation rules from DB.
2025-10-27 10:37:12 [main] INFO  c.e.a.i.helper.UsernameValidator - Applying validation rules to 3 generated usernames...
2025-10-27 10:37:12 [main] DEBUG c.e.a.i.helper.UsernameValidator - Validating username: 'JohnDoe0101'
2025-10-27 10:37:12 [main] DEBUG c.e.a.i.helper.UsernameValidator - Rule 'length>=3' applied to 'JohnDoe0101': match=true
2025-10-27 10:37:12 [main] DEBUG c.e.a.i.helper.UsernameValidator - Validating username: 'JohnDoe01011669'
2025-10-27 10:37:12 [main] DEBUG c.e.a.i.helper.UsernameValidator - Rule 'length>=3' applied to 'JohnDoe01011669': match=true
2025-10-27 10:37:12 [main] DEBUG c.e.a.i.helper.UsernameValidator - Validating username: 'JohnDoe01011706'
2025-10-27 10:37:12 [main] DEBUG c.e.a.i.helper.UsernameValidator - Rule 'length>=3' applied to 'JohnDoe01011706': match=true
2025-10-27 10:37:12 [main] INFO  c.e.a.i.helper.UsernameValidator - Valid usernames after applying rules: [JohnDoe0101, JohnDoe01011669, JohnDoe01011706]
2025-10-27 10:37:12 [main] INFO  c.e.a.s.i.UsernameSuggestionMockServiceImpl - 3 valid usernames after applying rules.
2025-10-27 10:37:12 [main] INFO  c.e.a.s.i.UsernameSuggestionMockServiceImpl - Returning 3 valid username suggestions to client.
2025-10-27 10:37:12 [main] INFO  c.e.a.s.i.UsernameSuggestionMockServiceImpl - [MockService] Received username suggestion request.
2025-10-27 10:37:12 [main] INFO  c.e.a.s.i.UsernameSuggestionMockServiceImpl - Language selected: en
2025-10-27 10:37:12 [main] INFO  c.e.a.s.i.UsernameSuggestionMockServiceImpl - QID received: 12345XYZ
2025-10-27 10:37:12 [main] INFO  c.e.a.s.i.UsernameSuggestionMockServiceImpl -  Reading mock user data from file: null
2025-10-27 10:37:12 [main] DEBUG c.e.a.s.i.UsernameSuggestionMockServiceImpl - User Data for QID 12345XYZ → firstName=John, lastName=Doe, dateOfBirth=01-01-90
2025-10-27 10:37:12 [main] DEBUG c.e.a.s.i.UsernameSuggestionMockServiceImpl - Generating unique usernames based on base: John Doe
2025-10-27 10:37:12 [main] INFO  c.e.a.s.i.UsernameSuggestionMockServiceImpl -  Combined base username: JohnDoe0101
2025-10-27 10:37:12 [main] DEBUG c.e.a.s.i.UsernameSuggestionMockServiceImpl - 🔹 Candidate 'JohnDoe0101' | Exists in DB: false
2025-10-27 10:37:12 [main] DEBUG c.e.a.s.i.UsernameSuggestionMockServiceImpl -  Added candidate: JohnDoe0101
2025-10-27 10:37:12 [main] DEBUG c.e.a.s.i.UsernameSuggestionMockServiceImpl - 🔹 Candidate 'JohnDoe01011669' | Exists in DB: false
2025-10-27 10:37:12 [main] DEBUG c.e.a.s.i.UsernameSuggestionMockServiceImpl -  Added candidate: JohnDoe01011669
2025-10-27 10:37:12 [main] DEBUG c.e.a.s.i.UsernameSuggestionMockServiceImpl - 🔹 Candidate 'JohnDoe01011706' | Exists in DB: false
2025-10-27 10:37:12 [main] DEBUG c.e.a.s.i.UsernameSuggestionMockServiceImpl -  Added candidate: JohnDoe01011706
2025-10-27 10:37:12 [main] INFO  c.e.a.s.i.UsernameSuggestionMockServiceImpl - Final list of available usernames: [JohnDoe0101, JohnDoe01011669, JohnDoe01011706]
2025-10-27 10:37:12 [main] INFO  c.e.a.s.i.UsernameSuggestionMockServiceImpl - Generated 3 username candidates: [JohnDoe0101, JohnDoe01011669, JohnDoe01011706]
2025-10-27 10:37:12 [main] INFO  c.e.a.s.i.UsernameSuggestionMockServiceImpl - Retrieved 1 username validation rules from DB.
2025-10-27 10:37:12 [main] INFO  c.e.a.s.i.UsernameSuggestionMockServiceImpl - 5 valid usernames after applying rules.
2025-10-27 10:37:12 [main] INFO  c.e.a.s.i.UsernameSuggestionMockServiceImpl - Returning 5 valid username suggestions to client.
2025-10-27 10:37:12 [main] INFO  c.e.a.s.i.UsernameSuggestionMockServiceImpl - [MockService] Received username suggestion request.
2025-10-27 10:37:12 [main] INFO  c.e.a.s.i.UsernameSuggestionMockServiceImpl - Language selected: en
2025-10-27 10:37:12 [main] INFO  c.e.a.s.i.UsernameSuggestionMockServiceImpl - QID received: 12345XYZ
2025-10-27 10:37:12 [main] INFO  c.e.a.s.i.UsernameSuggestionMockServiceImpl -  Reading mock user data from file: null
2025-10-27 10:37:12 [main] DEBUG c.e.a.s.i.UsernameSuggestionMockServiceImpl - User Data for QID 12345XYZ → firstName=John, lastName=Doe, dateOfBirth=01-01-90
2025-10-27 10:37:12 [main] DEBUG c.e.a.s.i.UsernameSuggestionMockServiceImpl - Generating unique usernames based on base: John Doe
2025-10-27 10:37:12 [main] INFO  c.e.a.s.i.UsernameSuggestionMockServiceImpl -  Combined base username: JohnDoe0101
2025-10-27 10:37:12 [main] DEBUG c.e.a.s.i.UsernameSuggestionMockServiceImpl - 🔹 Candidate 'JohnDoe0101' | Exists in DB: true
2025-10-27 10:37:12 [main] DEBUG c.e.a.s.i.UsernameSuggestionMockServiceImpl - 🔹 Candidate 'JohnDoe01011669' | Exists in DB: true
2025-10-27 10:37:12 [main] DEBUG c.e.a.s.i.UsernameSuggestionMockServiceImpl - 🔹 Candidate 'JohnDoe01011706' | Exists in DB: true
2025-10-27 10:37:12 [main] DEBUG c.e.a.s.i.UsernameSuggestionMockServiceImpl - 🔹 Candidate 'JohnDoe01011743' | Exists in DB: true
2025-10-27 10:37:12 [main] DEBUG c.e.a.s.i.UsernameSuggestionMockServiceImpl - 🔹 Candidate 'JohnDoe01011780' | Exists in DB: true
2025-10-27 10:37:12 [main] DEBUG c.e.a.s.i.UsernameSuggestionMockServiceImpl - 🔹 Candidate 'JohnDoe01011817' | Exists in DB: true
2025-10-27 10:37:12 [main] DEBUG c.e.a.s.i.UsernameSuggestionMockServiceImpl - 🔹 Candidate 'JohnDoe01011854' | Exists in DB: true
2025-10-27 10:37:12 [main] DEBUG c.e.a.s.i.UsernameSuggestionMockServiceImpl - 🔹 Candidate 'JohnDoe01011891' | Exists in DB: true
2025-10-27 10:37:12 [main] DEBUG c.e.a.s.i.UsernameSuggestionMockServiceImpl - 🔹 Candidate 'JohnDoe01011928' | Exists in DB: true
2025-10-27 10:37:12 [main] DEBUG c.e.a.s.i.UsernameSuggestionMockServiceImpl - 🔹 Candidate 'JohnDoe01011965' | Exists in DB: true
2025-10-27 10:37:12 [main] DEBUG c.e.a.s.i.UsernameSuggestionMockServiceImpl - 🔹 Candidate 'JohnDoe01012002' | Exists in DB: true
2025-10-27 10:37:12 [main] DEBUG c.e.a.s.i.UsernameSuggestionMockServiceImpl - 🔹 Candidate 'JohnDoe01012039' | Exists in DB: true
2025-10-27 10:37:12 [main] DEBUG c.e.a.s.i.UsernameSuggestionMockServiceImpl - 🔹 Candidate 'JohnDoe01012076' | Exists in DB: true
2025-10-27 10:37:12 [main] DEBUG c.e.a.s.i.UsernameSuggestionMockServiceImpl - 🔹 Candidate 'JohnDoe01012113' | Exists in DB: true
2025-10-27 10:37:12 [main] DEBUG c.e.a.s.i.UsernameSuggestionMockServiceImpl - 🔹 Candidate 'JohnDoe01012150' | Exists in DB: true
2025-10-27 10:37:12 [main] DEBUG c.e.a.s.i.UsernameSuggestionMockServiceImpl - 🔹 Candidate 'JohnDoe01012187' | Exists in DB: true
2025-10-27 10:37:12 [main] DEBUG c.e.a.s.i.UsernameSuggestionMockServiceImpl - 🔹 Candidate 'JohnDoe01012224' | Exists in DB: true
2025-10-27 10:37:12 [main] DEBUG c.e.a.s.i.UsernameSuggestionMockServiceImpl - 🔹 Candidate 'JohnDoe01012261' | Exists in DB: true
2025-10-27 10:37:12 [main] DEBUG c.e.a.s.i.UsernameSuggestionMockServiceImpl - 🔹 Candidate 'JohnDoe01012298' | Exists in DB: true
2025-10-27 10:37:12 [main] DEBUG c.e.a.s.i.UsernameSuggestionMockServiceImpl - 🔹 Candidate 'JohnDoe01012335' | Exists in DB: true
2025-10-27 10:37:12 [main] INFO  c.e.a.s.i.UsernameSuggestionMockServiceImpl - Final list of available usernames: []
2025-10-27 10:37:12 [main] INFO  c.e.a.s.i.UsernameSuggestionMockServiceImpl - Generated 0 username candidates: []
2025-10-27 10:37:12 [main] INFO  c.e.a.s.i.UsernameSuggestionMockServiceImpl - Retrieved 1 username validation rules from DB.
2025-10-27 10:37:12 [main] INFO  c.e.a.s.i.UsernameSuggestionMockServiceImpl - 0 valid usernames after applying rules.
2025-10-27 10:37:12 [main] WARN  c.e.a.s.i.UsernameSuggestionMockServiceImpl - No valid usernames found as per rules.
2025-10-27 10:37:12 [main] INFO  c.e.a.s.i.UsernameSuggestionMockServiceImpl - [MockService] Received username suggestion request.
2025-10-27 10:37:12 [main] INFO  c.e.a.s.i.UsernameSuggestionMockServiceImpl - Language selected: en
2025-10-27 10:37:12 [main] INFO  c.e.a.s.i.UsernameSuggestionMockServiceImpl - QID received: 12345XYZ
2025-10-27 10:37:12 [main] INFO  c.e.a.s.i.UsernameSuggestionMockServiceImpl -  Reading mock user data from file: null
2025-10-27 10:37:12 [main] DEBUG c.e.a.s.i.UsernameSuggestionMockServiceImpl - User Data for QID 12345XYZ → firstName=A, lastName=B, dateOfBirth=01-01-90
2025-10-27 10:37:12 [main] DEBUG c.e.a.s.i.UsernameSuggestionMockServiceImpl - Generating unique usernames based on base: A B
2025-10-27 10:37:12 [main] INFO  c.e.a.s.i.UsernameSuggestionMockServiceImpl -  Combined base username: ab0101
2025-10-27 10:37:12 [main] DEBUG c.e.a.s.i.UsernameSuggestionMockServiceImpl - 🔹 Candidate 'ab0101' | Exists in DB: false
2025-10-27 10:37:12 [main] DEBUG c.e.a.s.i.UsernameSuggestionMockServiceImpl -  Added candidate: ab0101
2025-10-27 10:37:12 [main] DEBUG c.e.a.s.i.UsernameSuggestionMockServiceImpl - 🔹 Candidate 'ab01011669' | Exists in DB: false
2025-10-27 10:37:12 [main] DEBUG c.e.a.s.i.UsernameSuggestionMockServiceImpl -  Added candidate: ab01011669
2025-10-27 10:37:12 [main] DEBUG c.e.a.s.i.UsernameSuggestionMockServiceImpl - 🔹 Candidate 'ab01011706' | Exists in DB: false
2025-10-27 10:37:12 [main] DEBUG c.e.a.s.i.UsernameSuggestionMockServiceImpl -  Added candidate: ab01011706
2025-10-27 10:37:12 [main] INFO  c.e.a.s.i.UsernameSuggestionMockServiceImpl - Final list of available usernames: [ab0101, ab01011669, ab01011706]
2025-10-27 10:37:12 [main] INFO  c.e.a.s.i.UsernameSuggestionMockServiceImpl - Generated 3 username candidates: [ab0101, ab01011669, ab01011706]
2025-10-27 10:37:12 [main] INFO  c.e.a.s.i.UsernameSuggestionMockServiceImpl - Retrieved 1 username validation rules from DB.
2025-10-27 10:37:12 [main] INFO  c.e.a.s.i.UsernameSuggestionMockServiceImpl - 0 valid usernames after applying rules.
2025-10-27 10:37:12 [main] WARN  c.e.a.s.i.UsernameSuggestionMockServiceImpl - No valid usernames found as per rules.
2025-10-27 10:37:12 [main] INFO  c.e.a.s.i.UsernameSuggestionMockServiceImpl - [MockService] Received username suggestion request.
2025-10-27 10:37:12 [main] INFO  c.e.a.s.i.UsernameSuggestionMockServiceImpl - Language selected: en
2025-10-27 10:37:12 [main] INFO  c.e.a.s.i.UsernameSuggestionMockServiceImpl - QID received: 12345XYZ
2025-10-27 10:37:12 [main] INFO  c.e.a.s.i.UsernameSuggestionMockServiceImpl -  Reading mock user data from file: null
2025-10-27 10:37:12 [main] DEBUG c.e.a.s.i.UsernameSuggestionMockServiceImpl - User Data for QID 12345XYZ → firstName=A, lastName=B, dateOfBirth=01-01-90
2025-10-27 10:37:12 [main] DEBUG c.e.a.s.i.UsernameSuggestionMockServiceImpl - Generating unique usernames based on base: A B
2025-10-27 10:37:12 [main] INFO  c.e.a.s.i.UsernameSuggestionMockServiceImpl -  Combined base username: ab0101
2025-10-27 10:37:12 [main] DEBUG c.e.a.s.i.UsernameSuggestionMockServiceImpl - 🔹 Candidate 'ab0101' | Exists in DB: false
2025-10-27 10:37:12 [main] DEBUG c.e.a.s.i.UsernameSuggestionMockServiceImpl -  Added candidate: ab0101
2025-10-27 10:37:12 [main] DEBUG c.e.a.s.i.UsernameSuggestionMockServiceImpl - 🔹 Candidate 'ab01011669' | Exists in DB: false
2025-10-27 10:37:12 [main] DEBUG c.e.a.s.i.UsernameSuggestionMockServiceImpl -  Added candidate: ab01011669
2025-10-27 10:37:12 [main] DEBUG c.e.a.s.i.UsernameSuggestionMockServiceImpl - 🔹 Candidate 'ab01011706' | Exists in DB: false
2025-10-27 10:37:12 [main] DEBUG c.e.a.s.i.UsernameSuggestionMockServiceImpl -  Added candidate: ab01011706
2025-10-27 10:37:12 [main] INFO  c.e.a.s.i.UsernameSuggestionMockServiceImpl - Final list of available usernames: [ab0101, ab01011669, ab01011706]
2025-10-27 10:37:12 [main] INFO  c.e.a.s.i.UsernameSuggestionMockServiceImpl - Generated 3 username candidates: [ab0101, ab01011669, ab01011706]
2025-10-27 10:37:12 [main] INFO  c.e.a.s.i.UsernameSuggestionMockServiceImpl - Retrieved 1 username validation rules from DB.
2025-10-27 10:37:12 [main] INFO  c.e.a.i.helper.UsernameValidator - Applying validation rules to 3 generated usernames...
2025-10-27 10:37:12 [main] DEBUG c.e.a.i.helper.UsernameValidator - Validating username: 'ab0101'
2025-10-27 10:37:12 [main] DEBUG c.e.a.i.helper.UsernameValidator - Rule 'length>=3' applied to 'ab0101': match=true
2025-10-27 10:37:12 [main] DEBUG c.e.a.i.helper.UsernameValidator - Validating username: 'ab01011669'
2025-10-27 10:37:12 [main] DEBUG c.e.a.i.helper.UsernameValidator - Rule 'length>=3' applied to 'ab01011669': match=true
2025-10-27 10:37:12 [main] DEBUG c.e.a.i.helper.UsernameValidator - Validating username: 'ab01011706'
2025-10-27 10:37:12 [main] DEBUG c.e.a.i.helper.UsernameValidator - Rule 'length>=3' applied to 'ab01011706': match=true
2025-10-27 10:37:12 [main] INFO  c.e.a.i.helper.UsernameValidator - Valid usernames after applying rules: [ab0101, ab01011669, ab01011706]
2025-10-27 10:37:12 [main] INFO  c.e.a.s.i.UsernameSuggestionMockServiceImpl - 3 valid usernames after applying rules.
2025-10-27 10:37:12 [main] INFO  c.e.a.s.i.UsernameSuggestionMockServiceImpl - Returning 3 valid username suggestions to client.
2025-10-27 10:37:12 [main] INFO  c.e.a.s.i.UsernameSuggestionMockServiceImpl - [MockService] Received username suggestion request.
2025-10-27 10:37:12 [main] INFO  c.e.a.s.i.UsernameSuggestionMockServiceImpl - Language selected: en
2025-10-27 10:37:12 [main] INFO  c.e.a.s.i.UsernameSuggestionMockServiceImpl - QID received: 12345XYZ
2025-10-27 10:37:12 [main] INFO  c.e.a.s.i.UsernameSuggestionMockServiceImpl -  Reading mock user data from file: null
2025-10-27 10:37:12 [main] DEBUG c.e.a.s.i.UsernameSuggestionMockServiceImpl - User Data for QID 12345XYZ → firstName=John, lastName=Doe, dateOfBirth=01-01-00
2025-10-27 10:37:12 [main] DEBUG c.e.a.s.i.UsernameSuggestionMockServiceImpl - Generating unique usernames based on base: John Doe
2025-10-27 10:37:12 [main] INFO  c.e.a.s.i.UsernameSuggestionMockServiceImpl -  Combined base username: JohnDoe0101
2025-10-27 10:37:12 [main] DEBUG c.e.a.s.i.UsernameSuggestionMockServiceImpl - 🔹 Candidate 'JohnDoe0101' | Exists in DB: false
2025-10-27 10:37:12 [main] DEBUG c.e.a.s.i.UsernameSuggestionMockServiceImpl -  Added candidate: JohnDoe0101
2025-10-27 10:37:12 [main] DEBUG c.e.a.s.i.UsernameSuggestionMockServiceImpl - 🔹 Candidate 'JohnDoe01011669' | Exists in DB: false
2025-10-27 10:37:12 [main] DEBUG c.e.a.s.i.UsernameSuggestionMockServiceImpl -  Added candidate: JohnDoe01011669
2025-10-27 10:37:12 [main] DEBUG c.e.a.s.i.UsernameSuggestionMockServiceImpl - 🔹 Candidate 'JohnDoe01011706' | Exists in DB: false
2025-10-27 10:37:12 [main] DEBUG c.e.a.s.i.UsernameSuggestionMockServiceImpl -  Added candidate: JohnDoe01011706
2025-10-27 10:37:12 [main] INFO  c.e.a.s.i.UsernameSuggestionMockServiceImpl - Final list of available usernames: [JohnDoe0101, JohnDoe01011669, JohnDoe01011706]
2025-10-27 10:37:12 [main] INFO  c.e.a.s.i.UsernameSuggestionMockServiceImpl - Generated 3 username candidates: [JohnDoe0101, JohnDoe01011669, JohnDoe01011706]
2025-10-27 10:37:12 [main] INFO  c.e.a.s.i.UsernameSuggestionMockServiceImpl - Retrieved 1 username validation rules from DB.
2025-10-27 10:37:12 [main] INFO  c.e.a.i.helper.UsernameValidator - Applying validation rules to 3 generated usernames...
2025-10-27 10:37:12 [main] DEBUG c.e.a.i.helper.UsernameValidator - Validating username: 'JohnDoe0101'
2025-10-27 10:37:12 [main] DEBUG c.e.a.i.helper.UsernameValidator - Rule 'length>=3' applied to 'JohnDoe0101': match=true
2025-10-27 10:37:12 [main] DEBUG c.e.a.i.helper.UsernameValidator - Validating username: 'JohnDoe01011669'
2025-10-27 10:37:12 [main] DEBUG c.e.a.i.helper.UsernameValidator - Rule 'length>=3' applied to 'JohnDoe01011669': match=true
2025-10-27 10:37:12 [main] DEBUG c.e.a.i.helper.UsernameValidator - Validating username: 'JohnDoe01011706'
2025-10-27 10:37:12 [main] DEBUG c.e.a.i.helper.UsernameValidator - Rule 'length>=3' applied to 'JohnDoe01011706': match=true
2025-10-27 10:37:12 [main] INFO  c.e.a.i.helper.UsernameValidator - Valid usernames after applying rules: [JohnDoe0101, JohnDoe01011669, JohnDoe01011706]
2025-10-27 10:37:12 [main] INFO  c.e.a.s.i.UsernameSuggestionMockServiceImpl - 3 valid usernames after applying rules.
2025-10-27 10:37:12 [main] INFO  c.e.a.s.i.UsernameSuggestionMockServiceImpl - Returning 3 valid username suggestions to client.
2025-10-27 10:37:12 [main] INFO  c.e.a.s.i.UsernameSuggestionMockServiceImpl - [MockService] Received username suggestion request.
2025-10-27 10:37:12 [main] INFO  c.e.a.s.i.UsernameSuggestionMockServiceImpl - Language selected: en
2025-10-27 10:37:12 [main] INFO  c.e.a.s.i.UsernameSuggestionMockServiceImpl - QID received: 12345XYZ
2025-10-27 10:37:12 [main] INFO  c.e.a.s.i.UsernameSuggestionMockServiceImpl -  Reading mock user data from file: null
2025-10-27 10:37:12 [main] DEBUG c.e.a.s.i.UsernameSuggestionMockServiceImpl - User Data for QID 12345XYZ → firstName=John, lastName=Doe, dateOfBirth=01-01-90
2025-10-27 10:37:12 [main] DEBUG c.e.a.s.i.UsernameSuggestionMockServiceImpl - Generating unique usernames based on base: John Doe
2025-10-27 10:37:12 [main] INFO  c.e.a.s.i.UsernameSuggestionMockServiceImpl -  Combined base username: JohnDoe0101
2025-10-27 10:37:12 [main] DEBUG c.e.a.s.i.UsernameSuggestionMockServiceImpl - 🔹 Candidate 'JohnDoe0101' | Exists in DB: false
2025-10-27 10:37:12 [main] DEBUG c.e.a.s.i.UsernameSuggestionMockServiceImpl -  Added candidate: JohnDoe0101
2025-10-27 10:37:12 [main] DEBUG c.e.a.s.i.UsernameSuggestionMockServiceImpl - 🔹 Candidate 'JohnDoe01011669' | Exists in DB: false
2025-10-27 10:37:12 [main] DEBUG c.e.a.s.i.UsernameSuggestionMockServiceImpl -  Added candidate: JohnDoe01011669
2025-10-27 10:37:12 [main] DEBUG c.e.a.s.i.UsernameSuggestionMockServiceImpl - 🔹 Candidate 'JohnDoe01011706' | Exists in DB: false
2025-10-27 10:37:12 [main] DEBUG c.e.a.s.i.UsernameSuggestionMockServiceImpl -  Added candidate: JohnDoe01011706
2025-10-27 10:37:12 [main] INFO  c.e.a.s.i.UsernameSuggestionMockServiceImpl - Final list of available usernames: [JohnDoe0101, JohnDoe01011669, JohnDoe01011706]
2025-10-27 10:37:12 [main] INFO  c.e.a.s.i.UsernameSuggestionMockServiceImpl - Generated 3 username candidates: [JohnDoe0101, JohnDoe01011669, JohnDoe01011706]
2025-10-27 10:37:12 [main] INFO  c.e.a.s.i.UsernameSuggestionMockServiceImpl - Retrieved 1 username validation rules from DB.
2025-10-27 10:37:12 [main] INFO  c.e.a.s.i.UsernameSuggestionMockServiceImpl - 1 valid usernames after applying rules.
2025-10-27 10:37:12 [main] INFO  c.e.a.s.i.UsernameSuggestionMockServiceImpl - Returning 1 valid username suggestions to client.
2025-10-27 10:37:12 [main] INFO  c.e.a.s.i.UsernameSuggestionMockServiceImpl - [MockService] Received username suggestion request.
2025-10-27 10:37:12 [main] INFO  c.e.a.s.i.UsernameSuggestionMockServiceImpl - Language selected: en
2025-10-27 10:37:12 [main] INFO  c.e.a.s.i.UsernameSuggestionMockServiceImpl - QID received: 12345XYZ
2025-10-27 10:37:12 [main] INFO  c.e.a.s.i.UsernameSuggestionMockServiceImpl -  Reading mock user data from file: null
2025-10-27 10:37:12 [main] DEBUG c.e.a.s.i.UsernameSuggestionMockServiceImpl - User Data for QID 12345XYZ → firstName=John, lastName=Doe, dateOfBirth=invalid-date
2025-10-27 10:37:12 [main] DEBUG c.e.a.s.i.UsernameSuggestionMockServiceImpl - Generating unique usernames based on base: John Doe
2025-10-27 10:37:12 [main] INFO  c.e.a.s.i.UsernameSuggestionMockServiceImpl -  Combined base username: JohnDoeinvaliddate
2025-10-27 10:37:13 [main] DEBUG c.e.a.s.i.UsernameSuggestionMockServiceImpl - 🔹 Candidate 'JohnDoeinvaliddate' | Exists in DB: false
2025-10-27 10:37:13 [main] DEBUG c.e.a.s.i.UsernameSuggestionMockServiceImpl -  Added candidate: JohnDoeinvaliddate
2025-10-27 10:37:13 [main] DEBUG c.e.a.s.i.UsernameSuggestionMockServiceImpl - 🔹 Candidate 'JohnDoeinvaliddate1669' | Exists in DB: false
2025-10-27 10:37:13 [main] DEBUG c.e.a.s.i.UsernameSuggestionMockServiceImpl -  Added candidate: JohnDoeinvaliddate1669
2025-10-27 10:37:13 [main] DEBUG c.e.a.s.i.UsernameSuggestionMockServiceImpl - 🔹 Candidate 'JohnDoeinvaliddate1706' | Exists in DB: false
2025-10-27 10:37:13 [main] DEBUG c.e.a.s.i.UsernameSuggestionMockServiceImpl -  Added candidate: JohnDoeinvaliddate1706
2025-10-27 10:37:13 [main] INFO  c.e.a.s.i.UsernameSuggestionMockServiceImpl - Final list of available usernames: [JohnDoeinvaliddate, JohnDoeinvaliddate1669, JohnDoeinvaliddate1706]
2025-10-27 10:37:13 [main] INFO  c.e.a.s.i.UsernameSuggestionMockServiceImpl - Generated 3 username candidates: [JohnDoeinvaliddate, JohnDoeinvaliddate1669, JohnDoeinvaliddate1706]
2025-10-27 10:37:13 [main] INFO  c.e.a.s.i.UsernameSuggestionMockServiceImpl - Retrieved 1 username validation rules from DB.
2025-10-27 10:37:13 [main] INFO  c.e.a.i.helper.UsernameValidator - Applying validation rules to 3 generated usernames...
2025-10-27 10:37:13 [main] DEBUG c.e.a.i.helper.UsernameValidator - Validating username: 'JohnDoeinvaliddate'
2025-10-27 10:37:13 [main] DEBUG c.e.a.i.helper.UsernameValidator - Rule 'length>=3' applied to 'JohnDoeinvaliddate': match=true
2025-10-27 10:37:13 [main] DEBUG c.e.a.i.helper.UsernameValidator - Validating username: 'JohnDoeinvaliddate1669'
2025-10-27 10:37:13 [main] DEBUG c.e.a.i.helper.UsernameValidator - Rule 'length>=3' applied to 'JohnDoeinvaliddate1669': match=true
2025-10-27 10:37:13 [main] DEBUG c.e.a.i.helper.UsernameValidator - Validating username: 'JohnDoeinvaliddate1706'
2025-10-27 10:37:13 [main] DEBUG c.e.a.i.helper.UsernameValidator - Rule 'length>=3' applied to 'JohnDoeinvaliddate1706': match=true
2025-10-27 10:37:13 [main] INFO  c.e.a.i.helper.UsernameValidator - Valid usernames after applying rules: [JohnDoeinvaliddate, JohnDoeinvaliddate1669, JohnDoeinvaliddate1706]
2025-10-27 10:37:13 [main] INFO  c.e.a.s.i.UsernameSuggestionMockServiceImpl - 3 valid usernames after applying rules.
2025-10-27 10:37:13 [main] INFO  c.e.a.s.i.UsernameSuggestionMockServiceImpl - Returning 3 valid username suggestions to client.
2025-10-27 10:37:13 [main] INFO  c.e.a.s.i.UsernameSuggestionMockServiceImpl - [MockService] Received username suggestion request.
2025-10-27 10:37:13 [main] INFO  c.e.a.s.i.UsernameSuggestionMockServiceImpl - Language selected: en
2025-10-27 10:37:13 [main] INFO  c.e.a.s.i.UsernameSuggestionMockServiceImpl - QID received: 12345XYZ
2025-10-27 10:37:13 [main] INFO  c.e.a.s.i.UsernameSuggestionMockServiceImpl -  Reading mock user data from file: null
2025-10-27 10:37:13 [main] DEBUG c.e.a.s.i.UsernameSuggestionMockServiceImpl - User Data for QID 12345XYZ → firstName=user, lastName=, dateOfBirth=01-01-90
2025-10-27 10:37:13 [main] DEBUG c.e.a.s.i.UsernameSuggestionMockServiceImpl - Generating unique usernames based on base: user 
2025-10-27 10:37:13 [main] INFO  c.e.a.s.i.UsernameSuggestionMockServiceImpl -  Combined base username: user0101
2025-10-27 10:37:13 [main] DEBUG c.e.a.s.i.UsernameSuggestionMockServiceImpl - 🔹 Candidate 'user0101' | Exists in DB: false
2025-10-27 10:37:13 [main] DEBUG c.e.a.s.i.UsernameSuggestionMockServiceImpl -  Added candidate: user0101
2025-10-27 10:37:13 [main] DEBUG c.e.a.s.i.UsernameSuggestionMockServiceImpl - 🔹 Candidate 'user01011670' | Exists in DB: false
2025-10-27 10:37:13 [main] DEBUG c.e.a.s.i.UsernameSuggestionMockServiceImpl -  Added candidate: user01011670
2025-10-27 10:37:13 [main] DEBUG c.e.a.s.i.UsernameSuggestionMockServiceImpl - 🔹 Candidate 'user01011707' | Exists in DB: false
2025-10-27 10:37:13 [main] DEBUG c.e.a.s.i.UsernameSuggestionMockServiceImpl -  Added candidate: user01011707
2025-10-27 10:37:13 [main] INFO  c.e.a.s.i.UsernameSuggestionMockServiceImpl - Final list of available usernames: [user0101, user01011670, user01011707]
2025-10-27 10:37:13 [main] INFO  c.e.a.s.i.UsernameSuggestionMockServiceImpl - Generated 3 username candidates: [user0101, user01011670, user01011707]
2025-10-27 10:37:13 [main] INFO  c.e.a.s.i.UsernameSuggestionMockServiceImpl - Retrieved 1 username validation rules from DB.
2025-10-27 10:37:13 [main] INFO  c.e.a.i.helper.UsernameValidator - Applying validation rules to 3 generated usernames...
2025-10-27 10:37:13 [main] DEBUG c.e.a.i.helper.UsernameValidator - Validating username: 'user0101'
2025-10-27 10:37:13 [main] DEBUG c.e.a.i.helper.UsernameValidator - Rule 'length>=3' applied to 'user0101': match=true
2025-10-27 10:37:13 [main] DEBUG c.e.a.i.helper.UsernameValidator - Validating username: 'user01011670'
2025-10-27 10:37:13 [main] DEBUG c.e.a.i.helper.UsernameValidator - Rule 'length>=3' applied to 'user01011670': match=true
2025-10-27 10:37:13 [main] DEBUG c.e.a.i.helper.UsernameValidator - Validating username: 'user01011707'
2025-10-27 10:37:13 [main] DEBUG c.e.a.i.helper.UsernameValidator - Rule 'length>=3' applied to 'user01011707': match=true
2025-10-27 10:37:13 [main] INFO  c.e.a.i.helper.UsernameValidator - Valid usernames after applying rules: [user0101, user01011670, user01011707]
2025-10-27 10:37:13 [main] INFO  c.e.a.s.i.UsernameSuggestionMockServiceImpl - 3 valid usernames after applying rules.
2025-10-27 10:37:13 [main] INFO  c.e.a.s.i.UsernameSuggestionMockServiceImpl - Returning 3 valid username suggestions to client.
2025-10-27 10:37:13 [main] INFO  c.e.a.s.i.UsernameSuggestionMockServiceImpl - [MockService] Received username suggestion request.
2025-10-27 10:37:13 [main] INFO  c.e.a.s.i.UsernameSuggestionMockServiceImpl - Language selected: en
2025-10-27 10:37:13 [main] INFO  c.e.a.s.i.UsernameSuggestionMockServiceImpl - QID received: 12345XYZ
2025-10-27 10:37:13 [main] INFO  c.e.a.s.i.UsernameSuggestionMockServiceImpl -  Reading mock user data from file: null
2025-10-27 10:37:13 [main] DEBUG c.e.a.s.i.UsernameSuggestionMockServiceImpl - User Data for QID 12345XYZ → firstName=John, lastName=Doe, dateOfBirth=01-01-90
2025-10-27 10:37:13 [main] DEBUG c.e.a.s.i.UsernameSuggestionMockServiceImpl - Generating unique usernames based on base: John Doe
2025-10-27 10:37:13 [main] INFO  c.e.a.s.i.UsernameSuggestionMockServiceImpl -  Combined base username: JohnDoe0101
2025-10-27 10:37:13 [main] DEBUG c.e.a.s.i.UsernameSuggestionMockServiceImpl - 🔹 Candidate 'JohnDoe0101' | Exists in DB: false
2025-10-27 10:37:13 [main] DEBUG c.e.a.s.i.UsernameSuggestionMockServiceImpl -  Added candidate: JohnDoe0101
2025-10-27 10:37:13 [main] DEBUG c.e.a.s.i.UsernameSuggestionMockServiceImpl - 🔹 Candidate 'JohnDoe01011670' | Exists in DB: false
2025-10-27 10:37:13 [main] DEBUG c.e.a.s.i.UsernameSuggestionMockServiceImpl -  Added candidate: JohnDoe01011670
2025-10-27 10:37:13 [main] DEBUG c.e.a.s.i.UsernameSuggestionMockServiceImpl - 🔹 Candidate 'JohnDoe01011707' | Exists in DB: false
2025-10-27 10:37:13 [main] DEBUG c.e.a.s.i.UsernameSuggestionMockServiceImpl -  Added candidate: JohnDoe01011707
2025-10-27 10:37:13 [main] INFO  c.e.a.s.i.UsernameSuggestionMockServiceImpl - Final list of available usernames: [JohnDoe0101, JohnDoe01011670, JohnDoe01011707]
2025-10-27 10:37:13 [main] INFO  c.e.a.s.i.UsernameSuggestionMockServiceImpl - Generated 3 username candidates: [JohnDoe0101, JohnDoe01011670, JohnDoe01011707]
2025-10-27 10:37:13 [main] INFO  c.e.a.s.i.UsernameSuggestionMockServiceImpl - [MockService] Received username suggestion request.
2025-10-27 10:37:13 [main] INFO  c.e.a.s.i.UsernameSuggestionMockServiceImpl - Language selected: en
2025-10-27 10:37:13 [main] INFO  c.e.a.s.i.UsernameSuggestionMockServiceImpl - QID received: 12345XYZ
2025-10-27 10:37:13 [main] INFO  c.e.a.s.i.UsernameSuggestionMockServiceImpl -  Reading mock user data from file: null
2025-10-27 10:37:13 [main] WARN  c.e.a.s.i.UsernameSuggestionMockServiceImpl - No user found for QID: 12345XYZ
2025-10-27 10:37:13 [main] INFO  c.e.a.s.i.UsernameSuggestionMockServiceImpl - [MockService] Received username suggestion request.
2025-10-27 10:37:13 [main] INFO  c.e.a.s.i.UsernameSuggestionMockServiceImpl - Language selected: en
2025-10-27 10:37:13 [main] INFO  c.e.a.s.i.UsernameSuggestionMockServiceImpl - QID received: 12345XYZ
2025-10-27 10:37:13 [main] INFO  c.e.a.s.i.UsernameSuggestionMockServiceImpl -  Reading mock user data from file: null
2025-10-27 10:37:13 [main] DEBUG c.e.a.s.i.UsernameSuggestionMockServiceImpl - User Data for QID 12345XYZ → firstName=John, lastName=Doe, dateOfBirth=01-01-90
2025-10-27 10:37:13 [main] DEBUG c.e.a.s.i.UsernameSuggestionMockServiceImpl - Generating unique usernames based on base: John Doe
2025-10-27 10:37:13 [main] INFO  c.e.a.s.i.UsernameSuggestionMockServiceImpl -  Combined base username: JohnDoe0101
2025-10-27 10:37:13 [main] DEBUG c.e.a.s.i.UsernameSuggestionMockServiceImpl - 🔹 Candidate 'JohnDoe0101' | Exists in DB: false
2025-10-27 10:37:13 [main] DEBUG c.e.a.s.i.UsernameSuggestionMockServiceImpl -  Added candidate: JohnDoe0101
2025-10-27 10:37:13 [main] DEBUG c.e.a.s.i.UsernameSuggestionMockServiceImpl - 🔹 Candidate 'JohnDoe01011670' | Exists in DB: false
2025-10-27 10:37:13 [main] DEBUG c.e.a.s.i.UsernameSuggestionMockServiceImpl -  Added candidate: JohnDoe01011670
2025-10-27 10:37:13 [main] DEBUG c.e.a.s.i.UsernameSuggestionMockServiceImpl - 🔹 Candidate 'JohnDoe01011707' | Exists in DB: false
2025-10-27 10:37:13 [main] DEBUG c.e.a.s.i.UsernameSuggestionMockServiceImpl -  Added candidate: JohnDoe01011707
2025-10-27 10:37:13 [main] INFO  c.e.a.s.i.UsernameSuggestionMockServiceImpl - Final list of available usernames: [JohnDoe0101, JohnDoe01011670, JohnDoe01011707]
2025-10-27 10:37:13 [main] INFO  c.e.a.s.i.UsernameSuggestionMockServiceImpl - Generated 3 username candidates: [JohnDoe0101, JohnDoe01011670, JohnDoe01011707]
2025-10-27 10:37:13 [main] INFO  c.e.a.s.i.UsernameSuggestionMockServiceImpl - Retrieved 1 username validation rules from DB.
2025-10-27 10:37:13 [main] INFO  c.e.a.i.helper.UsernameValidator - Applying validation rules to 3 generated usernames...
2025-10-27 10:37:13 [main] DEBUG c.e.a.i.helper.UsernameValidator - Validating username: 'JohnDoe0101'
2025-10-27 10:37:13 [main] DEBUG c.e.a.i.helper.UsernameValidator - Rule 'length>=3' applied to 'JohnDoe0101': match=true
2025-10-27 10:37:13 [main] DEBUG c.e.a.i.helper.UsernameValidator - Validating username: 'JohnDoe01011670'
2025-10-27 10:37:13 [main] DEBUG c.e.a.i.helper.UsernameValidator - Rule 'length>=3' applied to 'JohnDoe01011670': match=true
2025-10-27 10:37:13 [main] DEBUG c.e.a.i.helper.UsernameValidator - Validating username: 'JohnDoe01011707'
2025-10-27 10:37:13 [main] DEBUG c.e.a.i.helper.UsernameValidator - Rule 'length>=3' applied to 'JohnDoe01011707': match=true
2025-10-27 10:37:13 [main] INFO  c.e.a.i.helper.UsernameValidator - Valid usernames after applying rules: [JohnDoe0101, JohnDoe01011670, JohnDoe01011707]
2025-10-27 10:37:13 [main] INFO  c.e.a.s.i.UsernameSuggestionMockServiceImpl - 3 valid usernames after applying rules.
2025-10-27 10:37:13 [main] INFO  c.e.a.s.i.UsernameSuggestionMockServiceImpl - Returning 3 valid username suggestions to client.
2025-10-27 10:37:13 [SpringApplicationShutdownHook] INFO  o.s.o.j.LocalContainerEntityManagerFactoryBean - Closing JPA EntityManagerFactory for persistence unit 'default'
2025-10-27 10:37:13 [SpringApplicationShutdownHook] INFO  com.zaxxer.hikari.HikariDataSource - HikariPool-1 - Shutdown initiated...
2025-10-27 10:37:14 [SpringApplicationShutdownHook] INFO  com.zaxxer.hikari.HikariDataSource - HikariPool-1 - Shutdown completed.
2025-10-27 10:37:29 [main] INFO  c.e.a.c.UserNameSuggestionControllerTest - Starting UserNameSuggestionControllerTest using Java 21.0.5 with PID 7444 (started by bhavya in C:\intelliJ workspace\Dukhan Bank ODS\api-service)
2025-10-27 10:37:29 [main] DEBUG c.e.a.c.UserNameSuggestionControllerTest - Running with Spring Boot v3.5.4, Spring v6.2.9
2025-10-27 10:37:29 [main] INFO  c.e.a.c.UserNameSuggestionControllerTest - No active profile set, falling back to 1 default profile: "default"
2025-10-27 10:37:32 [main] INFO  o.s.d.r.c.RepositoryConfigurationDelegate - Bootstrapping Spring Data JPA repositories in DEFAULT mode.
2025-10-27 10:37:32 [main] INFO  o.s.d.r.c.RepositoryConfigurationDelegate - Finished Spring Data repository scanning in 591 ms. Found 8 JPA repository interfaces.
2025-10-27 10:37:37 [main] INFO  o.h.jpa.internal.util.LogHelper - HHH000204: Processing PersistenceUnitInfo [name: default]
2025-10-27 10:37:37 [main] INFO  org.hibernate.Version - HHH000412: Hibernate ORM core version 6.6.22.Final
2025-10-27 10:37:37 [main] INFO  o.h.c.i.RegionFactoryInitiator - HHH000026: Second-level cache disabled
2025-10-27 10:37:37 [main] INFO  o.s.o.j.p.SpringPersistenceUnitInfo - No LoadTimeWeaver setup: ignoring JPA class transformer
2025-10-27 10:37:37 [main] INFO  com.zaxxer.hikari.HikariDataSource - HikariPool-1 - Starting...
2025-10-27 10:37:40 [main] INFO  com.zaxxer.hikari.pool.HikariPool - HikariPool-1 - Added connection org.postgresql.jdbc.PgConnection@6662974a
2025-10-27 10:37:40 [main] INFO  com.zaxxer.hikari.HikariDataSource - HikariPool-1 - Start completed.
2025-10-27 10:37:40 [main] WARN  org.hibernate.orm.deprecation - HHH90000025: PostgreSQLDialect does not need to be specified explicitly using 'hibernate.dialect' (remove the property setting and it will be selected by default)
2025-10-27 10:37:41 [main] INFO  o.hibernate.orm.connections.pooling - HHH10001005: Database info:
	Database JDBC URL [Connecting through datasource 'HikariDataSource (HikariPool-1)']
	Database driver: undefined/unknown
	Database version: 16.10
	Autocommit mode: undefined/unknown
	Isolation level: undefined/unknown
	Minimum pool size: undefined/unknown
	Maximum pool size: undefined/unknown
2025-10-27 10:37:42 [main] INFO  o.h.e.t.j.p.i.JtaPlatformInitiator - HHH000489: No JTA platform available (set 'hibernate.transaction.jta.platform' to enable JTA platform integration)
2025-10-27 10:37:43 [main] INFO  o.s.o.j.LocalContainerEntityManagerFactoryBean - Initialized JPA EntityManagerFactory for persistence unit 'default'
2025-10-27 10:37:44 [main] INFO  o.s.d.j.r.query.QueryEnhancerFactory - Hibernate is in classpath; If applicable, HQL parser will be used.
2025-10-27 10:37:46 [main] WARN  o.s.b.a.o.j.JpaBaseConfiguration$JpaWebConfiguration - spring.jpa.open-in-view is enabled by default. Therefore, database queries may be performed during view rendering. Explicitly configure spring.jpa.open-in-view to disable this warning
2025-10-27 10:37:47 [main] INFO  c.e.a.c.UserNameSuggestionControllerTest - Started UserNameSuggestionControllerTest in 19.16 seconds (process running for 21.308)
2025-10-27 10:37:47 [main] INFO  o.s.b.t.m.w.SpringBootMockServletContext - Initializing Spring TestDispatcherServlet ''
2025-10-27 10:37:47 [main] INFO  o.s.t.w.s.TestDispatcherServlet - Initializing Servlet ''
2025-10-27 10:37:48 [main] INFO  o.s.t.w.s.TestDispatcherServlet - Completed initialization in 4 ms
2025-10-27 10:37:48 [main] INFO  o.s.b.t.m.w.SpringBootMockServletContext - Initializing Spring TestDispatcherServlet ''
2025-10-27 10:37:48 [main] INFO  o.s.t.w.s.TestDispatcherServlet - Initializing Servlet ''
2025-10-27 10:37:48 [main] INFO  o.s.t.w.s.TestDispatcherServlet - Completed initialization in 2 ms
2025-10-27 10:37:48 [main] INFO  o.s.b.t.m.w.SpringBootMockServletContext - Initializing Spring TestDispatcherServlet ''
2025-10-27 10:37:48 [main] INFO  o.s.t.w.s.TestDispatcherServlet - Initializing Servlet ''
2025-10-27 10:37:48 [main] INFO  o.s.t.w.s.TestDispatcherServlet - Completed initialization in 0 ms
2025-10-27 10:37:48 [main] INFO  o.s.b.t.m.w.SpringBootMockServletContext - Initializing Spring TestDispatcherServlet ''
2025-10-27 10:37:48 [main] INFO  o.s.t.w.s.TestDispatcherServlet - Initializing Servlet ''
2025-10-27 10:37:48 [main] INFO  o.s.t.w.s.TestDispatcherServlet - Completed initialization in 0 ms
2025-10-27 10:37:48 [main] INFO  o.s.b.t.m.w.SpringBootMockServletContext - Initializing Spring TestDispatcherServlet ''
2025-10-27 10:37:48 [main] INFO  o.s.t.w.s.TestDispatcherServlet - Initializing Servlet ''
2025-10-27 10:37:48 [main] INFO  o.s.t.w.s.TestDispatcherServlet - Completed initialization in 1 ms
2025-10-27 10:37:48 [main] INFO  o.s.b.t.m.w.SpringBootMockServletContext - Initializing Spring TestDispatcherServlet ''
2025-10-27 10:37:48 [main] INFO  o.s.t.w.s.TestDispatcherServlet - Initializing Servlet ''
2025-10-27 10:37:48 [main] INFO  o.s.t.w.s.TestDispatcherServlet - Completed initialization in 0 ms
2025-10-27 10:37:48 [main] INFO  o.s.b.t.m.w.SpringBootMockServletContext - Initializing Spring TestDispatcherServlet ''
2025-10-27 10:37:48 [main] INFO  o.s.t.w.s.TestDispatcherServlet - Initializing Servlet ''
2025-10-27 10:37:48 [main] INFO  o.s.t.w.s.TestDispatcherServlet - Completed initialization in 0 ms
2025-10-27 10:37:48 [main] INFO  o.s.b.t.m.w.SpringBootMockServletContext - Initializing Spring TestDispatcherServlet ''
2025-10-27 10:37:48 [main] INFO  o.s.t.w.s.TestDispatcherServlet - Initializing Servlet ''
2025-10-27 10:37:48 [main] INFO  o.s.t.w.s.TestDispatcherServlet - Completed initialization in 0 ms
2025-10-27 10:37:48 [main] INFO  o.s.b.t.m.w.SpringBootMockServletContext - Initializing Spring TestDispatcherServlet ''
2025-10-27 10:37:48 [main] INFO  o.s.t.w.s.TestDispatcherServlet - Initializing Servlet ''
2025-10-27 10:37:48 [main] INFO  o.s.t.w.s.TestDispatcherServlet - Completed initialization in 0 ms
2025-10-27 10:37:48 [main] INFO  o.s.b.t.m.w.SpringBootMockServletContext - Initializing Spring TestDispatcherServlet ''
2025-10-27 10:37:48 [main] INFO  o.s.t.w.s.TestDispatcherServlet - Initializing Servlet ''
2025-10-27 10:37:48 [main] INFO  o.s.t.w.s.TestDispatcherServlet - Completed initialization in 0 ms
2025-10-27 10:37:48 [main] INFO  o.s.b.t.m.w.SpringBootMockServletContext - Initializing Spring TestDispatcherServlet ''
2025-10-27 10:37:48 [main] INFO  o.s.t.w.s.TestDispatcherServlet - Initializing Servlet ''
2025-10-27 10:37:48 [main] INFO  o.s.t.w.s.TestDispatcherServlet - Completed initialization in 0 ms
2025-10-27 10:37:48 [main] INFO  o.s.b.t.m.w.SpringBootMockServletContext - Initializing Spring TestDispatcherServlet ''
2025-10-27 10:37:48 [main] INFO  o.s.t.w.s.TestDispatcherServlet - Initializing Servlet ''
2025-10-27 10:37:48 [main] INFO  o.s.t.w.s.TestDispatcherServlet - Completed initialization in 0 ms
2025-10-27 10:37:48 [main] INFO  o.s.b.t.m.w.SpringBootMockServletContext - Initializing Spring TestDispatcherServlet ''
2025-10-27 10:37:48 [main] INFO  o.s.t.w.s.TestDispatcherServlet - Initializing Servlet ''
2025-10-27 10:37:48 [main] INFO  o.s.t.w.s.TestDispatcherServlet - Completed initialization in 0 ms
2025-10-27 10:37:48 [main] INFO  o.s.b.t.m.w.SpringBootMockServletContext - Initializing Spring TestDispatcherServlet ''
2025-10-27 10:37:48 [main] INFO  o.s.t.w.s.TestDispatcherServlet - Initializing Servlet ''
2025-10-27 10:37:48 [main] INFO  o.s.t.w.s.TestDispatcherServlet - Completed initialization in 0 ms
2025-10-27 10:37:48 [main] INFO  o.s.b.t.m.w.SpringBootMockServletContext - Initializing Spring TestDispatcherServlet ''
2025-10-27 10:37:48 [main] INFO  o.s.t.w.s.TestDispatcherServlet - Initializing Servlet ''
2025-10-27 10:37:48 [main] INFO  o.s.t.w.s.TestDispatcherServlet - Completed initialization in 0 ms
2025-10-27 10:37:49 [main] INFO  c.e.a.s.i.UsernameSuggestionMockServiceImpl - [MockService] Received username suggestion request.
2025-10-27 10:37:49 [main] INFO  c.e.a.s.i.UsernameSuggestionMockServiceImpl - Language selected: en
2025-10-27 10:37:49 [main] INFO  c.e.a.s.i.UsernameSuggestionMockServiceImpl - QID received: 12345XYZ
2025-10-27 10:37:49 [main] INFO  c.e.a.s.i.UsernameSuggestionMockServiceImpl -  Reading mock user data from file: null
2025-10-27 10:37:49 [main] DEBUG c.e.a.s.i.UsernameSuggestionMockServiceImpl - User Data for QID 12345XYZ → firstName=John, lastName=Doe, dateOfBirth=01-01-90
2025-10-27 10:37:49 [main] DEBUG c.e.a.s.i.UsernameSuggestionMockServiceImpl - Generating unique usernames based on base: John Doe
2025-10-27 10:37:49 [main] INFO  c.e.a.s.i.UsernameSuggestionMockServiceImpl -  Combined base username: JohnDoe0101
2025-10-27 10:37:49 [main] DEBUG c.e.a.s.i.UsernameSuggestionMockServiceImpl - 🔹 Candidate 'JohnDoe0101' | Exists in DB: false
2025-10-27 10:37:49 [main] DEBUG c.e.a.s.i.UsernameSuggestionMockServiceImpl -  Added candidate: JohnDoe0101
2025-10-27 10:37:49 [main] DEBUG c.e.a.s.i.UsernameSuggestionMockServiceImpl - 🔹 Candidate 'JohnDoe01011706' | Exists in DB: false
2025-10-27 10:37:49 [main] DEBUG c.e.a.s.i.UsernameSuggestionMockServiceImpl -  Added candidate: JohnDoe01011706
2025-10-27 10:37:49 [main] DEBUG c.e.a.s.i.UsernameSuggestionMockServiceImpl - 🔹 Candidate 'JohnDoe01011743' | Exists in DB: false
2025-10-27 10:37:49 [main] DEBUG c.e.a.s.i.UsernameSuggestionMockServiceImpl -  Added candidate: JohnDoe01011743
2025-10-27 10:37:49 [main] INFO  c.e.a.s.i.UsernameSuggestionMockServiceImpl - Final list of available usernames: [JohnDoe0101, JohnDoe01011706, JohnDoe01011743]
2025-10-27 10:37:49 [main] INFO  c.e.a.s.i.UsernameSuggestionMockServiceImpl - Generated 3 username candidates: [JohnDoe0101, JohnDoe01011706, JohnDoe01011743]
2025-10-27 10:37:49 [main] INFO  c.e.a.s.i.UsernameSuggestionMockServiceImpl - Retrieved 0 username validation rules from DB.
2025-10-27 10:37:49 [main] INFO  c.e.a.s.i.UsernameSuggestionMockServiceImpl - 3 valid usernames after applying rules.
2025-10-27 10:37:49 [main] INFO  c.e.a.s.i.UsernameSuggestionMockServiceImpl - Returning 3 valid username suggestions to client.
2025-10-27 10:37:49 [main] INFO  c.e.a.s.i.UsernameSuggestionMockServiceImpl - [MockService] Received username suggestion request.
2025-10-27 10:37:49 [main] INFO  c.e.a.s.i.UsernameSuggestionMockServiceImpl - Language selected: en
2025-10-27 10:37:49 [main] INFO  c.e.a.s.i.UsernameSuggestionMockServiceImpl - QID received: null
2025-10-27 10:37:49 [main] INFO  c.e.a.s.i.UsernameSuggestionMockServiceImpl -  Reading mock user data from file: null
2025-10-27 10:37:49 [main] WARN  c.e.a.s.i.UsernameSuggestionMockServiceImpl - No user found for QID: null
2025-10-27 10:37:49 [main] INFO  c.e.a.s.i.UsernameSuggestionMockServiceImpl - [MockService] Received username suggestion request.
2025-10-27 10:37:49 [main] INFO  c.e.a.s.i.UsernameSuggestionMockServiceImpl - Language selected: en
2025-10-27 10:37:49 [main] INFO  c.e.a.s.i.UsernameSuggestionMockServiceImpl - QID received: 12345XYZ
2025-10-27 10:37:49 [main] INFO  c.e.a.s.i.UsernameSuggestionMockServiceImpl -  Reading mock user data from file: null
2025-10-27 10:37:49 [main] DEBUG c.e.a.s.i.UsernameSuggestionMockServiceImpl - User Data for QID 12345XYZ → firstName=John, lastName=Doe, dateOfBirth=01-01-90
2025-10-27 10:37:49 [main] DEBUG c.e.a.s.i.UsernameSuggestionMockServiceImpl - Generating unique usernames based on base: John Doe
2025-10-27 10:37:49 [main] INFO  c.e.a.s.i.UsernameSuggestionMockServiceImpl -  Combined base username: JohnDoe0101
2025-10-27 10:37:49 [main] INFO  c.e.a.s.i.UsernameSuggestionMockServiceImpl - [MockService] Received username suggestion request.
2025-10-27 10:37:49 [main] INFO  c.e.a.s.i.UsernameSuggestionMockServiceImpl - Language selected: en
2025-10-27 10:37:49 [main] INFO  c.e.a.s.i.UsernameSuggestionMockServiceImpl - QID received: 12345XYZ
2025-10-27 10:37:49 [main] INFO  c.e.a.s.i.UsernameSuggestionMockServiceImpl -  Reading mock user data from file: null
2025-10-27 10:37:49 [main] WARN  c.e.a.s.i.UsernameSuggestionMockServiceImpl - ⚠️ No mock users found in JSON file: null
2025-10-27 10:37:49 [main] INFO  c.e.a.s.i.UsernameSuggestionMockServiceImpl - [MockService] Received username suggestion request.
2025-10-27 10:37:49 [main] INFO  c.e.a.s.i.UsernameSuggestionMockServiceImpl - Language selected: en
2025-10-27 10:37:49 [main] INFO  c.e.a.s.i.UsernameSuggestionMockServiceImpl - QID received: 12345XYZ
2025-10-27 10:37:49 [main] INFO  c.e.a.s.i.UsernameSuggestionMockServiceImpl -  Reading mock user data from file: null
2025-10-27 10:37:49 [main] DEBUG c.e.a.s.i.UsernameSuggestionMockServiceImpl - User Data for QID 12345XYZ → firstName=John@#$%, lastName=Doe-123, dateOfBirth=01-01-90
2025-10-27 10:37:49 [main] DEBUG c.e.a.s.i.UsernameSuggestionMockServiceImpl - Generating unique usernames based on base: John@#$% Doe-123
2025-10-27 10:37:49 [main] INFO  c.e.a.s.i.UsernameSuggestionMockServiceImpl -  Combined base username: JohnDoe0101
2025-10-27 10:37:49 [main] DEBUG c.e.a.s.i.UsernameSuggestionMockServiceImpl - 🔹 Candidate 'JohnDoe0101' | Exists in DB: false
2025-10-27 10:37:49 [main] DEBUG c.e.a.s.i.UsernameSuggestionMockServiceImpl -  Added candidate: JohnDoe0101
2025-10-27 10:37:49 [main] DEBUG c.e.a.s.i.UsernameSuggestionMockServiceImpl - 🔹 Candidate 'JohnDoe01011706' | Exists in DB: false
2025-10-27 10:37:49 [main] DEBUG c.e.a.s.i.UsernameSuggestionMockServiceImpl -  Added candidate: JohnDoe01011706
2025-10-27 10:37:49 [main] DEBUG c.e.a.s.i.UsernameSuggestionMockServiceImpl - 🔹 Candidate 'JohnDoe01011743' | Exists in DB: false
2025-10-27 10:37:49 [main] DEBUG c.e.a.s.i.UsernameSuggestionMockServiceImpl -  Added candidate: JohnDoe01011743
2025-10-27 10:37:49 [main] INFO  c.e.a.s.i.UsernameSuggestionMockServiceImpl - Final list of available usernames: [JohnDoe0101, JohnDoe01011706, JohnDoe01011743]
2025-10-27 10:37:49 [main] INFO  c.e.a.s.i.UsernameSuggestionMockServiceImpl - Generated 3 username candidates: [JohnDoe0101, JohnDoe01011706, JohnDoe01011743]
2025-10-27 10:37:49 [main] INFO  c.e.a.s.i.UsernameSuggestionMockServiceImpl - Retrieved 1 username validation rules from DB.
2025-10-27 10:37:49 [main] INFO  c.e.a.i.helper.UsernameValidator - Applying validation rules to 3 generated usernames...
2025-10-27 10:37:49 [main] DEBUG c.e.a.i.helper.UsernameValidator - Validating username: 'JohnDoe0101'
2025-10-27 10:37:49 [main] DEBUG c.e.a.i.helper.UsernameValidator - Rule 'length>=3' applied to 'JohnDoe0101': match=true
2025-10-27 10:37:49 [main] DEBUG c.e.a.i.helper.UsernameValidator - Validating username: 'JohnDoe01011706'
2025-10-27 10:37:49 [main] DEBUG c.e.a.i.helper.UsernameValidator - Rule 'length>=3' applied to 'JohnDoe01011706': match=true
2025-10-27 10:37:49 [main] DEBUG c.e.a.i.helper.UsernameValidator - Validating username: 'JohnDoe01011743'
2025-10-27 10:37:49 [main] DEBUG c.e.a.i.helper.UsernameValidator - Rule 'length>=3' applied to 'JohnDoe01011743': match=true
2025-10-27 10:37:49 [main] INFO  c.e.a.i.helper.UsernameValidator - Valid usernames after applying rules: [JohnDoe0101, JohnDoe01011706, JohnDoe01011743]
2025-10-27 10:37:49 [main] INFO  c.e.a.s.i.UsernameSuggestionMockServiceImpl - 3 valid usernames after applying rules.
2025-10-27 10:37:49 [main] INFO  c.e.a.s.i.UsernameSuggestionMockServiceImpl - Returning 3 valid username suggestions to client.
2025-10-27 10:37:49 [main] INFO  c.e.a.s.i.UsernameSuggestionMockServiceImpl - [MockService] Received username suggestion request.
2025-10-27 10:37:49 [main] INFO  c.e.a.s.i.UsernameSuggestionMockServiceImpl - Language selected: en
2025-10-27 10:37:49 [main] INFO  c.e.a.s.i.UsernameSuggestionMockServiceImpl - QID received: 12345XYZ
2025-10-27 10:37:49 [main] INFO  c.e.a.s.i.UsernameSuggestionMockServiceImpl -  Reading mock user data from file: null
2025-10-27 10:37:49 [main] DEBUG c.e.a.s.i.UsernameSuggestionMockServiceImpl - User Data for QID 12345XYZ → firstName=John, lastName=Doe, dateOfBirth=01-01-90
2025-10-27 10:37:49 [main] DEBUG c.e.a.s.i.UsernameSuggestionMockServiceImpl - Generating unique usernames based on base: John Doe
2025-10-27 10:37:49 [main] INFO  c.e.a.s.i.UsernameSuggestionMockServiceImpl -  Combined base username: JohnDoe0101
2025-10-27 10:37:49 [main] DEBUG c.e.a.s.i.UsernameSuggestionMockServiceImpl - 🔹 Candidate 'JohnDoe0101' | Exists in DB: false
2025-10-27 10:37:49 [main] DEBUG c.e.a.s.i.UsernameSuggestionMockServiceImpl -  Added candidate: JohnDoe0101
2025-10-27 10:37:49 [main] DEBUG c.e.a.s.i.UsernameSuggestionMockServiceImpl - 🔹 Candidate 'JohnDoe01011706' | Exists in DB: false
2025-10-27 10:37:49 [main] DEBUG c.e.a.s.i.UsernameSuggestionMockServiceImpl -  Added candidate: JohnDoe01011706
2025-10-27 10:37:49 [main] DEBUG c.e.a.s.i.UsernameSuggestionMockServiceImpl - 🔹 Candidate 'JohnDoe01011743' | Exists in DB: false
2025-10-27 10:37:49 [main] DEBUG c.e.a.s.i.UsernameSuggestionMockServiceImpl -  Added candidate: JohnDoe01011743
2025-10-27 10:37:49 [main] INFO  c.e.a.s.i.UsernameSuggestionMockServiceImpl - Final list of available usernames: [JohnDoe0101, JohnDoe01011706, JohnDoe01011743]
2025-10-27 10:37:49 [main] INFO  c.e.a.s.i.UsernameSuggestionMockServiceImpl - Generated 3 username candidates: [JohnDoe0101, JohnDoe01011706, JohnDoe01011743]
2025-10-27 10:37:49 [main] INFO  c.e.a.s.i.UsernameSuggestionMockServiceImpl - Retrieved 1 username validation rules from DB.
2025-10-27 10:37:49 [main] INFO  c.e.a.s.i.UsernameSuggestionMockServiceImpl - 2 valid usernames after applying rules.
2025-10-27 10:37:49 [main] INFO  c.e.a.s.i.UsernameSuggestionMockServiceImpl - Returning 2 valid username suggestions to client.
2025-10-27 10:37:49 [main] INFO  c.e.a.s.i.UsernameSuggestionMockServiceImpl - [MockService] Received username suggestion request.
2025-10-27 10:37:49 [main] INFO  c.e.a.s.i.UsernameSuggestionMockServiceImpl - Language selected: en
2025-10-27 10:37:49 [main] INFO  c.e.a.s.i.UsernameSuggestionMockServiceImpl - QID received: 
2025-10-27 10:37:49 [main] INFO  c.e.a.s.i.UsernameSuggestionMockServiceImpl -  Reading mock user data from file: null
2025-10-27 10:37:49 [main] WARN  c.e.a.s.i.UsernameSuggestionMockServiceImpl - No user found for QID: 
2025-10-27 10:37:49 [main] INFO  c.e.a.s.i.UsernameSuggestionMockServiceImpl - [MockService] Received username suggestion request.
2025-10-27 10:37:49 [main] INFO  c.e.a.s.i.UsernameSuggestionMockServiceImpl - Language selected: en
2025-10-27 10:37:49 [main] INFO  c.e.a.s.i.UsernameSuggestionMockServiceImpl - QID received: 12345XYZ
2025-10-27 10:37:49 [main] ERROR c.e.a.s.i.UsernameSuggestionMockServiceImpl -  Failed to read users.json: IO Error
java.lang.RuntimeException: IO Error
	at com.example.api.service.impl.UsernameSuggestionMockServiceImpl.readUsersFromJson(UsernameSuggestionMockServiceImpl.java:121)
	at com.example.api.service.impl.UsernameSuggestionMockServiceImpl.generateUsernames(UsernameSuggestionMockServiceImpl.java:51)
	at com.example.api.service.UsernameSuggestionMockServiceImplTest.testGenerateUsernames_ExceptionReadingJson(UsernameSuggestionMockServiceImplTest.java:145)
	at java.base/jdk.internal.reflect.DirectMethodHandleAccessor.invoke(DirectMethodHandleAccessor.java:103)
	at java.base/java.lang.reflect.Method.invoke(Method.java:580)
	at org.junit.platform.commons.util.ReflectionUtils.invokeMethod(ReflectionUtils.java:775)
	at org.junit.platform.commons.support.ReflectionSupport.invokeMethod(ReflectionSupport.java:479)
	at org.junit.jupiter.engine.execution.MethodInvocation.proceed(MethodInvocation.java:60)
	at org.junit.jupiter.engine.execution.InvocationInterceptorChain$ValidatingInvocation.proceed(InvocationInterceptorChain.java:131)
	at org.junit.jupiter.engine.extension.TimeoutExtension.intercept(TimeoutExtension.java:161)
	at org.junit.jupiter.engine.extension.TimeoutExtension.interceptTestableMethod(TimeoutExtension.java:152)
	at org.junit.jupiter.engine.extension.TimeoutExtension.interceptTestMethod(TimeoutExtension.java:91)
	at org.junit.jupiter.engine.execution.InterceptingExecutableInvoker$ReflectiveInterceptorCall.lambda$ofVoidMethod$0(InterceptingExecutableInvoker.java:112)
	at org.junit.jupiter.engine.execution.InterceptingExecutableInvoker.lambda$invoke$0(InterceptingExecutableInvoker.java:94)
	at org.junit.jupiter.engine.execution.InvocationInterceptorChain$InterceptedInvocation.proceed(InvocationInterceptorChain.java:106)
	at org.junit.jupiter.engine.execution.InvocationInterceptorChain.proceed(InvocationInterceptorChain.java:64)
	at org.junit.jupiter.engine.execution.InvocationInterceptorChain.chainAndInvoke(InvocationInterceptorChain.java:45)
	at org.junit.jupiter.engine.execution.InvocationInterceptorChain.invoke(InvocationInterceptorChain.java:37)
	at org.junit.jupiter.engine.execution.InterceptingExecutableInvoker.invoke(InterceptingExecutableInvoker.java:93)
	at org.junit.jupiter.engine.execution.InterceptingExecutableInvoker.invoke(InterceptingExecutableInvoker.java:87)
	at org.junit.jupiter.engine.descriptor.TestMethodTestDescriptor.lambda$invokeTestMethod$7(TestMethodTestDescriptor.java:216)
	at org.junit.platform.engine.support.hierarchical.ThrowableCollector.execute(ThrowableCollector.java:73)
	at org.junit.jupiter.engine.descriptor.TestMethodTestDescriptor.invokeTestMethod(TestMethodTestDescriptor.java:212)
	at org.junit.jupiter.engine.descriptor.TestMethodTestDescriptor.execute(TestMethodTestDescriptor.java:137)
	at org.junit.jupiter.engine.descriptor.TestMethodTestDescriptor.execute(TestMethodTestDescriptor.java:69)
	at org.junit.platform.engine.support.hierarchical.NodeTestTask.lambda$executeRecursively$6(NodeTestTask.java:156)
	at org.junit.platform.engine.support.hierarchical.ThrowableCollector.execute(ThrowableCollector.java:73)
	at org.junit.platform.engine.support.hierarchical.NodeTestTask.lambda$executeRecursively$8(NodeTestTask.java:146)
	at org.junit.platform.engine.support.hierarchical.Node.around(Node.java:137)
	at org.junit.platform.engine.support.hierarchical.NodeTestTask.lambda$executeRecursively$9(NodeTestTask.java:144)
	at org.junit.platform.engine.support.hierarchical.ThrowableCollector.execute(ThrowableCollector.java:73)
	at org.junit.platform.engine.support.hierarchical.NodeTestTask.executeRecursively(NodeTestTask.java:143)
	at org.junit.platform.engine.support.hierarchical.NodeTestTask.execute(NodeTestTask.java:100)
	at java.base/java.util.ArrayList.forEach(ArrayList.java:1596)
	at org.junit.platform.engine.support.hierarchical.SameThreadHierarchicalTestExecutorService.invokeAll(SameThreadHierarchicalTestExecutorService.java:41)
	at org.junit.platform.engine.support.hierarchical.NodeTestTask.lambda$executeRecursively$6(NodeTestTask.java:160)
	at org.junit.platform.engine.support.hierarchical.ThrowableCollector.execute(ThrowableCollector.java:73)
	at org.junit.platform.engine.support.hierarchical.NodeTestTask.lambda$executeRecursively$8(NodeTestTask.java:146)
	at org.junit.platform.engine.support.hierarchical.Node.around(Node.java:137)
	at org.junit.platform.engine.support.hierarchical.NodeTestTask.lambda$executeRecursively$9(NodeTestTask.java:144)
	at org.junit.platform.engine.support.hierarchical.ThrowableCollector.execute(ThrowableCollector.java:73)
	at org.junit.platform.engine.support.hierarchical.NodeTestTask.executeRecursively(NodeTestTask.java:143)
	at org.junit.platform.engine.support.hierarchical.NodeTestTask.execute(NodeTestTask.java:100)
	at java.base/java.util.ArrayList.forEach(ArrayList.java:1596)
	at org.junit.platform.engine.support.hierarchical.SameThreadHierarchicalTestExecutorService.invokeAll(SameThreadHierarchicalTestExecutorService.java:41)
	at org.junit.platform.engine.support.hierarchical.NodeTestTask.lambda$executeRecursively$6(NodeTestTask.java:160)
	at org.junit.platform.engine.support.hierarchical.ThrowableCollector.execute(ThrowableCollector.java:73)
	at org.junit.platform.engine.support.hierarchical.NodeTestTask.lambda$executeRecursively$8(NodeTestTask.java:146)
	at org.junit.platform.engine.support.hierarchical.Node.around(Node.java:137)
	at org.junit.platform.engine.support.hierarchical.NodeTestTask.lambda$executeRecursively$9(NodeTestTask.java:144)
	at org.junit.platform.engine.support.hierarchical.ThrowableCollector.execute(ThrowableCollector.java:73)
	at org.junit.platform.engine.support.hierarchical.NodeTestTask.executeRecursively(NodeTestTask.java:143)
	at org.junit.platform.engine.support.hierarchical.NodeTestTask.execute(NodeTestTask.java:100)
	at org.junit.platform.engine.support.hierarchical.SameThreadHierarchicalTestExecutorService.submit(SameThreadHierarchicalTestExecutorService.java:35)
	at org.junit.platform.engine.support.hierarchical.HierarchicalTestExecutor.execute(HierarchicalTestExecutor.java:57)
	at org.junit.platform.engine.support.hierarchical.HierarchicalTestEngine.execute(HierarchicalTestEngine.java:54)
	at org.junit.platform.launcher.core.EngineExecutionOrchestrator.execute(EngineExecutionOrchestrator.java:201)
	at org.junit.platform.launcher.core.EngineExecutionOrchestrator.execute(EngineExecutionOrchestrator.java:170)
	at org.junit.platform.launcher.core.EngineExecutionOrchestrator.execute(EngineExecutionOrchestrator.java:94)
	at org.junit.platform.launcher.core.EngineExecutionOrchestrator.lambda$execute$0(EngineExecutionOrchestrator.java:59)
	at org.junit.platform.launcher.core.EngineExecutionOrchestrator.withInterceptedStreams(EngineExecutionOrchestrator.java:142)
	at org.junit.platform.launcher.core.EngineExecutionOrchestrator.execute(EngineExecutionOrchestrator.java:58)
	at org.junit.platform.launcher.core.DefaultLauncher.execute(DefaultLauncher.java:103)
	at org.junit.platform.launcher.core.DefaultLauncher.execute(DefaultLauncher.java:85)
	at org.junit.platform.launcher.core.DelegatingLauncher.execute(DelegatingLauncher.java:47)
	at org.junit.platform.launcher.core.InterceptingLauncher.lambda$execute$1(InterceptingLauncher.java:39)
	at org.junit.platform.launcher.core.ClasspathAlignmentCheckingLauncherInterceptor.intercept(ClasspathAlignmentCheckingLauncherInterceptor.java:25)
	at org.junit.platform.launcher.core.InterceptingLauncher.execute(InterceptingLauncher.java:38)
	at org.junit.platform.launcher.core.DelegatingLauncher.execute(DelegatingLauncher.java:47)
	at org.apache.maven.surefire.junitplatform.LazyLauncher.execute(LazyLauncher.java:56)
	at org.apache.maven.surefire.junitplatform.JUnitPlatformProvider.execute(JUnitPlatformProvider.java:194)
	at org.apache.maven.surefire.junitplatform.JUnitPlatformProvider.invokeAllTests(JUnitPlatformProvider.java:150)
	at org.apache.maven.surefire.junitplatform.JUnitPlatformProvider.invoke(JUnitPlatformProvider.java:124)
	at org.apache.maven.surefire.booter.ForkedBooter.runSuitesInProcess(ForkedBooter.java:385)
	at org.apache.maven.surefire.booter.ForkedBooter.execute(ForkedBooter.java:162)
	at org.apache.maven.surefire.booter.ForkedBooter.run(ForkedBooter.java:507)
	at org.apache.maven.surefire.booter.ForkedBooter.main(ForkedBooter.java:495)
2025-10-27 10:37:49 [main] WARN  c.e.a.s.i.UsernameSuggestionMockServiceImpl - ⚠️ No mock users found in JSON file: null
2025-10-27 10:37:49 [main] INFO  c.e.a.s.i.UsernameSuggestionMockServiceImpl - [MockService] Received username suggestion request.
2025-10-27 10:37:49 [main] INFO  c.e.a.s.i.UsernameSuggestionMockServiceImpl - Language selected: en
2025-10-27 10:37:49 [main] INFO  c.e.a.s.i.UsernameSuggestionMockServiceImpl - QID received: 12345XYZ
2025-10-27 10:37:49 [main] INFO  c.e.a.s.i.UsernameSuggestionMockServiceImpl -  Reading mock user data from file: null
2025-10-27 10:37:49 [main] DEBUG c.e.a.s.i.UsernameSuggestionMockServiceImpl - User Data for QID 12345XYZ → firstName=John, lastName=Doe, dateOfBirth=01-01-90
2025-10-27 10:37:49 [main] DEBUG c.e.a.s.i.UsernameSuggestionMockServiceImpl - Generating unique usernames based on base: John Doe
2025-10-27 10:37:49 [main] INFO  c.e.a.s.i.UsernameSuggestionMockServiceImpl -  Combined base username: JohnDoe0101
2025-10-27 10:37:49 [main] DEBUG c.e.a.s.i.UsernameSuggestionMockServiceImpl - 🔹 Candidate 'JohnDoe0101' | Exists in DB: false
2025-10-27 10:37:49 [main] DEBUG c.e.a.s.i.UsernameSuggestionMockServiceImpl -  Added candidate: JohnDoe0101
2025-10-27 10:37:49 [main] DEBUG c.e.a.s.i.UsernameSuggestionMockServiceImpl - 🔹 Candidate 'JohnDoe01011706' | Exists in DB: false
2025-10-27 10:37:49 [main] DEBUG c.e.a.s.i.UsernameSuggestionMockServiceImpl -  Added candidate: JohnDoe01011706
2025-10-27 10:37:49 [main] DEBUG c.e.a.s.i.UsernameSuggestionMockServiceImpl - 🔹 Candidate 'JohnDoe01011743' | Exists in DB: false
2025-10-27 10:37:49 [main] DEBUG c.e.a.s.i.UsernameSuggestionMockServiceImpl -  Added candidate: JohnDoe01011743
2025-10-27 10:37:49 [main] INFO  c.e.a.s.i.UsernameSuggestionMockServiceImpl - Final list of available usernames: [JohnDoe0101, JohnDoe01011706, JohnDoe01011743]
2025-10-27 10:37:49 [main] INFO  c.e.a.s.i.UsernameSuggestionMockServiceImpl - Generated 3 username candidates: [JohnDoe0101, JohnDoe01011706, JohnDoe01011743]
2025-10-27 10:37:49 [main] INFO  c.e.a.s.i.UsernameSuggestionMockServiceImpl - [MockService] Received username suggestion request.
2025-10-27 10:37:49 [main] INFO  c.e.a.s.i.UsernameSuggestionMockServiceImpl - Language selected: en
2025-10-27 10:37:49 [main] INFO  c.e.a.s.i.UsernameSuggestionMockServiceImpl - QID received: null
2025-10-27 10:37:49 [main] INFO  c.e.a.s.i.UsernameSuggestionMockServiceImpl -  Reading mock user data from file: null
2025-10-27 10:37:49 [main] WARN  c.e.a.s.i.UsernameSuggestionMockServiceImpl - No user found for QID: null
2025-10-27 10:37:49 [main] INFO  c.e.a.s.i.UsernameSuggestionMockServiceImpl - [MockService] Received username suggestion request.
2025-10-27 10:37:49 [main] INFO  c.e.a.s.i.UsernameSuggestionMockServiceImpl - Language selected: en
2025-10-27 10:37:49 [main] INFO  c.e.a.s.i.UsernameSuggestionMockServiceImpl - QID received: 12345XYZ
2025-10-27 10:37:49 [main] INFO  c.e.a.s.i.UsernameSuggestionMockServiceImpl -  Reading mock user data from file: null
2025-10-27 10:37:49 [main] DEBUG c.e.a.s.i.UsernameSuggestionMockServiceImpl - User Data for QID 12345XYZ → firstName=John, lastName=Doe, dateOfBirth=01-01-90
2025-10-27 10:37:49 [main] DEBUG c.e.a.s.i.UsernameSuggestionMockServiceImpl - Generating unique usernames based on base: John Doe
2025-10-27 10:37:49 [main] INFO  c.e.a.s.i.UsernameSuggestionMockServiceImpl -  Combined base username: JohnDoe0101
2025-10-27 10:37:49 [main] DEBUG c.e.a.s.i.UsernameSuggestionMockServiceImpl - 🔹 Candidate 'JohnDoe0101' | Exists in DB: false
2025-10-27 10:37:49 [main] DEBUG c.e.a.s.i.UsernameSuggestionMockServiceImpl -  Added candidate: JohnDoe0101
2025-10-27 10:37:49 [main] DEBUG c.e.a.s.i.UsernameSuggestionMockServiceImpl - 🔹 Candidate 'JohnDoe01011706' | Exists in DB: false
2025-10-27 10:37:49 [main] DEBUG c.e.a.s.i.UsernameSuggestionMockServiceImpl -  Added candidate: JohnDoe01011706
2025-10-27 10:37:49 [main] DEBUG c.e.a.s.i.UsernameSuggestionMockServiceImpl - 🔹 Candidate 'JohnDoe01011743' | Exists in DB: false
2025-10-27 10:37:49 [main] DEBUG c.e.a.s.i.UsernameSuggestionMockServiceImpl -  Added candidate: JohnDoe01011743
2025-10-27 10:37:49 [main] INFO  c.e.a.s.i.UsernameSuggestionMockServiceImpl - Final list of available usernames: [JohnDoe0101, JohnDoe01011706, JohnDoe01011743]
2025-10-27 10:37:49 [main] INFO  c.e.a.s.i.UsernameSuggestionMockServiceImpl - Generated 3 username candidates: [JohnDoe0101, JohnDoe01011706, JohnDoe01011743]
2025-10-27 10:37:49 [main] INFO  c.e.a.s.i.UsernameSuggestionMockServiceImpl - Retrieved 1 username validation rules from DB.
2025-10-27 10:37:49 [main] INFO  c.e.a.i.helper.UsernameValidator - Applying validation rules to 3 generated usernames...
2025-10-27 10:37:49 [main] DEBUG c.e.a.i.helper.UsernameValidator - Validating username: 'JohnDoe0101'
2025-10-27 10:37:49 [main] DEBUG c.e.a.i.helper.UsernameValidator - Rule 'length>=3' applied to 'JohnDoe0101': match=true
2025-10-27 10:37:49 [main] DEBUG c.e.a.i.helper.UsernameValidator - Validating username: 'JohnDoe01011706'
2025-10-27 10:37:49 [main] DEBUG c.e.a.i.helper.UsernameValidator - Rule 'length>=3' applied to 'JohnDoe01011706': match=true
2025-10-27 10:37:49 [main] DEBUG c.e.a.i.helper.UsernameValidator - Validating username: 'JohnDoe01011743'
2025-10-27 10:37:49 [main] DEBUG c.e.a.i.helper.UsernameValidator - Rule 'length>=3' applied to 'JohnDoe01011743': match=true
2025-10-27 10:37:49 [main] INFO  c.e.a.i.helper.UsernameValidator - Valid usernames after applying rules: [JohnDoe0101, JohnDoe01011706, JohnDoe01011743]
2025-10-27 10:37:49 [main] INFO  c.e.a.s.i.UsernameSuggestionMockServiceImpl - 3 valid usernames after applying rules.
2025-10-27 10:37:49 [main] INFO  c.e.a.s.i.UsernameSuggestionMockServiceImpl - Returning 3 valid username suggestions to client.
2025-10-27 10:37:49 [main] INFO  c.e.a.s.i.UsernameSuggestionMockServiceImpl - [MockService] Received username suggestion request.
2025-10-27 10:37:49 [main] INFO  c.e.a.s.i.UsernameSuggestionMockServiceImpl - Language selected: en
2025-10-27 10:37:49 [main] INFO  c.e.a.s.i.UsernameSuggestionMockServiceImpl - QID received: 12345XYZ
2025-10-27 10:37:49 [main] INFO  c.e.a.s.i.UsernameSuggestionMockServiceImpl -  Reading mock user data from file: null
2025-10-27 10:37:49 [main] DEBUG c.e.a.s.i.UsernameSuggestionMockServiceImpl - User Data for QID 12345XYZ → firstName=John, lastName=Doe, dateOfBirth=01-01-90
2025-10-27 10:37:49 [main] DEBUG c.e.a.s.i.UsernameSuggestionMockServiceImpl - Generating unique usernames based on base: John Doe
2025-10-27 10:37:49 [main] INFO  c.e.a.s.i.UsernameSuggestionMockServiceImpl -  Combined base username: JohnDoe0101
2025-10-27 10:37:49 [main] DEBUG c.e.a.s.i.UsernameSuggestionMockServiceImpl - 🔹 Candidate 'JohnDoe0101' | Exists in DB: false
2025-10-27 10:37:49 [main] DEBUG c.e.a.s.i.UsernameSuggestionMockServiceImpl -  Added candidate: JohnDoe0101
2025-10-27 10:37:49 [main] DEBUG c.e.a.s.i.UsernameSuggestionMockServiceImpl - 🔹 Candidate 'JohnDoe01011706' | Exists in DB: false
2025-10-27 10:37:49 [main] DEBUG c.e.a.s.i.UsernameSuggestionMockServiceImpl -  Added candidate: JohnDoe01011706
2025-10-27 10:37:49 [main] DEBUG c.e.a.s.i.UsernameSuggestionMockServiceImpl - 🔹 Candidate 'JohnDoe01011743' | Exists in DB: false
2025-10-27 10:37:49 [main] DEBUG c.e.a.s.i.UsernameSuggestionMockServiceImpl -  Added candidate: JohnDoe01011743
2025-10-27 10:37:49 [main] INFO  c.e.a.s.i.UsernameSuggestionMockServiceImpl - Final list of available usernames: [JohnDoe0101, JohnDoe01011706, JohnDoe01011743]
2025-10-27 10:37:49 [main] INFO  c.e.a.s.i.UsernameSuggestionMockServiceImpl - Generated 3 username candidates: [JohnDoe0101, JohnDoe01011706, JohnDoe01011743]
2025-10-27 10:37:49 [main] INFO  c.e.a.s.i.UsernameSuggestionMockServiceImpl - Retrieved 1 username validation rules from DB.
2025-10-27 10:37:49 [main] INFO  c.e.a.s.i.UsernameSuggestionMockServiceImpl - 5 valid usernames after applying rules.
2025-10-27 10:37:49 [main] INFO  c.e.a.s.i.UsernameSuggestionMockServiceImpl - Returning 5 valid username suggestions to client.
2025-10-27 10:37:49 [main] INFO  c.e.a.s.i.UsernameSuggestionMockServiceImpl - [MockService] Received username suggestion request.
2025-10-27 10:37:49 [main] INFO  c.e.a.s.i.UsernameSuggestionMockServiceImpl - Language selected: en
2025-10-27 10:37:49 [main] INFO  c.e.a.s.i.UsernameSuggestionMockServiceImpl - QID received: 12345XYZ
2025-10-27 10:37:49 [main] INFO  c.e.a.s.i.UsernameSuggestionMockServiceImpl -  Reading mock user data from file: null
2025-10-27 10:37:49 [main] DEBUG c.e.a.s.i.UsernameSuggestionMockServiceImpl - User Data for QID 12345XYZ → firstName=John, lastName=Doe, dateOfBirth=01-01-90
2025-10-27 10:37:49 [main] DEBUG c.e.a.s.i.UsernameSuggestionMockServiceImpl - Generating unique usernames based on base: John Doe
2025-10-27 10:37:49 [main] INFO  c.e.a.s.i.UsernameSuggestionMockServiceImpl -  Combined base username: JohnDoe0101
2025-10-27 10:37:49 [main] DEBUG c.e.a.s.i.UsernameSuggestionMockServiceImpl - 🔹 Candidate 'JohnDoe0101' | Exists in DB: true
2025-10-27 10:37:49 [main] DEBUG c.e.a.s.i.UsernameSuggestionMockServiceImpl - 🔹 Candidate 'JohnDoe01011706' | Exists in DB: true
2025-10-27 10:37:49 [main] DEBUG c.e.a.s.i.UsernameSuggestionMockServiceImpl - 🔹 Candidate 'JohnDoe01011743' | Exists in DB: true
2025-10-27 10:37:49 [main] DEBUG c.e.a.s.i.UsernameSuggestionMockServiceImpl - 🔹 Candidate 'JohnDoe01011780' | Exists in DB: true
2025-10-27 10:37:49 [main] DEBUG c.e.a.s.i.UsernameSuggestionMockServiceImpl - 🔹 Candidate 'JohnDoe01011817' | Exists in DB: true
2025-10-27 10:37:49 [main] DEBUG c.e.a.s.i.UsernameSuggestionMockServiceImpl - 🔹 Candidate 'JohnDoe01011854' | Exists in DB: true
2025-10-27 10:37:49 [main] DEBUG c.e.a.s.i.UsernameSuggestionMockServiceImpl - 🔹 Candidate 'JohnDoe01011891' | Exists in DB: true
2025-10-27 10:37:49 [main] DEBUG c.e.a.s.i.UsernameSuggestionMockServiceImpl - 🔹 Candidate 'JohnDoe01011928' | Exists in DB: true
2025-10-27 10:37:49 [main] DEBUG c.e.a.s.i.UsernameSuggestionMockServiceImpl - 🔹 Candidate 'JohnDoe01011965' | Exists in DB: true
2025-10-27 10:37:49 [main] DEBUG c.e.a.s.i.UsernameSuggestionMockServiceImpl - 🔹 Candidate 'JohnDoe01012002' | Exists in DB: true
2025-10-27 10:37:49 [main] DEBUG c.e.a.s.i.UsernameSuggestionMockServiceImpl - 🔹 Candidate 'JohnDoe01012039' | Exists in DB: true
2025-10-27 10:37:49 [main] DEBUG c.e.a.s.i.UsernameSuggestionMockServiceImpl - 🔹 Candidate 'JohnDoe01012076' | Exists in DB: true
2025-10-27 10:37:49 [main] DEBUG c.e.a.s.i.UsernameSuggestionMockServiceImpl - 🔹 Candidate 'JohnDoe01012113' | Exists in DB: true
2025-10-27 10:37:49 [main] DEBUG c.e.a.s.i.UsernameSuggestionMockServiceImpl - 🔹 Candidate 'JohnDoe01012150' | Exists in DB: true
2025-10-27 10:37:49 [main] DEBUG c.e.a.s.i.UsernameSuggestionMockServiceImpl - 🔹 Candidate 'JohnDoe01012187' | Exists in DB: true
2025-10-27 10:37:49 [main] DEBUG c.e.a.s.i.UsernameSuggestionMockServiceImpl - 🔹 Candidate 'JohnDoe01012224' | Exists in DB: true
2025-10-27 10:37:49 [main] DEBUG c.e.a.s.i.UsernameSuggestionMockServiceImpl - 🔹 Candidate 'JohnDoe01012261' | Exists in DB: true
2025-10-27 10:37:49 [main] DEBUG c.e.a.s.i.UsernameSuggestionMockServiceImpl - 🔹 Candidate 'JohnDoe01012298' | Exists in DB: true
2025-10-27 10:37:49 [main] DEBUG c.e.a.s.i.UsernameSuggestionMockServiceImpl - 🔹 Candidate 'JohnDoe01012335' | Exists in DB: true
2025-10-27 10:37:49 [main] DEBUG c.e.a.s.i.UsernameSuggestionMockServiceImpl - 🔹 Candidate 'JohnDoe01012372' | Exists in DB: true
2025-10-27 10:37:49 [main] INFO  c.e.a.s.i.UsernameSuggestionMockServiceImpl - Final list of available usernames: []
2025-10-27 10:37:49 [main] INFO  c.e.a.s.i.UsernameSuggestionMockServiceImpl - Generated 0 username candidates: []
2025-10-27 10:37:49 [main] INFO  c.e.a.s.i.UsernameSuggestionMockServiceImpl - Retrieved 1 username validation rules from DB.
2025-10-27 10:37:49 [main] INFO  c.e.a.s.i.UsernameSuggestionMockServiceImpl - 0 valid usernames after applying rules.
2025-10-27 10:37:49 [main] WARN  c.e.a.s.i.UsernameSuggestionMockServiceImpl - No valid usernames found as per rules.
2025-10-27 10:37:49 [main] INFO  c.e.a.s.i.UsernameSuggestionMockServiceImpl - [MockService] Received username suggestion request.
2025-10-27 10:37:49 [main] INFO  c.e.a.s.i.UsernameSuggestionMockServiceImpl - Language selected: en
2025-10-27 10:37:49 [main] INFO  c.e.a.s.i.UsernameSuggestionMockServiceImpl - QID received: 12345XYZ
2025-10-27 10:37:49 [main] INFO  c.e.a.s.i.UsernameSuggestionMockServiceImpl -  Reading mock user data from file: null
2025-10-27 10:37:49 [main] DEBUG c.e.a.s.i.UsernameSuggestionMockServiceImpl - User Data for QID 12345XYZ → firstName=A, lastName=B, dateOfBirth=01-01-90
2025-10-27 10:37:49 [main] DEBUG c.e.a.s.i.UsernameSuggestionMockServiceImpl - Generating unique usernames based on base: A B
2025-10-27 10:37:49 [main] INFO  c.e.a.s.i.UsernameSuggestionMockServiceImpl -  Combined base username: ab0101
2025-10-27 10:37:49 [main] DEBUG c.e.a.s.i.UsernameSuggestionMockServiceImpl - 🔹 Candidate 'ab0101' | Exists in DB: false
2025-10-27 10:37:49 [main] DEBUG c.e.a.s.i.UsernameSuggestionMockServiceImpl -  Added candidate: ab0101
2025-10-27 10:37:49 [main] DEBUG c.e.a.s.i.UsernameSuggestionMockServiceImpl - 🔹 Candidate 'ab01011706' | Exists in DB: false
2025-10-27 10:37:49 [main] DEBUG c.e.a.s.i.UsernameSuggestionMockServiceImpl -  Added candidate: ab01011706
2025-10-27 10:37:49 [main] DEBUG c.e.a.s.i.UsernameSuggestionMockServiceImpl - 🔹 Candidate 'ab01011743' | Exists in DB: false
2025-10-27 10:37:49 [main] DEBUG c.e.a.s.i.UsernameSuggestionMockServiceImpl -  Added candidate: ab01011743
2025-10-27 10:37:49 [main] INFO  c.e.a.s.i.UsernameSuggestionMockServiceImpl - Final list of available usernames: [ab0101, ab01011706, ab01011743]
2025-10-27 10:37:49 [main] INFO  c.e.a.s.i.UsernameSuggestionMockServiceImpl - Generated 3 username candidates: [ab0101, ab01011706, ab01011743]
2025-10-27 10:37:49 [main] INFO  c.e.a.s.i.UsernameSuggestionMockServiceImpl - Retrieved 1 username validation rules from DB.
2025-10-27 10:37:49 [main] INFO  c.e.a.s.i.UsernameSuggestionMockServiceImpl - 0 valid usernames after applying rules.
2025-10-27 10:37:49 [main] WARN  c.e.a.s.i.UsernameSuggestionMockServiceImpl - No valid usernames found as per rules.
2025-10-27 10:37:49 [main] INFO  c.e.a.s.i.UsernameSuggestionMockServiceImpl - [MockService] Received username suggestion request.
2025-10-27 10:37:49 [main] INFO  c.e.a.s.i.UsernameSuggestionMockServiceImpl - Language selected: en
2025-10-27 10:37:49 [main] INFO  c.e.a.s.i.UsernameSuggestionMockServiceImpl - QID received: 12345XYZ
2025-10-27 10:37:49 [main] INFO  c.e.a.s.i.UsernameSuggestionMockServiceImpl -  Reading mock user data from file: null
2025-10-27 10:37:49 [main] DEBUG c.e.a.s.i.UsernameSuggestionMockServiceImpl - User Data for QID 12345XYZ → firstName=A, lastName=B, dateOfBirth=01-01-90
2025-10-27 10:37:49 [main] DEBUG c.e.a.s.i.UsernameSuggestionMockServiceImpl - Generating unique usernames based on base: A B
2025-10-27 10:37:49 [main] INFO  c.e.a.s.i.UsernameSuggestionMockServiceImpl -  Combined base username: ab0101
2025-10-27 10:37:49 [main] DEBUG c.e.a.s.i.UsernameSuggestionMockServiceImpl - 🔹 Candidate 'ab0101' | Exists in DB: false
2025-10-27 10:37:49 [main] DEBUG c.e.a.s.i.UsernameSuggestionMockServiceImpl -  Added candidate: ab0101
2025-10-27 10:37:49 [main] DEBUG c.e.a.s.i.UsernameSuggestionMockServiceImpl - 🔹 Candidate 'ab01011706' | Exists in DB: false
2025-10-27 10:37:49 [main] DEBUG c.e.a.s.i.UsernameSuggestionMockServiceImpl -  Added candidate: ab01011706
2025-10-27 10:37:49 [main] DEBUG c.e.a.s.i.UsernameSuggestionMockServiceImpl - 🔹 Candidate 'ab01011743' | Exists in DB: false
2025-10-27 10:37:49 [main] DEBUG c.e.a.s.i.UsernameSuggestionMockServiceImpl -  Added candidate: ab01011743
2025-10-27 10:37:49 [main] INFO  c.e.a.s.i.UsernameSuggestionMockServiceImpl - Final list of available usernames: [ab0101, ab01011706, ab01011743]
2025-10-27 10:37:49 [main] INFO  c.e.a.s.i.UsernameSuggestionMockServiceImpl - Generated 3 username candidates: [ab0101, ab01011706, ab01011743]
2025-10-27 10:37:49 [main] INFO  c.e.a.s.i.UsernameSuggestionMockServiceImpl - Retrieved 1 username validation rules from DB.
2025-10-27 10:37:49 [main] INFO  c.e.a.i.helper.UsernameValidator - Applying validation rules to 3 generated usernames...
2025-10-27 10:37:49 [main] DEBUG c.e.a.i.helper.UsernameValidator - Validating username: 'ab0101'
2025-10-27 10:37:49 [main] DEBUG c.e.a.i.helper.UsernameValidator - Rule 'length>=3' applied to 'ab0101': match=true
2025-10-27 10:37:49 [main] DEBUG c.e.a.i.helper.UsernameValidator - Validating username: 'ab01011706'
2025-10-27 10:37:49 [main] DEBUG c.e.a.i.helper.UsernameValidator - Rule 'length>=3' applied to 'ab01011706': match=true
2025-10-27 10:37:49 [main] DEBUG c.e.a.i.helper.UsernameValidator - Validating username: 'ab01011743'
2025-10-27 10:37:49 [main] DEBUG c.e.a.i.helper.UsernameValidator - Rule 'length>=3' applied to 'ab01011743': match=true
2025-10-27 10:37:49 [main] INFO  c.e.a.i.helper.UsernameValidator - Valid usernames after applying rules: [ab0101, ab01011706, ab01011743]
2025-10-27 10:37:49 [main] INFO  c.e.a.s.i.UsernameSuggestionMockServiceImpl - 3 valid usernames after applying rules.
2025-10-27 10:37:49 [main] INFO  c.e.a.s.i.UsernameSuggestionMockServiceImpl - Returning 3 valid username suggestions to client.
2025-10-27 10:37:49 [main] INFO  c.e.a.s.i.UsernameSuggestionMockServiceImpl - [MockService] Received username suggestion request.
2025-10-27 10:37:49 [main] INFO  c.e.a.s.i.UsernameSuggestionMockServiceImpl - Language selected: en
2025-10-27 10:37:49 [main] INFO  c.e.a.s.i.UsernameSuggestionMockServiceImpl - QID received: 12345XYZ
2025-10-27 10:37:49 [main] INFO  c.e.a.s.i.UsernameSuggestionMockServiceImpl -  Reading mock user data from file: null
2025-10-27 10:37:49 [main] DEBUG c.e.a.s.i.UsernameSuggestionMockServiceImpl - User Data for QID 12345XYZ → firstName=John, lastName=Doe, dateOfBirth=01-01-00
2025-10-27 10:37:49 [main] DEBUG c.e.a.s.i.UsernameSuggestionMockServiceImpl - Generating unique usernames based on base: John Doe
2025-10-27 10:37:49 [main] INFO  c.e.a.s.i.UsernameSuggestionMockServiceImpl -  Combined base username: JohnDoe0101
2025-10-27 10:37:49 [main] DEBUG c.e.a.s.i.UsernameSuggestionMockServiceImpl - 🔹 Candidate 'JohnDoe0101' | Exists in DB: false
2025-10-27 10:37:49 [main] DEBUG c.e.a.s.i.UsernameSuggestionMockServiceImpl -  Added candidate: JohnDoe0101
2025-10-27 10:37:49 [main] DEBUG c.e.a.s.i.UsernameSuggestionMockServiceImpl - 🔹 Candidate 'JohnDoe01011706' | Exists in DB: false
2025-10-27 10:37:49 [main] DEBUG c.e.a.s.i.UsernameSuggestionMockServiceImpl -  Added candidate: JohnDoe01011706
2025-10-27 10:37:49 [main] DEBUG c.e.a.s.i.UsernameSuggestionMockServiceImpl - 🔹 Candidate 'JohnDoe01011743' | Exists in DB: false
2025-10-27 10:37:49 [main] DEBUG c.e.a.s.i.UsernameSuggestionMockServiceImpl -  Added candidate: JohnDoe01011743
2025-10-27 10:37:49 [main] INFO  c.e.a.s.i.UsernameSuggestionMockServiceImpl - Final list of available usernames: [JohnDoe0101, JohnDoe01011706, JohnDoe01011743]
2025-10-27 10:37:49 [main] INFO  c.e.a.s.i.UsernameSuggestionMockServiceImpl - Generated 3 username candidates: [JohnDoe0101, JohnDoe01011706, JohnDoe01011743]
2025-10-27 10:37:49 [main] INFO  c.e.a.s.i.UsernameSuggestionMockServiceImpl - Retrieved 1 username validation rules from DB.
2025-10-27 10:37:49 [main] INFO  c.e.a.i.helper.UsernameValidator - Applying validation rules to 3 generated usernames...
2025-10-27 10:37:49 [main] DEBUG c.e.a.i.helper.UsernameValidator - Validating username: 'JohnDoe0101'
2025-10-27 10:37:49 [main] DEBUG c.e.a.i.helper.UsernameValidator - Rule 'length>=3' applied to 'JohnDoe0101': match=true
2025-10-27 10:37:49 [main] DEBUG c.e.a.i.helper.UsernameValidator - Validating username: 'JohnDoe01011706'
2025-10-27 10:37:49 [main] DEBUG c.e.a.i.helper.UsernameValidator - Rule 'length>=3' applied to 'JohnDoe01011706': match=true
2025-10-27 10:37:49 [main] DEBUG c.e.a.i.helper.UsernameValidator - Validating username: 'JohnDoe01011743'
2025-10-27 10:37:49 [main] DEBUG c.e.a.i.helper.UsernameValidator - Rule 'length>=3' applied to 'JohnDoe01011743': match=true
2025-10-27 10:37:49 [main] INFO  c.e.a.i.helper.UsernameValidator - Valid usernames after applying rules: [JohnDoe0101, JohnDoe01011706, JohnDoe01011743]
2025-10-27 10:37:49 [main] INFO  c.e.a.s.i.UsernameSuggestionMockServiceImpl - 3 valid usernames after applying rules.
2025-10-27 10:37:49 [main] INFO  c.e.a.s.i.UsernameSuggestionMockServiceImpl - Returning 3 valid username suggestions to client.
2025-10-27 10:37:49 [main] INFO  c.e.a.s.i.UsernameSuggestionMockServiceImpl - [MockService] Received username suggestion request.
2025-10-27 10:37:49 [main] INFO  c.e.a.s.i.UsernameSuggestionMockServiceImpl - Language selected: en
2025-10-27 10:37:49 [main] INFO  c.e.a.s.i.UsernameSuggestionMockServiceImpl - QID received: 12345XYZ
2025-10-27 10:37:49 [main] INFO  c.e.a.s.i.UsernameSuggestionMockServiceImpl -  Reading mock user data from file: null
2025-10-27 10:37:49 [main] DEBUG c.e.a.s.i.UsernameSuggestionMockServiceImpl - User Data for QID 12345XYZ → firstName=John, lastName=Doe, dateOfBirth=01-01-90
2025-10-27 10:37:49 [main] DEBUG c.e.a.s.i.UsernameSuggestionMockServiceImpl - Generating unique usernames based on base: John Doe
2025-10-27 10:37:49 [main] INFO  c.e.a.s.i.UsernameSuggestionMockServiceImpl -  Combined base username: JohnDoe0101
2025-10-27 10:37:49 [main] DEBUG c.e.a.s.i.UsernameSuggestionMockServiceImpl - 🔹 Candidate 'JohnDoe0101' | Exists in DB: false
2025-10-27 10:37:49 [main] DEBUG c.e.a.s.i.UsernameSuggestionMockServiceImpl -  Added candidate: JohnDoe0101
2025-10-27 10:37:49 [main] DEBUG c.e.a.s.i.UsernameSuggestionMockServiceImpl - 🔹 Candidate 'JohnDoe01011706' | Exists in DB: false
2025-10-27 10:37:49 [main] DEBUG c.e.a.s.i.UsernameSuggestionMockServiceImpl -  Added candidate: JohnDoe01011706
2025-10-27 10:37:49 [main] DEBUG c.e.a.s.i.UsernameSuggestionMockServiceImpl - 🔹 Candidate 'JohnDoe01011743' | Exists in DB: false
2025-10-27 10:37:49 [main] DEBUG c.e.a.s.i.UsernameSuggestionMockServiceImpl -  Added candidate: JohnDoe01011743
2025-10-27 10:37:49 [main] INFO  c.e.a.s.i.UsernameSuggestionMockServiceImpl - Final list of available usernames: [JohnDoe0101, JohnDoe01011706, JohnDoe01011743]
2025-10-27 10:37:49 [main] INFO  c.e.a.s.i.UsernameSuggestionMockServiceImpl - Generated 3 username candidates: [JohnDoe0101, JohnDoe01011706, JohnDoe01011743]
2025-10-27 10:37:49 [main] INFO  c.e.a.s.i.UsernameSuggestionMockServiceImpl - Retrieved 1 username validation rules from DB.
2025-10-27 10:37:49 [main] INFO  c.e.a.s.i.UsernameSuggestionMockServiceImpl - 1 valid usernames after applying rules.
2025-10-27 10:37:49 [main] INFO  c.e.a.s.i.UsernameSuggestionMockServiceImpl - Returning 1 valid username suggestions to client.
2025-10-27 10:37:49 [main] INFO  c.e.a.s.i.UsernameSuggestionMockServiceImpl - [MockService] Received username suggestion request.
2025-10-27 10:37:49 [main] INFO  c.e.a.s.i.UsernameSuggestionMockServiceImpl - Language selected: en
2025-10-27 10:37:49 [main] INFO  c.e.a.s.i.UsernameSuggestionMockServiceImpl - QID received: 12345XYZ
2025-10-27 10:37:49 [main] INFO  c.e.a.s.i.UsernameSuggestionMockServiceImpl -  Reading mock user data from file: null
2025-10-27 10:37:49 [main] DEBUG c.e.a.s.i.UsernameSuggestionMockServiceImpl - User Data for QID 12345XYZ → firstName=John, lastName=Doe, dateOfBirth=invalid-date
2025-10-27 10:37:49 [main] DEBUG c.e.a.s.i.UsernameSuggestionMockServiceImpl - Generating unique usernames based on base: John Doe
2025-10-27 10:37:49 [main] INFO  c.e.a.s.i.UsernameSuggestionMockServiceImpl -  Combined base username: JohnDoeinvaliddate
2025-10-27 10:37:49 [main] DEBUG c.e.a.s.i.UsernameSuggestionMockServiceImpl - 🔹 Candidate 'JohnDoeinvaliddate' | Exists in DB: false
2025-10-27 10:37:49 [main] DEBUG c.e.a.s.i.UsernameSuggestionMockServiceImpl -  Added candidate: JohnDoeinvaliddate
2025-10-27 10:37:49 [main] DEBUG c.e.a.s.i.UsernameSuggestionMockServiceImpl - 🔹 Candidate 'JohnDoeinvaliddate1706' | Exists in DB: false
2025-10-27 10:37:49 [main] DEBUG c.e.a.s.i.UsernameSuggestionMockServiceImpl -  Added candidate: JohnDoeinvaliddate1706
2025-10-27 10:37:49 [main] DEBUG c.e.a.s.i.UsernameSuggestionMockServiceImpl - 🔹 Candidate 'JohnDoeinvaliddate1743' | Exists in DB: false
2025-10-27 10:37:49 [main] DEBUG c.e.a.s.i.UsernameSuggestionMockServiceImpl -  Added candidate: JohnDoeinvaliddate1743
2025-10-27 10:37:49 [main] INFO  c.e.a.s.i.UsernameSuggestionMockServiceImpl - Final list of available usernames: [JohnDoeinvaliddate, JohnDoeinvaliddate1706, JohnDoeinvaliddate1743]
2025-10-27 10:37:49 [main] INFO  c.e.a.s.i.UsernameSuggestionMockServiceImpl - Generated 3 username candidates: [JohnDoeinvaliddate, JohnDoeinvaliddate1706, JohnDoeinvaliddate1743]
2025-10-27 10:37:49 [main] INFO  c.e.a.s.i.UsernameSuggestionMockServiceImpl - Retrieved 1 username validation rules from DB.
2025-10-27 10:37:49 [main] INFO  c.e.a.i.helper.UsernameValidator - Applying validation rules to 3 generated usernames...
2025-10-27 10:37:49 [main] DEBUG c.e.a.i.helper.UsernameValidator - Validating username: 'JohnDoeinvaliddate'
2025-10-27 10:37:49 [main] DEBUG c.e.a.i.helper.UsernameValidator - Rule 'length>=3' applied to 'JohnDoeinvaliddate': match=true
2025-10-27 10:37:49 [main] DEBUG c.e.a.i.helper.UsernameValidator - Validating username: 'JohnDoeinvaliddate1706'
2025-10-27 10:37:49 [main] DEBUG c.e.a.i.helper.UsernameValidator - Rule 'length>=3' applied to 'JohnDoeinvaliddate1706': match=true
2025-10-27 10:37:49 [main] DEBUG c.e.a.i.helper.UsernameValidator - Validating username: 'JohnDoeinvaliddate1743'
2025-10-27 10:37:49 [main] DEBUG c.e.a.i.helper.UsernameValidator - Rule 'length>=3' applied to 'JohnDoeinvaliddate1743': match=true
2025-10-27 10:37:49 [main] INFO  c.e.a.i.helper.UsernameValidator - Valid usernames after applying rules: [JohnDoeinvaliddate, JohnDoeinvaliddate1706, JohnDoeinvaliddate1743]
2025-10-27 10:37:49 [main] INFO  c.e.a.s.i.UsernameSuggestionMockServiceImpl - 3 valid usernames after applying rules.
2025-10-27 10:37:49 [main] INFO  c.e.a.s.i.UsernameSuggestionMockServiceImpl - Returning 3 valid username suggestions to client.
2025-10-27 10:37:49 [main] INFO  c.e.a.s.i.UsernameSuggestionMockServiceImpl - [MockService] Received username suggestion request.
2025-10-27 10:37:49 [main] INFO  c.e.a.s.i.UsernameSuggestionMockServiceImpl - Language selected: en
2025-10-27 10:37:49 [main] INFO  c.e.a.s.i.UsernameSuggestionMockServiceImpl - QID received: 12345XYZ
2025-10-27 10:37:49 [main] INFO  c.e.a.s.i.UsernameSuggestionMockServiceImpl -  Reading mock user data from file: null
2025-10-27 10:37:49 [main] DEBUG c.e.a.s.i.UsernameSuggestionMockServiceImpl - User Data for QID 12345XYZ → firstName=user, lastName=, dateOfBirth=01-01-90
2025-10-27 10:37:49 [main] DEBUG c.e.a.s.i.UsernameSuggestionMockServiceImpl - Generating unique usernames based on base: user 
2025-10-27 10:37:49 [main] INFO  c.e.a.s.i.UsernameSuggestionMockServiceImpl -  Combined base username: user0101
2025-10-27 10:37:49 [main] DEBUG c.e.a.s.i.UsernameSuggestionMockServiceImpl - 🔹 Candidate 'user0101' | Exists in DB: false
2025-10-27 10:37:49 [main] DEBUG c.e.a.s.i.UsernameSuggestionMockServiceImpl -  Added candidate: user0101
2025-10-27 10:37:49 [main] DEBUG c.e.a.s.i.UsernameSuggestionMockServiceImpl - 🔹 Candidate 'user01011706' | Exists in DB: false
2025-10-27 10:37:49 [main] DEBUG c.e.a.s.i.UsernameSuggestionMockServiceImpl -  Added candidate: user01011706
2025-10-27 10:37:49 [main] DEBUG c.e.a.s.i.UsernameSuggestionMockServiceImpl - 🔹 Candidate 'user01011743' | Exists in DB: false
2025-10-27 10:37:49 [main] DEBUG c.e.a.s.i.UsernameSuggestionMockServiceImpl -  Added candidate: user01011743
2025-10-27 10:37:49 [main] INFO  c.e.a.s.i.UsernameSuggestionMockServiceImpl - Final list of available usernames: [user0101, user01011706, user01011743]
2025-10-27 10:37:49 [main] INFO  c.e.a.s.i.UsernameSuggestionMockServiceImpl - Generated 3 username candidates: [user0101, user01011706, user01011743]
2025-10-27 10:37:49 [main] INFO  c.e.a.s.i.UsernameSuggestionMockServiceImpl - Retrieved 1 username validation rules from DB.
2025-10-27 10:37:49 [main] INFO  c.e.a.i.helper.UsernameValidator - Applying validation rules to 3 generated usernames...
2025-10-27 10:37:49 [main] DEBUG c.e.a.i.helper.UsernameValidator - Validating username: 'user0101'
2025-10-27 10:37:49 [main] DEBUG c.e.a.i.helper.UsernameValidator - Rule 'length>=3' applied to 'user0101': match=true
2025-10-27 10:37:49 [main] DEBUG c.e.a.i.helper.UsernameValidator - Validating username: 'user01011706'
2025-10-27 10:37:49 [main] DEBUG c.e.a.i.helper.UsernameValidator - Rule 'length>=3' applied to 'user01011706': match=true
2025-10-27 10:37:49 [main] DEBUG c.e.a.i.helper.UsernameValidator - Validating username: 'user01011743'
2025-10-27 10:37:49 [main] DEBUG c.e.a.i.helper.UsernameValidator - Rule 'length>=3' applied to 'user01011743': match=true
2025-10-27 10:37:49 [main] INFO  c.e.a.i.helper.UsernameValidator - Valid usernames after applying rules: [user0101, user01011706, user01011743]
2025-10-27 10:37:49 [main] INFO  c.e.a.s.i.UsernameSuggestionMockServiceImpl - 3 valid usernames after applying rules.
2025-10-27 10:37:49 [main] INFO  c.e.a.s.i.UsernameSuggestionMockServiceImpl - Returning 3 valid username suggestions to client.
2025-10-27 10:37:49 [main] INFO  c.e.a.s.i.UsernameSuggestionMockServiceImpl - [MockService] Received username suggestion request.
2025-10-27 10:37:49 [main] INFO  c.e.a.s.i.UsernameSuggestionMockServiceImpl - Language selected: en
2025-10-27 10:37:49 [main] INFO  c.e.a.s.i.UsernameSuggestionMockServiceImpl - QID received: 12345XYZ
2025-10-27 10:37:49 [main] INFO  c.e.a.s.i.UsernameSuggestionMockServiceImpl -  Reading mock user data from file: null
2025-10-27 10:37:49 [main] DEBUG c.e.a.s.i.UsernameSuggestionMockServiceImpl - User Data for QID 12345XYZ → firstName=John, lastName=Doe, dateOfBirth=01-01-90
2025-10-27 10:37:49 [main] DEBUG c.e.a.s.i.UsernameSuggestionMockServiceImpl - Generating unique usernames based on base: John Doe
2025-10-27 10:37:49 [main] INFO  c.e.a.s.i.UsernameSuggestionMockServiceImpl -  Combined base username: JohnDoe0101
2025-10-27 10:37:49 [main] DEBUG c.e.a.s.i.UsernameSuggestionMockServiceImpl - 🔹 Candidate 'JohnDoe0101' | Exists in DB: false
2025-10-27 10:37:49 [main] DEBUG c.e.a.s.i.UsernameSuggestionMockServiceImpl -  Added candidate: JohnDoe0101
2025-10-27 10:37:49 [main] DEBUG c.e.a.s.i.UsernameSuggestionMockServiceImpl - 🔹 Candidate 'JohnDoe01011706' | Exists in DB: false
2025-10-27 10:37:49 [main] DEBUG c.e.a.s.i.UsernameSuggestionMockServiceImpl -  Added candidate: JohnDoe01011706
2025-10-27 10:37:49 [main] DEBUG c.e.a.s.i.UsernameSuggestionMockServiceImpl - 🔹 Candidate 'JohnDoe01011743' | Exists in DB: false
2025-10-27 10:37:49 [main] DEBUG c.e.a.s.i.UsernameSuggestionMockServiceImpl -  Added candidate: JohnDoe01011743
2025-10-27 10:37:49 [main] INFO  c.e.a.s.i.UsernameSuggestionMockServiceImpl - Final list of available usernames: [JohnDoe0101, JohnDoe01011706, JohnDoe01011743]
2025-10-27 10:37:49 [main] INFO  c.e.a.s.i.UsernameSuggestionMockServiceImpl - Generated 3 username candidates: [JohnDoe0101, JohnDoe01011706, JohnDoe01011743]
2025-10-27 10:37:49 [main] INFO  c.e.a.s.i.UsernameSuggestionMockServiceImpl - [MockService] Received username suggestion request.
2025-10-27 10:37:49 [main] INFO  c.e.a.s.i.UsernameSuggestionMockServiceImpl - Language selected: en
2025-10-27 10:37:49 [main] INFO  c.e.a.s.i.UsernameSuggestionMockServiceImpl - QID received: 12345XYZ
2025-10-27 10:37:49 [main] INFO  c.e.a.s.i.UsernameSuggestionMockServiceImpl -  Reading mock user data from file: null
2025-10-27 10:37:49 [main] WARN  c.e.a.s.i.UsernameSuggestionMockServiceImpl - No user found for QID: 12345XYZ
2025-10-27 10:37:49 [main] INFO  c.e.a.s.i.UsernameSuggestionMockServiceImpl - [MockService] Received username suggestion request.
2025-10-27 10:37:49 [main] INFO  c.e.a.s.i.UsernameSuggestionMockServiceImpl - Language selected: en
2025-10-27 10:37:49 [main] INFO  c.e.a.s.i.UsernameSuggestionMockServiceImpl - QID received: 12345XYZ
2025-10-27 10:37:49 [main] INFO  c.e.a.s.i.UsernameSuggestionMockServiceImpl -  Reading mock user data from file: null
2025-10-27 10:37:49 [main] DEBUG c.e.a.s.i.UsernameSuggestionMockServiceImpl - User Data for QID 12345XYZ → firstName=John, lastName=Doe, dateOfBirth=01-01-90
2025-10-27 10:37:49 [main] DEBUG c.e.a.s.i.UsernameSuggestionMockServiceImpl - Generating unique usernames based on base: John Doe
2025-10-27 10:37:49 [main] INFO  c.e.a.s.i.UsernameSuggestionMockServiceImpl -  Combined base username: JohnDoe0101
2025-10-27 10:37:49 [main] DEBUG c.e.a.s.i.UsernameSuggestionMockServiceImpl - 🔹 Candidate 'JohnDoe0101' | Exists in DB: false
2025-10-27 10:37:49 [main] DEBUG c.e.a.s.i.UsernameSuggestionMockServiceImpl -  Added candidate: JohnDoe0101
2025-10-27 10:37:49 [main] DEBUG c.e.a.s.i.UsernameSuggestionMockServiceImpl - 🔹 Candidate 'JohnDoe01011706' | Exists in DB: false
2025-10-27 10:37:49 [main] DEBUG c.e.a.s.i.UsernameSuggestionMockServiceImpl -  Added candidate: JohnDoe01011706
2025-10-27 10:37:49 [main] DEBUG c.e.a.s.i.UsernameSuggestionMockServiceImpl - 🔹 Candidate 'JohnDoe01011743' | Exists in DB: false
2025-10-27 10:37:49 [main] DEBUG c.e.a.s.i.UsernameSuggestionMockServiceImpl -  Added candidate: JohnDoe01011743
2025-10-27 10:37:49 [main] INFO  c.e.a.s.i.UsernameSuggestionMockServiceImpl - Final list of available usernames: [JohnDoe0101, JohnDoe01011706, JohnDoe01011743]
2025-10-27 10:37:49 [main] INFO  c.e.a.s.i.UsernameSuggestionMockServiceImpl - Generated 3 username candidates: [JohnDoe0101, JohnDoe01011706, JohnDoe01011743]
2025-10-27 10:37:49 [main] INFO  c.e.a.s.i.UsernameSuggestionMockServiceImpl - Retrieved 1 username validation rules from DB.
2025-10-27 10:37:49 [main] INFO  c.e.a.i.helper.UsernameValidator - Applying validation rules to 3 generated usernames...
2025-10-27 10:37:49 [main] DEBUG c.e.a.i.helper.UsernameValidator - Validating username: 'JohnDoe0101'
2025-10-27 10:37:49 [main] DEBUG c.e.a.i.helper.UsernameValidator - Rule 'length>=3' applied to 'JohnDoe0101': match=true
2025-10-27 10:37:49 [main] DEBUG c.e.a.i.helper.UsernameValidator - Validating username: 'JohnDoe01011706'
2025-10-27 10:37:49 [main] DEBUG c.e.a.i.helper.UsernameValidator - Rule 'length>=3' applied to 'JohnDoe01011706': match=true
2025-10-27 10:37:49 [main] DEBUG c.e.a.i.helper.UsernameValidator - Validating username: 'JohnDoe01011743'
2025-10-27 10:37:49 [main] DEBUG c.e.a.i.helper.UsernameValidator - Rule 'length>=3' applied to 'JohnDoe01011743': match=true
2025-10-27 10:37:49 [main] INFO  c.e.a.i.helper.UsernameValidator - Valid usernames after applying rules: [JohnDoe0101, JohnDoe01011706, JohnDoe01011743]
2025-10-27 10:37:49 [main] INFO  c.e.a.s.i.UsernameSuggestionMockServiceImpl - 3 valid usernames after applying rules.
2025-10-27 10:37:49 [main] INFO  c.e.a.s.i.UsernameSuggestionMockServiceImpl - Returning 3 valid username suggestions to client.
2025-10-27 10:37:49 [SpringApplicationShutdownHook] INFO  o.s.o.j.LocalContainerEntityManagerFactoryBean - Closing JPA EntityManagerFactory for persistence unit 'default'
2025-10-27 10:37:49 [SpringApplicationShutdownHook] INFO  com.zaxxer.hikari.HikariDataSource - HikariPool-1 - Shutdown initiated...
2025-10-27 10:37:50 [SpringApplicationShutdownHook] INFO  com.zaxxer.hikari.HikariDataSource - HikariPool-1 - Shutdown completed.
2025-10-27 10:38:37 [main] INFO  c.e.a.c.UserNameSuggestionControllerTest - Starting UserNameSuggestionControllerTest using Java 21.0.8 with PID 18268 (started by bhavya in C:\intelliJ workspace\Dukhan Bank ODS\api-service)
2025-10-27 10:38:37 [main] DEBUG c.e.a.c.UserNameSuggestionControllerTest - Running with Spring Boot v3.5.4, Spring v6.2.9
2025-10-27 10:38:37 [main] INFO  c.e.a.c.UserNameSuggestionControllerTest - No active profile set, falling back to 1 default profile: "default"
2025-10-27 10:38:38 [main] INFO  o.s.d.r.c.RepositoryConfigurationDelegate - Bootstrapping Spring Data JPA repositories in DEFAULT mode.
2025-10-27 10:38:38 [main] INFO  o.s.d.r.c.RepositoryConfigurationDelegate - Finished Spring Data repository scanning in 267 ms. Found 8 JPA repository interfaces.
2025-10-27 10:38:41 [main] INFO  o.h.jpa.internal.util.LogHelper - HHH000204: Processing PersistenceUnitInfo [name: default]
2025-10-27 10:38:41 [main] INFO  org.hibernate.Version - HHH000412: Hibernate ORM core version 6.6.22.Final
2025-10-27 10:38:41 [main] INFO  o.h.c.i.RegionFactoryInitiator - HHH000026: Second-level cache disabled
2025-10-27 10:38:42 [main] INFO  o.s.o.j.p.SpringPersistenceUnitInfo - No LoadTimeWeaver setup: ignoring JPA class transformer
2025-10-27 10:38:42 [main] INFO  com.zaxxer.hikari.HikariDataSource - HikariPool-1 - Starting...
2025-10-27 10:38:44 [main] INFO  com.zaxxer.hikari.pool.HikariPool - HikariPool-1 - Added connection org.postgresql.jdbc.PgConnection@68b4e3a1
2025-10-27 10:38:44 [main] INFO  com.zaxxer.hikari.HikariDataSource - HikariPool-1 - Start completed.
2025-10-27 10:38:44 [main] WARN  org.hibernate.orm.deprecation - HHH90000025: PostgreSQLDialect does not need to be specified explicitly using 'hibernate.dialect' (remove the property setting and it will be selected by default)
2025-10-27 10:38:44 [main] INFO  o.hibernate.orm.connections.pooling - HHH10001005: Database info:
	Database JDBC URL [Connecting through datasource 'HikariDataSource (HikariPool-1)']
	Database driver: undefined/unknown
	Database version: 16.10
	Autocommit mode: undefined/unknown
	Isolation level: undefined/unknown
	Minimum pool size: undefined/unknown
	Maximum pool size: undefined/unknown
2025-10-27 10:38:47 [main] INFO  o.h.e.t.j.p.i.JtaPlatformInitiator - HHH000489: No JTA platform available (set 'hibernate.transaction.jta.platform' to enable JTA platform integration)
2025-10-27 10:38:48 [main] INFO  o.s.o.j.LocalContainerEntityManagerFactoryBean - Initialized JPA EntityManagerFactory for persistence unit 'default'
2025-10-27 10:38:49 [main] INFO  o.s.d.j.r.query.QueryEnhancerFactory - Hibernate is in classpath; If applicable, HQL parser will be used.
2025-10-27 10:38:51 [main] WARN  o.s.b.a.o.j.JpaBaseConfiguration$JpaWebConfiguration - spring.jpa.open-in-view is enabled by default. Therefore, database queries may be performed during view rendering. Explicitly configure spring.jpa.open-in-view to disable this warning
2025-10-27 10:38:53 [main] INFO  c.e.a.c.UserNameSuggestionControllerTest - Started UserNameSuggestionControllerTest in 16.663 seconds (process running for 19.305)
2025-10-27 10:38:53 [main] INFO  o.s.b.t.m.w.SpringBootMockServletContext - Initializing Spring TestDispatcherServlet ''
2025-10-27 10:38:53 [main] INFO  o.s.t.w.s.TestDispatcherServlet - Initializing Servlet ''
2025-10-27 10:38:53 [main] INFO  o.s.t.w.s.TestDispatcherServlet - Completed initialization in 4 ms
2025-10-27 10:38:53 [main] INFO  o.s.b.t.m.w.SpringBootMockServletContext - Initializing Spring TestDispatcherServlet ''
2025-10-27 10:38:53 [main] INFO  o.s.t.w.s.TestDispatcherServlet - Initializing Servlet ''
2025-10-27 10:38:53 [main] INFO  o.s.t.w.s.TestDispatcherServlet - Completed initialization in 2 ms
2025-10-27 10:38:53 [main] INFO  o.s.b.t.m.w.SpringBootMockServletContext - Initializing Spring TestDispatcherServlet ''
2025-10-27 10:38:53 [main] INFO  o.s.t.w.s.TestDispatcherServlet - Initializing Servlet ''
2025-10-27 10:38:53 [main] INFO  o.s.t.w.s.TestDispatcherServlet - Completed initialization in 0 ms
2025-10-27 10:38:53 [main] INFO  o.s.b.t.m.w.SpringBootMockServletContext - Initializing Spring TestDispatcherServlet ''
2025-10-27 10:38:53 [main] INFO  o.s.t.w.s.TestDispatcherServlet - Initializing Servlet ''
2025-10-27 10:38:53 [main] INFO  o.s.t.w.s.TestDispatcherServlet - Completed initialization in 1 ms
2025-10-27 10:38:53 [main] INFO  o.s.b.t.m.w.SpringBootMockServletContext - Initializing Spring TestDispatcherServlet ''
2025-10-27 10:38:53 [main] INFO  o.s.t.w.s.TestDispatcherServlet - Initializing Servlet ''
2025-10-27 10:38:53 [main] INFO  o.s.t.w.s.TestDispatcherServlet - Completed initialization in 2 ms
2025-10-27 10:38:53 [main] INFO  o.s.b.t.m.w.SpringBootMockServletContext - Initializing Spring TestDispatcherServlet ''
2025-10-27 10:38:53 [main] INFO  o.s.t.w.s.TestDispatcherServlet - Initializing Servlet ''
2025-10-27 10:38:53 [main] INFO  o.s.t.w.s.TestDispatcherServlet - Completed initialization in 1 ms
2025-10-27 10:38:53 [main] INFO  o.s.b.t.m.w.SpringBootMockServletContext - Initializing Spring TestDispatcherServlet ''
2025-10-27 10:38:53 [main] INFO  o.s.t.w.s.TestDispatcherServlet - Initializing Servlet ''
2025-10-27 10:38:53 [main] INFO  o.s.t.w.s.TestDispatcherServlet - Completed initialization in 5 ms
2025-10-27 10:38:53 [main] INFO  o.s.b.t.m.w.SpringBootMockServletContext - Initializing Spring TestDispatcherServlet ''
2025-10-27 10:38:53 [main] INFO  o.s.t.w.s.TestDispatcherServlet - Initializing Servlet ''
2025-10-27 10:38:53 [main] INFO  o.s.t.w.s.TestDispatcherServlet - Completed initialization in 1 ms
2025-10-27 10:38:53 [main] INFO  o.s.b.t.m.w.SpringBootMockServletContext - Initializing Spring TestDispatcherServlet ''
2025-10-27 10:38:53 [main] INFO  o.s.t.w.s.TestDispatcherServlet - Initializing Servlet ''
2025-10-27 10:38:53 [main] INFO  o.s.t.w.s.TestDispatcherServlet - Completed initialization in 1 ms
2025-10-27 10:38:54 [main] INFO  o.s.b.t.m.w.SpringBootMockServletContext - Initializing Spring TestDispatcherServlet ''
2025-10-27 10:38:54 [main] INFO  o.s.t.w.s.TestDispatcherServlet - Initializing Servlet ''
2025-10-27 10:38:54 [main] INFO  o.s.t.w.s.TestDispatcherServlet - Completed initialization in 3 ms
2025-10-27 10:38:54 [main] INFO  o.s.b.t.m.w.SpringBootMockServletContext - Initializing Spring TestDispatcherServlet ''
2025-10-27 10:38:54 [main] INFO  o.s.t.w.s.TestDispatcherServlet - Initializing Servlet ''
2025-10-27 10:38:54 [main] INFO  o.s.t.w.s.TestDispatcherServlet - Completed initialization in 2 ms
2025-10-27 10:38:54 [main] INFO  o.s.b.t.m.w.SpringBootMockServletContext - Initializing Spring TestDispatcherServlet ''
2025-10-27 10:38:54 [main] INFO  o.s.t.w.s.TestDispatcherServlet - Initializing Servlet ''
2025-10-27 10:38:54 [main] INFO  o.s.t.w.s.TestDispatcherServlet - Completed initialization in 1 ms
2025-10-27 10:38:54 [main] INFO  o.s.b.t.m.w.SpringBootMockServletContext - Initializing Spring TestDispatcherServlet ''
2025-10-27 10:38:54 [main] INFO  o.s.t.w.s.TestDispatcherServlet - Initializing Servlet ''
2025-10-27 10:38:54 [main] INFO  o.s.t.w.s.TestDispatcherServlet - Completed initialization in 1 ms
2025-10-27 10:38:54 [main] INFO  o.s.b.t.m.w.SpringBootMockServletContext - Initializing Spring TestDispatcherServlet ''
2025-10-27 10:38:54 [main] INFO  o.s.t.w.s.TestDispatcherServlet - Initializing Servlet ''
2025-10-27 10:38:54 [main] INFO  o.s.t.w.s.TestDispatcherServlet - Completed initialization in 0 ms
2025-10-27 10:38:54 [main] INFO  o.s.b.t.m.w.SpringBootMockServletContext - Initializing Spring TestDispatcherServlet ''
2025-10-27 10:38:54 [main] INFO  o.s.t.w.s.TestDispatcherServlet - Initializing Servlet ''
2025-10-27 10:38:54 [main] INFO  o.s.t.w.s.TestDispatcherServlet - Completed initialization in 1 ms
2025-10-27 10:38:54 [SpringApplicationShutdownHook] INFO  o.s.o.j.LocalContainerEntityManagerFactoryBean - Closing JPA EntityManagerFactory for persistence unit 'default'
2025-10-27 10:38:54 [SpringApplicationShutdownHook] INFO  com.zaxxer.hikari.HikariDataSource - HikariPool-1 - Shutdown initiated...
2025-10-27 10:38:55 [SpringApplicationShutdownHook] INFO  com.zaxxer.hikari.HikariDataSource - HikariPool-1 - Shutdown completed.
2025-10-27 10:39:42 [main] INFO  c.e.a.c.UserNameSuggestionControllerTest - Starting UserNameSuggestionControllerTest using Java 21.0.8 with PID 26620 (started by bhavya in C:\intelliJ workspace\Dukhan Bank ODS\api-service)
2025-10-27 10:39:42 [main] DEBUG c.e.a.c.UserNameSuggestionControllerTest - Running with Spring Boot v3.5.4, Spring v6.2.9
2025-10-27 10:39:42 [main] INFO  c.e.a.c.UserNameSuggestionControllerTest - No active profile set, falling back to 1 default profile: "default"
2025-10-27 10:39:43 [main] INFO  o.s.d.r.c.RepositoryConfigurationDelegate - Bootstrapping Spring Data JPA repositories in DEFAULT mode.
2025-10-27 10:39:43 [main] INFO  o.s.d.r.c.RepositoryConfigurationDelegate - Finished Spring Data repository scanning in 341 ms. Found 8 JPA repository interfaces.
2025-10-27 10:39:47 [main] INFO  o.h.jpa.internal.util.LogHelper - HHH000204: Processing PersistenceUnitInfo [name: default]
2025-10-27 10:39:47 [main] INFO  org.hibernate.Version - HHH000412: Hibernate ORM core version 6.6.22.Final
2025-10-27 10:39:47 [main] INFO  o.h.c.i.RegionFactoryInitiator - HHH000026: Second-level cache disabled
2025-10-27 10:39:47 [main] INFO  o.s.o.j.p.SpringPersistenceUnitInfo - No LoadTimeWeaver setup: ignoring JPA class transformer
2025-10-27 10:39:47 [main] INFO  com.zaxxer.hikari.HikariDataSource - HikariPool-1 - Starting...
2025-10-27 10:39:49 [main] INFO  com.zaxxer.hikari.pool.HikariPool - HikariPool-1 - Added connection org.postgresql.jdbc.PgConnection@68b4e3a1
2025-10-27 10:39:49 [main] INFO  com.zaxxer.hikari.HikariDataSource - HikariPool-1 - Start completed.
2025-10-27 10:39:50 [main] WARN  org.hibernate.orm.deprecation - HHH90000025: PostgreSQLDialect does not need to be specified explicitly using 'hibernate.dialect' (remove the property setting and it will be selected by default)
2025-10-27 10:39:50 [main] INFO  o.hibernate.orm.connections.pooling - HHH10001005: Database info:
	Database JDBC URL [Connecting through datasource 'HikariDataSource (HikariPool-1)']
	Database driver: undefined/unknown
	Database version: 16.10
	Autocommit mode: undefined/unknown
	Isolation level: undefined/unknown
	Minimum pool size: undefined/unknown
	Maximum pool size: undefined/unknown
2025-10-27 10:39:53 [main] INFO  o.h.e.t.j.p.i.JtaPlatformInitiator - HHH000489: No JTA platform available (set 'hibernate.transaction.jta.platform' to enable JTA platform integration)
2025-10-27 10:39:54 [main] INFO  o.s.o.j.LocalContainerEntityManagerFactoryBean - Initialized JPA EntityManagerFactory for persistence unit 'default'
2025-10-27 10:39:55 [main] INFO  o.s.d.j.r.query.QueryEnhancerFactory - Hibernate is in classpath; If applicable, HQL parser will be used.
2025-10-27 10:39:59 [main] WARN  o.s.b.a.o.j.JpaBaseConfiguration$JpaWebConfiguration - spring.jpa.open-in-view is enabled by default. Therefore, database queries may be performed during view rendering. Explicitly configure spring.jpa.open-in-view to disable this warning
2025-10-27 10:40:00 [main] INFO  c.e.a.c.UserNameSuggestionControllerTest - Started UserNameSuggestionControllerTest in 18.765 seconds (process running for 20.981)
2025-10-27 10:40:00 [main] INFO  o.s.b.t.m.w.SpringBootMockServletContext - Initializing Spring TestDispatcherServlet ''
2025-10-27 10:40:00 [main] INFO  o.s.t.w.s.TestDispatcherServlet - Initializing Servlet ''
2025-10-27 10:40:00 [main] INFO  o.s.t.w.s.TestDispatcherServlet - Completed initialization in 0 ms
2025-10-27 10:40:01 [main] INFO  o.s.b.t.m.w.SpringBootMockServletContext - Initializing Spring TestDispatcherServlet ''
2025-10-27 10:40:01 [main] INFO  o.s.t.w.s.TestDispatcherServlet - Initializing Servlet ''
2025-10-27 10:40:01 [main] INFO  o.s.t.w.s.TestDispatcherServlet - Completed initialization in 1 ms
2025-10-27 10:40:01 [main] INFO  o.s.b.t.m.w.SpringBootMockServletContext - Initializing Spring TestDispatcherServlet ''
2025-10-27 10:40:01 [main] INFO  o.s.t.w.s.TestDispatcherServlet - Initializing Servlet ''
2025-10-27 10:40:01 [main] INFO  o.s.t.w.s.TestDispatcherServlet - Completed initialization in 0 ms
2025-10-27 10:40:01 [main] INFO  o.s.b.t.m.w.SpringBootMockServletContext - Initializing Spring TestDispatcherServlet ''
2025-10-27 10:40:01 [main] INFO  o.s.t.w.s.TestDispatcherServlet - Initializing Servlet ''
2025-10-27 10:40:01 [main] INFO  o.s.t.w.s.TestDispatcherServlet - Completed initialization in 6 ms
2025-10-27 10:40:01 [main] INFO  o.s.b.t.m.w.SpringBootMockServletContext - Initializing Spring TestDispatcherServlet ''
2025-10-27 10:40:01 [main] INFO  o.s.t.w.s.TestDispatcherServlet - Initializing Servlet ''
2025-10-27 10:40:01 [main] INFO  o.s.t.w.s.TestDispatcherServlet - Completed initialization in 0 ms
2025-10-27 10:40:01 [main] INFO  o.s.b.t.m.w.SpringBootMockServletContext - Initializing Spring TestDispatcherServlet ''
2025-10-27 10:40:01 [main] INFO  o.s.t.w.s.TestDispatcherServlet - Initializing Servlet ''
2025-10-27 10:40:01 [main] INFO  o.s.t.w.s.TestDispatcherServlet - Completed initialization in 1 ms
2025-10-27 10:40:01 [main] INFO  o.s.b.t.m.w.SpringBootMockServletContext - Initializing Spring TestDispatcherServlet ''
2025-10-27 10:40:01 [main] INFO  o.s.t.w.s.TestDispatcherServlet - Initializing Servlet ''
2025-10-27 10:40:01 [main] INFO  o.s.t.w.s.TestDispatcherServlet - Completed initialization in 0 ms
2025-10-27 10:40:01 [main] INFO  o.s.b.t.m.w.SpringBootMockServletContext - Initializing Spring TestDispatcherServlet ''
2025-10-27 10:40:01 [main] INFO  o.s.t.w.s.TestDispatcherServlet - Initializing Servlet ''
2025-10-27 10:40:01 [main] INFO  o.s.t.w.s.TestDispatcherServlet - Completed initialization in 4 ms
2025-10-27 10:40:01 [main] INFO  o.s.b.t.m.w.SpringBootMockServletContext - Initializing Spring TestDispatcherServlet ''
2025-10-27 10:40:01 [main] INFO  o.s.t.w.s.TestDispatcherServlet - Initializing Servlet ''
2025-10-27 10:40:01 [main] INFO  o.s.t.w.s.TestDispatcherServlet - Completed initialization in 0 ms
2025-10-27 10:40:01 [main] INFO  o.s.b.t.m.w.SpringBootMockServletContext - Initializing Spring TestDispatcherServlet ''
2025-10-27 10:40:01 [main] INFO  o.s.t.w.s.TestDispatcherServlet - Initializing Servlet ''
2025-10-27 10:40:01 [main] INFO  o.s.t.w.s.TestDispatcherServlet - Completed initialization in 0 ms
2025-10-27 10:40:01 [main] INFO  o.s.b.t.m.w.SpringBootMockServletContext - Initializing Spring TestDispatcherServlet ''
2025-10-27 10:40:01 [main] INFO  o.s.t.w.s.TestDispatcherServlet - Initializing Servlet ''
2025-10-27 10:40:01 [main] INFO  o.s.t.w.s.TestDispatcherServlet - Completed initialization in 0 ms
2025-10-27 10:40:01 [main] INFO  o.s.b.t.m.w.SpringBootMockServletContext - Initializing Spring TestDispatcherServlet ''
2025-10-27 10:40:01 [main] INFO  o.s.t.w.s.TestDispatcherServlet - Initializing Servlet ''
2025-10-27 10:40:01 [main] INFO  o.s.t.w.s.TestDispatcherServlet - Completed initialization in 2 ms
2025-10-27 10:40:01 [main] INFO  o.s.b.t.m.w.SpringBootMockServletContext - Initializing Spring TestDispatcherServlet ''
2025-10-27 10:40:01 [main] INFO  o.s.t.w.s.TestDispatcherServlet - Initializing Servlet ''
2025-10-27 10:40:01 [main] INFO  o.s.t.w.s.TestDispatcherServlet - Completed initialization in 2 ms
2025-10-27 10:40:01 [main] INFO  o.s.b.t.m.w.SpringBootMockServletContext - Initializing Spring TestDispatcherServlet ''
2025-10-27 10:40:01 [main] INFO  o.s.t.w.s.TestDispatcherServlet - Initializing Servlet ''
2025-10-27 10:40:01 [main] INFO  o.s.t.w.s.TestDispatcherServlet - Completed initialization in 0 ms
2025-10-27 10:40:01 [main] INFO  o.s.b.t.m.w.SpringBootMockServletContext - Initializing Spring TestDispatcherServlet ''
2025-10-27 10:40:01 [main] INFO  o.s.t.w.s.TestDispatcherServlet - Initializing Servlet ''
2025-10-27 10:40:01 [main] INFO  o.s.t.w.s.TestDispatcherServlet - Completed initialization in 1 ms
2025-10-27 10:40:01 [SpringApplicationShutdownHook] INFO  o.s.o.j.LocalContainerEntityManagerFactoryBean - Closing JPA EntityManagerFactory for persistence unit 'default'
2025-10-27 10:40:01 [SpringApplicationShutdownHook] INFO  com.zaxxer.hikari.HikariDataSource - HikariPool-1 - Shutdown initiated...
2025-10-27 10:40:02 [SpringApplicationShutdownHook] INFO  com.zaxxer.hikari.HikariDataSource - HikariPool-1 - Shutdown completed.
2025-10-27 10:42:19 [main] INFO  c.e.a.c.UserNameSuggestionControllerTest - Starting UserNameSuggestionControllerTest using Java 21.0.5 with PID 14296 (started by bhavya in C:\intelliJ workspace\Dukhan Bank ODS\api-service)
2025-10-27 10:42:19 [main] DEBUG c.e.a.c.UserNameSuggestionControllerTest - Running with Spring Boot v3.5.4, Spring v6.2.9
2025-10-27 10:42:19 [main] INFO  c.e.a.c.UserNameSuggestionControllerTest - No active profile set, falling back to 1 default profile: "default"
2025-10-27 10:42:20 [main] INFO  o.s.d.r.c.RepositoryConfigurationDelegate - Bootstrapping Spring Data JPA repositories in DEFAULT mode.
2025-10-27 10:42:20 [main] INFO  o.s.d.r.c.RepositoryConfigurationDelegate - Finished Spring Data repository scanning in 298 ms. Found 8 JPA repository interfaces.
2025-10-27 10:42:23 [main] INFO  o.h.jpa.internal.util.LogHelper - HHH000204: Processing PersistenceUnitInfo [name: default]
2025-10-27 10:42:23 [main] INFO  org.hibernate.Version - HHH000412: Hibernate ORM core version 6.6.22.Final
2025-10-27 10:42:23 [main] INFO  o.h.c.i.RegionFactoryInitiator - HHH000026: Second-level cache disabled
2025-10-27 10:42:23 [main] INFO  o.s.o.j.p.SpringPersistenceUnitInfo - No LoadTimeWeaver setup: ignoring JPA class transformer
2025-10-27 10:42:23 [main] INFO  com.zaxxer.hikari.HikariDataSource - HikariPool-1 - Starting...
2025-10-27 10:42:25 [main] INFO  com.zaxxer.hikari.pool.HikariPool - HikariPool-1 - Added connection org.postgresql.jdbc.PgConnection@49616310
2025-10-27 10:42:25 [main] INFO  com.zaxxer.hikari.HikariDataSource - HikariPool-1 - Start completed.
2025-10-27 10:42:25 [main] WARN  org.hibernate.orm.deprecation - HHH90000025: PostgreSQLDialect does not need to be specified explicitly using 'hibernate.dialect' (remove the property setting and it will be selected by default)
2025-10-27 10:42:25 [main] INFO  o.hibernate.orm.connections.pooling - HHH10001005: Database info:
	Database JDBC URL [Connecting through datasource 'HikariDataSource (HikariPool-1)']
	Database driver: undefined/unknown
	Database version: 16.10
	Autocommit mode: undefined/unknown
	Isolation level: undefined/unknown
	Minimum pool size: undefined/unknown
	Maximum pool size: undefined/unknown
2025-10-27 10:42:27 [main] INFO  o.h.e.t.j.p.i.JtaPlatformInitiator - HHH000489: No JTA platform available (set 'hibernate.transaction.jta.platform' to enable JTA platform integration)
2025-10-27 10:42:28 [main] INFO  o.s.o.j.LocalContainerEntityManagerFactoryBean - Initialized JPA EntityManagerFactory for persistence unit 'default'
2025-10-27 10:42:29 [main] INFO  o.s.d.j.r.query.QueryEnhancerFactory - Hibernate is in classpath; If applicable, HQL parser will be used.
2025-10-27 10:42:31 [main] WARN  o.s.b.a.o.j.JpaBaseConfiguration$JpaWebConfiguration - spring.jpa.open-in-view is enabled by default. Therefore, database queries may be performed during view rendering. Explicitly configure spring.jpa.open-in-view to disable this warning
2025-10-27 10:42:33 [main] INFO  c.e.a.c.UserNameSuggestionControllerTest - Started UserNameSuggestionControllerTest in 14.059 seconds (process running for 15.674)
2025-10-27 10:42:33 [main] INFO  o.s.b.t.m.w.SpringBootMockServletContext - Initializing Spring TestDispatcherServlet ''
2025-10-27 10:42:33 [main] INFO  o.s.t.w.s.TestDispatcherServlet - Initializing Servlet ''
2025-10-27 10:42:33 [main] INFO  o.s.t.w.s.TestDispatcherServlet - Completed initialization in 14 ms
2025-10-27 10:42:33 [main] INFO  c.e.a.c.UserNameSuggestionController - Received username suggestion request for QID: 1234567890
2025-10-27 10:42:33 [main] INFO  o.s.b.t.m.w.SpringBootMockServletContext - Initializing Spring TestDispatcherServlet ''
2025-10-27 10:42:33 [main] INFO  o.s.t.w.s.TestDispatcherServlet - Initializing Servlet ''
2025-10-27 10:42:33 [main] INFO  o.s.t.w.s.TestDispatcherServlet - Completed initialization in 0 ms
2025-10-27 10:42:33 [main] INFO  c.e.a.c.UserNameSuggestionController - Received username suggestion request for QID: 1234567890
2025-10-27 10:42:33 [main] INFO  c.e.a.c.UserNameSuggestionController - Returning 0 username suggestions for QID: 1234567890
2025-10-27 10:42:34 [main] INFO  o.s.b.t.m.w.SpringBootMockServletContext - Initializing Spring TestDispatcherServlet ''
2025-10-27 10:42:34 [main] INFO  o.s.t.w.s.TestDispatcherServlet - Initializing Servlet ''
2025-10-27 10:42:34 [main] INFO  o.s.t.w.s.TestDispatcherServlet - Completed initialization in 0 ms
2025-10-27 10:42:34 [main] INFO  c.e.a.c.UserNameSuggestionController - Received username suggestion request for QID: 1234567890
2025-10-27 10:42:34 [main] INFO  c.e.a.c.UserNameSuggestionController - Returning 0 username suggestions for QID: 1234567890
2025-10-27 10:42:34 [main] INFO  o.s.b.t.m.w.SpringBootMockServletContext - Initializing Spring TestDispatcherServlet ''
2025-10-27 10:42:34 [main] INFO  o.s.t.w.s.TestDispatcherServlet - Initializing Servlet ''
2025-10-27 10:42:34 [main] INFO  o.s.t.w.s.TestDispatcherServlet - Completed initialization in 0 ms
2025-10-27 10:42:34 [main] INFO  o.s.b.t.m.w.SpringBootMockServletContext - Initializing Spring TestDispatcherServlet ''
2025-10-27 10:42:34 [main] INFO  o.s.t.w.s.TestDispatcherServlet - Initializing Servlet ''
2025-10-27 10:42:34 [main] INFO  o.s.t.w.s.TestDispatcherServlet - Completed initialization in 1 ms
2025-10-27 10:42:34 [main] INFO  o.s.b.t.m.w.SpringBootMockServletContext - Initializing Spring TestDispatcherServlet ''
2025-10-27 10:42:34 [main] INFO  o.s.t.w.s.TestDispatcherServlet - Initializing Servlet ''
2025-10-27 10:42:34 [main] INFO  o.s.t.w.s.TestDispatcherServlet - Completed initialization in 0 ms
2025-10-27 10:42:34 [main] INFO  o.s.b.t.m.w.SpringBootMockServletContext - Initializing Spring TestDispatcherServlet ''
2025-10-27 10:42:34 [main] INFO  o.s.t.w.s.TestDispatcherServlet - Initializing Servlet ''
2025-10-27 10:42:34 [main] INFO  o.s.t.w.s.TestDispatcherServlet - Completed initialization in 1 ms
2025-10-27 10:42:34 [main] INFO  c.e.a.c.UserNameSuggestionController - Received username suggestion request for QID: 
2025-10-27 10:42:34 [main] INFO  c.e.a.c.UserNameSuggestionController - Returning 0 username suggestions for QID: 
2025-10-27 10:42:34 [main] INFO  o.s.b.t.m.w.SpringBootMockServletContext - Initializing Spring TestDispatcherServlet ''
2025-10-27 10:42:34 [main] INFO  o.s.t.w.s.TestDispatcherServlet - Initializing Servlet ''
2025-10-27 10:42:34 [main] INFO  o.s.t.w.s.TestDispatcherServlet - Completed initialization in 1 ms
2025-10-27 10:42:34 [main] INFO  o.s.b.t.m.w.SpringBootMockServletContext - Initializing Spring TestDispatcherServlet ''
2025-10-27 10:42:34 [main] INFO  o.s.t.w.s.TestDispatcherServlet - Initializing Servlet ''
2025-10-27 10:42:34 [main] INFO  o.s.t.w.s.TestDispatcherServlet - Completed initialization in 1 ms
2025-10-27 10:42:34 [main] INFO  c.e.a.c.UserNameSuggestionController - Received username suggestion request for QID: 1234567890
2025-10-27 10:42:34 [main] WARN  o.s.w.s.m.m.a.ExceptionHandlerExceptionResolver - Failure in @ExceptionHandler com.example.api.exception.GlobalExceptionHandler#handleGenericException(Exception)
org.springframework.web.HttpMediaTypeNotAcceptableException: No acceptable representation
	at org.springframework.web.servlet.mvc.method.annotation.AbstractMessageConverterMethodProcessor.writeWithMessageConverters(AbstractMessageConverterMethodProcessor.java:291)
	at org.springframework.web.servlet.mvc.method.annotation.HttpEntityMethodProcessor.handleReturnValue(HttpEntityMethodProcessor.java:263)
	at org.springframework.web.method.support.HandlerMethodReturnValueHandlerComposite.handleReturnValue(HandlerMethodReturnValueHandlerComposite.java:78)
	at org.springframework.web.servlet.mvc.method.annotation.ServletInvocableHandlerMethod.invokeAndHandle(ServletInvocableHandlerMethod.java:136)
	at org.springframework.web.servlet.mvc.method.annotation.ExceptionHandlerExceptionResolver.doResolveHandlerMethodException(ExceptionHandlerExceptionResolver.java:471)
	at org.springframework.web.servlet.handler.AbstractHandlerMethodExceptionResolver.doResolveException(AbstractHandlerMethodExceptionResolver.java:73)
	at org.springframework.web.servlet.handler.AbstractHandlerExceptionResolver.resolveException(AbstractHandlerExceptionResolver.java:182)
	at org.springframework.web.servlet.handler.HandlerExceptionResolverComposite.resolveException(HandlerExceptionResolverComposite.java:80)
	at org.springframework.web.servlet.DispatcherServlet.processHandlerException(DispatcherServlet.java:1360)
	at org.springframework.test.web.servlet.TestDispatcherServlet.processHandlerException(TestDispatcherServlet.java:146)
	at org.springframework.web.servlet.DispatcherServlet.processDispatchResult(DispatcherServlet.java:1161)
	at org.springframework.web.servlet.DispatcherServlet.doDispatch(DispatcherServlet.java:1106)
	at org.springframework.web.servlet.DispatcherServlet.doService(DispatcherServlet.java:979)
	at org.springframework.web.servlet.FrameworkServlet.processRequest(FrameworkServlet.java:1014)
	at org.springframework.web.servlet.FrameworkServlet.doPost(FrameworkServlet.java:914)
	at jakarta.servlet.http.HttpServlet.service(HttpServlet.java:590)
	at org.springframework.web.servlet.FrameworkServlet.service(FrameworkServlet.java:885)
	at org.springframework.test.web.servlet.TestDispatcherServlet.service(TestDispatcherServlet.java:72)
	at jakarta.servlet.http.HttpServlet.service(HttpServlet.java:658)
	at org.springframework.mock.web.MockFilterChain$ServletFilterProxy.doFilter(MockFilterChain.java:165)
	at org.springframework.mock.web.MockFilterChain.doFilter(MockFilterChain.java:132)
	at org.springframework.test.web.servlet.MockMvc.perform(MockMvc.java:201)
	at com.example.api.controller.UserNameSuggestionControllerTest.testSuggestUsernames_WrongAcceptHeader(UserNameSuggestionControllerTest.java:754)
	at java.base/jdk.internal.reflect.DirectMethodHandleAccessor.invoke(DirectMethodHandleAccessor.java:103)
	at java.base/java.lang.reflect.Method.invoke(Method.java:580)
	at org.junit.platform.commons.util.ReflectionUtils.invokeMethod(ReflectionUtils.java:775)
	at org.junit.platform.commons.support.ReflectionSupport.invokeMethod(ReflectionSupport.java:479)
	at org.junit.jupiter.engine.execution.MethodInvocation.proceed(MethodInvocation.java:60)
	at org.junit.jupiter.engine.execution.InvocationInterceptorChain$ValidatingInvocation.proceed(InvocationInterceptorChain.java:131)
	at org.junit.jupiter.engine.extension.TimeoutExtension.intercept(TimeoutExtension.java:161)
	at org.junit.jupiter.engine.extension.TimeoutExtension.interceptTestableMethod(TimeoutExtension.java:152)
	at org.junit.jupiter.engine.extension.TimeoutExtension.interceptTestMethod(TimeoutExtension.java:91)
	at org.junit.jupiter.engine.execution.InterceptingExecutableInvoker$ReflectiveInterceptorCall.lambda$ofVoidMethod$0(InterceptingExecutableInvoker.java:112)
	at org.junit.jupiter.engine.execution.InterceptingExecutableInvoker.lambda$invoke$0(InterceptingExecutableInvoker.java:94)
	at org.junit.jupiter.engine.execution.InvocationInterceptorChain$InterceptedInvocation.proceed(InvocationInterceptorChain.java:106)
	at org.junit.jupiter.engine.execution.InvocationInterceptorChain.proceed(InvocationInterceptorChain.java:64)
	at org.junit.jupiter.engine.execution.InvocationInterceptorChain.chainAndInvoke(InvocationInterceptorChain.java:45)
	at org.junit.jupiter.engine.execution.InvocationInterceptorChain.invoke(InvocationInterceptorChain.java:37)
	at org.junit.jupiter.engine.execution.InterceptingExecutableInvoker.invoke(InterceptingExecutableInvoker.java:93)
	at org.junit.jupiter.engine.execution.InterceptingExecutableInvoker.invoke(InterceptingExecutableInvoker.java:87)
	at org.junit.jupiter.engine.descriptor.TestMethodTestDescriptor.lambda$invokeTestMethod$7(TestMethodTestDescriptor.java:216)
	at org.junit.platform.engine.support.hierarchical.ThrowableCollector.execute(ThrowableCollector.java:73)
	at org.junit.jupiter.engine.descriptor.TestMethodTestDescriptor.invokeTestMethod(TestMethodTestDescriptor.java:212)
	at org.junit.jupiter.engine.descriptor.TestMethodTestDescriptor.execute(TestMethodTestDescriptor.java:137)
	at org.junit.jupiter.engine.descriptor.TestMethodTestDescriptor.execute(TestMethodTestDescriptor.java:69)
	at org.junit.platform.engine.support.hierarchical.NodeTestTask.lambda$executeRecursively$6(NodeTestTask.java:156)
	at org.junit.platform.engine.support.hierarchical.ThrowableCollector.execute(ThrowableCollector.java:73)
	at org.junit.platform.engine.support.hierarchical.NodeTestTask.lambda$executeRecursively$8(NodeTestTask.java:146)
	at org.junit.platform.engine.support.hierarchical.Node.around(Node.java:137)
	at org.junit.platform.engine.support.hierarchical.NodeTestTask.lambda$executeRecursively$9(NodeTestTask.java:144)
	at org.junit.platform.engine.support.hierarchical.ThrowableCollector.execute(ThrowableCollector.java:73)
	at org.junit.platform.engine.support.hierarchical.NodeTestTask.executeRecursively(NodeTestTask.java:143)
	at org.junit.platform.engine.support.hierarchical.NodeTestTask.execute(NodeTestTask.java:100)
	at java.base/java.util.ArrayList.forEach(ArrayList.java:1596)
	at org.junit.platform.engine.support.hierarchical.SameThreadHierarchicalTestExecutorService.invokeAll(SameThreadHierarchicalTestExecutorService.java:41)
	at org.junit.platform.engine.support.hierarchical.NodeTestTask.lambda$executeRecursively$6(NodeTestTask.java:160)
	at org.junit.platform.engine.support.hierarchical.ThrowableCollector.execute(ThrowableCollector.java:73)
	at org.junit.platform.engine.support.hierarchical.NodeTestTask.lambda$executeRecursively$8(NodeTestTask.java:146)
	at org.junit.platform.engine.support.hierarchical.Node.around(Node.java:137)
	at org.junit.platform.engine.support.hierarchical.NodeTestTask.lambda$executeRecursively$9(NodeTestTask.java:144)
	at org.junit.platform.engine.support.hierarchical.ThrowableCollector.execute(ThrowableCollector.java:73)
	at org.junit.platform.engine.support.hierarchical.NodeTestTask.executeRecursively(NodeTestTask.java:143)
	at org.junit.platform.engine.support.hierarchical.NodeTestTask.execute(NodeTestTask.java:100)
	at java.base/java.util.ArrayList.forEach(ArrayList.java:1596)
	at org.junit.platform.engine.support.hierarchical.SameThreadHierarchicalTestExecutorService.invokeAll(SameThreadHierarchicalTestExecutorService.java:41)
	at org.junit.platform.engine.support.hierarchical.NodeTestTask.lambda$executeRecursively$6(NodeTestTask.java:160)
	at org.junit.platform.engine.support.hierarchical.ThrowableCollector.execute(ThrowableCollector.java:73)
	at org.junit.platform.engine.support.hierarchical.NodeTestTask.lambda$executeRecursively$8(NodeTestTask.java:146)
	at org.junit.platform.engine.support.hierarchical.Node.around(Node.java:137)
	at org.junit.platform.engine.support.hierarchical.NodeTestTask.lambda$executeRecursively$9(NodeTestTask.java:144)
	at org.junit.platform.engine.support.hierarchical.ThrowableCollector.execute(ThrowableCollector.java:73)
	at org.junit.platform.engine.support.hierarchical.NodeTestTask.executeRecursively(NodeTestTask.java:143)
	at org.junit.platform.engine.support.hierarchical.NodeTestTask.execute(NodeTestTask.java:100)
	at org.junit.platform.engine.support.hierarchical.SameThreadHierarchicalTestExecutorService.submit(SameThreadHierarchicalTestExecutorService.java:35)
	at org.junit.platform.engine.support.hierarchical.HierarchicalTestExecutor.execute(HierarchicalTestExecutor.java:57)
	at org.junit.platform.engine.support.hierarchical.HierarchicalTestEngine.execute(HierarchicalTestEngine.java:54)
	at org.junit.platform.launcher.core.EngineExecutionOrchestrator.execute(EngineExecutionOrchestrator.java:201)
	at org.junit.platform.launcher.core.EngineExecutionOrchestrator.execute(EngineExecutionOrchestrator.java:170)
	at org.junit.platform.launcher.core.EngineExecutionOrchestrator.execute(EngineExecutionOrchestrator.java:94)
	at org.junit.platform.launcher.core.EngineExecutionOrchestrator.lambda$execute$0(EngineExecutionOrchestrator.java:59)
	at org.junit.platform.launcher.core.EngineExecutionOrchestrator.withInterceptedStreams(EngineExecutionOrchestrator.java:142)
	at org.junit.platform.launcher.core.EngineExecutionOrchestrator.execute(EngineExecutionOrchestrator.java:58)
	at org.junit.platform.launcher.core.DefaultLauncher.execute(DefaultLauncher.java:103)
	at org.junit.platform.launcher.core.DefaultLauncher.execute(DefaultLauncher.java:85)
	at org.junit.platform.launcher.core.DelegatingLauncher.execute(DelegatingLauncher.java:47)
	at org.junit.platform.launcher.core.InterceptingLauncher.lambda$execute$1(InterceptingLauncher.java:39)
	at org.junit.platform.launcher.core.ClasspathAlignmentCheckingLauncherInterceptor.intercept(ClasspathAlignmentCheckingLauncherInterceptor.java:25)
	at org.junit.platform.launcher.core.InterceptingLauncher.execute(InterceptingLauncher.java:38)
	at org.junit.platform.launcher.core.DelegatingLauncher.execute(DelegatingLauncher.java:47)
	at org.apache.maven.surefire.junitplatform.LazyLauncher.execute(LazyLauncher.java:56)
	at org.apache.maven.surefire.junitplatform.JUnitPlatformProvider.execute(JUnitPlatformProvider.java:194)
	at org.apache.maven.surefire.junitplatform.JUnitPlatformProvider.invokeAllTests(JUnitPlatformProvider.java:150)
	at org.apache.maven.surefire.junitplatform.JUnitPlatformProvider.invoke(JUnitPlatformProvider.java:124)
	at org.apache.maven.surefire.booter.ForkedBooter.runSuitesInProcess(ForkedBooter.java:385)
	at org.apache.maven.surefire.booter.ForkedBooter.execute(ForkedBooter.java:162)
	at org.apache.maven.surefire.booter.ForkedBooter.run(ForkedBooter.java:507)
	at org.apache.maven.surefire.booter.ForkedBooter.main(ForkedBooter.java:495)
2025-10-27 10:42:34 [main] INFO  o.s.b.t.m.w.SpringBootMockServletContext - Initializing Spring TestDispatcherServlet ''
2025-10-27 10:42:34 [main] INFO  o.s.t.w.s.TestDispatcherServlet - Initializing Servlet ''
2025-10-27 10:42:34 [main] INFO  o.s.t.w.s.TestDispatcherServlet - Completed initialization in 2 ms
2025-10-27 10:42:34 [main] INFO  c.e.a.c.UserNameSuggestionController - Received username suggestion request for QID: 1234567890
2025-10-27 10:42:34 [main] INFO  c.e.a.c.UserNameSuggestionController - Returning 0 username suggestions for QID: 1234567890
2025-10-27 10:42:34 [main] INFO  o.s.b.t.m.w.SpringBootMockServletContext - Initializing Spring TestDispatcherServlet ''
2025-10-27 10:42:34 [main] INFO  o.s.t.w.s.TestDispatcherServlet - Initializing Servlet ''
2025-10-27 10:42:34 [main] INFO  o.s.t.w.s.TestDispatcherServlet - Completed initialization in 2 ms
2025-10-27 10:42:34 [main] INFO  c.e.a.c.UserNameSuggestionController - Received username suggestion request for QID: 1234567890
2025-10-27 10:42:34 [main] INFO  c.e.a.c.UserNameSuggestionController - Returning 1 username suggestions for QID: 1234567890
2025-10-27 10:42:34 [main] INFO  o.s.b.t.m.w.SpringBootMockServletContext - Initializing Spring TestDispatcherServlet ''
2025-10-27 10:42:34 [main] INFO  o.s.t.w.s.TestDispatcherServlet - Initializing Servlet ''
2025-10-27 10:42:34 [main] INFO  o.s.t.w.s.TestDispatcherServlet - Completed initialization in 2 ms
2025-10-27 10:42:34 [main] INFO  c.e.a.c.UserNameSuggestionController - Received username suggestion request for QID: 1234567890
2025-10-27 10:42:34 [main] INFO  c.e.a.c.UserNameSuggestionController - Returning 1 username suggestions for QID: 1234567890
2025-10-27 10:42:34 [main] INFO  o.s.b.t.m.w.SpringBootMockServletContext - Initializing Spring TestDispatcherServlet ''
2025-10-27 10:42:34 [main] INFO  o.s.t.w.s.TestDispatcherServlet - Initializing Servlet ''
2025-10-27 10:42:34 [main] INFO  o.s.t.w.s.TestDispatcherServlet - Completed initialization in 2 ms
2025-10-27 10:42:34 [main] INFO  o.s.b.t.m.w.SpringBootMockServletContext - Initializing Spring TestDispatcherServlet ''
2025-10-27 10:42:34 [main] INFO  o.s.t.w.s.TestDispatcherServlet - Initializing Servlet ''
2025-10-27 10:42:34 [main] INFO  o.s.t.w.s.TestDispatcherServlet - Completed initialization in 4 ms
2025-10-27 10:42:34 [main] INFO  o.s.b.t.m.w.SpringBootMockServletContext - Initializing Spring TestDispatcherServlet ''
2025-10-27 10:42:34 [main] INFO  o.s.t.w.s.TestDispatcherServlet - Initializing Servlet ''
2025-10-27 10:42:34 [main] INFO  o.s.t.w.s.TestDispatcherServlet - Completed initialization in 3 ms
2025-10-27 10:42:34 [main] INFO  c.e.a.c.UserNameSuggestionController - Received username suggestion request for QID: 1234567890
2025-10-27 10:42:34 [main] INFO  c.e.a.c.UserNameSuggestionController - Returning 0 username suggestions for QID: 1234567890
2025-10-27 10:42:34 [main] INFO  o.s.b.t.m.w.SpringBootMockServletContext - Initializing Spring TestDispatcherServlet ''
2025-10-27 10:42:34 [main] INFO  o.s.t.w.s.TestDispatcherServlet - Initializing Servlet ''
2025-10-27 10:42:34 [main] INFO  o.s.t.w.s.TestDispatcherServlet - Completed initialization in 0 ms
2025-10-27 10:42:34 [main] INFO  o.s.b.t.m.w.SpringBootMockServletContext - Initializing Spring TestDispatcherServlet ''
2025-10-27 10:42:34 [main] INFO  o.s.t.w.s.TestDispatcherServlet - Initializing Servlet ''
2025-10-27 10:42:34 [main] INFO  o.s.t.w.s.TestDispatcherServlet - Completed initialization in 0 ms
2025-10-27 10:42:34 [main] INFO  o.s.b.t.m.w.SpringBootMockServletContext - Initializing Spring TestDispatcherServlet ''
2025-10-27 10:42:34 [main] INFO  o.s.t.w.s.TestDispatcherServlet - Initializing Servlet ''
2025-10-27 10:42:34 [main] INFO  o.s.t.w.s.TestDispatcherServlet - Completed initialization in 3 ms
2025-10-27 10:42:34 [main] INFO  o.s.b.t.m.w.SpringBootMockServletContext - Initializing Spring TestDispatcherServlet ''
2025-10-27 10:42:34 [main] INFO  o.s.t.w.s.TestDispatcherServlet - Initializing Servlet ''
2025-10-27 10:42:34 [main] INFO  o.s.t.w.s.TestDispatcherServlet - Completed initialization in 0 ms
2025-10-27 10:42:34 [main] INFO  c.e.a.c.UserNameSuggestionController - Received username suggestion request for QID: 1234567890
2025-10-27 10:42:34 [main] INFO  c.e.a.c.UserNameSuggestionController - Returning 1 username suggestions for QID: 1234567890
2025-10-27 10:42:34 [main] INFO  o.s.b.t.m.w.SpringBootMockServletContext - Initializing Spring TestDispatcherServlet ''
2025-10-27 10:42:34 [main] INFO  o.s.t.w.s.TestDispatcherServlet - Initializing Servlet ''
2025-10-27 10:42:34 [main] INFO  o.s.t.w.s.TestDispatcherServlet - Completed initialization in 2 ms
2025-10-27 10:42:34 [main] INFO  o.s.b.t.m.w.SpringBootMockServletContext - Initializing Spring TestDispatcherServlet ''
2025-10-27 10:42:34 [main] INFO  o.s.t.w.s.TestDispatcherServlet - Initializing Servlet ''
2025-10-27 10:42:34 [main] INFO  o.s.t.w.s.TestDispatcherServlet - Completed initialization in 9 ms
2025-10-27 10:42:34 [main] INFO  c.e.a.c.UserNameSuggestionController - Received username suggestion request for QID: 1234567890
2025-10-27 10:42:34 [main] INFO  c.e.a.c.UserNameSuggestionController - Returning 1 username suggestions for QID: 1234567890
2025-10-27 10:42:34 [main] INFO  o.s.b.t.m.w.SpringBootMockServletContext - Initializing Spring TestDispatcherServlet ''
2025-10-27 10:42:34 [main] INFO  o.s.t.w.s.TestDispatcherServlet - Initializing Servlet ''
2025-10-27 10:42:34 [main] INFO  o.s.t.w.s.TestDispatcherServlet - Completed initialization in 1 ms
2025-10-27 10:42:34 [main] INFO  o.s.b.t.m.w.SpringBootMockServletContext - Initializing Spring TestDispatcherServlet ''
2025-10-27 10:42:34 [main] INFO  o.s.t.w.s.TestDispatcherServlet - Initializing Servlet ''
2025-10-27 10:42:34 [main] INFO  o.s.t.w.s.TestDispatcherServlet - Completed initialization in 0 ms
2025-10-27 10:42:34 [main] INFO  c.e.a.c.UserNameSuggestionController - Received username suggestion request for QID: 1234567890
2025-10-27 10:42:34 [main] INFO  o.s.b.t.m.w.SpringBootMockServletContext - Initializing Spring TestDispatcherServlet ''
2025-10-27 10:42:34 [main] INFO  o.s.t.w.s.TestDispatcherServlet - Initializing Servlet ''
2025-10-27 10:42:34 [main] INFO  o.s.t.w.s.TestDispatcherServlet - Completed initialization in 7 ms
2025-10-27 10:42:34 [main] INFO  o.s.b.t.m.w.SpringBootMockServletContext - Initializing Spring TestDispatcherServlet ''
2025-10-27 10:42:34 [main] INFO  o.s.t.w.s.TestDispatcherServlet - Initializing Servlet ''
2025-10-27 10:42:34 [main] INFO  o.s.t.w.s.TestDispatcherServlet - Completed initialization in 1 ms
2025-10-27 10:42:34 [main] INFO  o.s.b.t.m.w.SpringBootMockServletContext - Initializing Spring TestDispatcherServlet ''
2025-10-27 10:42:34 [main] INFO  o.s.t.w.s.TestDispatcherServlet - Initializing Servlet ''
2025-10-27 10:42:34 [main] INFO  o.s.t.w.s.TestDispatcherServlet - Completed initialization in 1 ms
2025-10-27 10:42:34 [main] INFO  c.e.a.c.UserNameSuggestionController - Received username suggestion request for QID: 123@#$%^&*()
2025-10-27 10:42:34 [main] INFO  c.e.a.c.UserNameSuggestionController - Returning 1 username suggestions for QID: 123@#$%^&*()
2025-10-27 10:42:34 [main] INFO  o.s.b.t.m.w.SpringBootMockServletContext - Initializing Spring TestDispatcherServlet ''
2025-10-27 10:42:34 [main] INFO  o.s.t.w.s.TestDispatcherServlet - Initializing Servlet ''
2025-10-27 10:42:34 [main] INFO  o.s.t.w.s.TestDispatcherServlet - Completed initialization in 0 ms
2025-10-27 10:42:34 [main] INFO  c.e.a.c.UserNameSuggestionController - Received username suggestion request for QID: 1234567890
2025-10-27 10:42:34 [main] INFO  c.e.a.c.UserNameSuggestionController - Returning 1 username suggestions for QID: 1234567890
2025-10-27 10:42:34 [main] INFO  o.s.b.t.m.w.SpringBootMockServletContext - Initializing Spring TestDispatcherServlet ''
2025-10-27 10:42:34 [main] INFO  o.s.t.w.s.TestDispatcherServlet - Initializing Servlet ''
2025-10-27 10:42:34 [main] INFO  o.s.t.w.s.TestDispatcherServlet - Completed initialization in 6 ms
2025-10-27 10:42:34 [main] INFO  c.e.a.c.UserNameSuggestionController - Received username suggestion request for QID: 1234567890
2025-10-27 10:42:34 [main] INFO  c.e.a.c.UserNameSuggestionController - Returning 1 username suggestions for QID: 1234567890
2025-10-27 10:42:34 [main] INFO  o.s.b.t.m.w.SpringBootMockServletContext - Initializing Spring TestDispatcherServlet ''
2025-10-27 10:42:34 [main] INFO  o.s.t.w.s.TestDispatcherServlet - Initializing Servlet ''
2025-10-27 10:42:34 [main] INFO  o.s.t.w.s.TestDispatcherServlet - Completed initialization in 1 ms
2025-10-27 10:42:34 [main] INFO  c.e.a.c.UserNameSuggestionController - Received username suggestion request for QID: 1234567890
2025-10-27 10:42:34 [main] INFO  o.s.b.t.m.w.SpringBootMockServletContext - Initializing Spring TestDispatcherServlet ''
2025-10-27 10:42:34 [main] INFO  o.s.t.w.s.TestDispatcherServlet - Initializing Servlet ''
2025-10-27 10:42:34 [main] INFO  o.s.t.w.s.TestDispatcherServlet - Completed initialization in 2 ms
2025-10-27 10:42:34 [main] INFO  c.e.a.c.UserNameSuggestionController - Received username suggestion request for QID: 1234567890
2025-10-27 10:42:34 [main] INFO  o.s.b.t.m.w.SpringBootMockServletContext - Initializing Spring TestDispatcherServlet ''
2025-10-27 10:42:34 [main] INFO  o.s.t.w.s.TestDispatcherServlet - Initializing Servlet ''
2025-10-27 10:42:34 [main] INFO  o.s.t.w.s.TestDispatcherServlet - Completed initialization in 0 ms
2025-10-27 10:42:34 [main] INFO  c.e.a.c.UserNameSuggestionController - Received username suggestion request for QID: 1234567890
2025-10-27 10:42:34 [main] INFO  c.e.a.c.UserNameSuggestionController - Returning 1 username suggestions for QID: 1234567890
2025-10-27 10:42:34 [main] INFO  o.s.b.t.m.w.SpringBootMockServletContext - Initializing Spring TestDispatcherServlet ''
2025-10-27 10:42:34 [main] INFO  o.s.t.w.s.TestDispatcherServlet - Initializing Servlet ''
2025-10-27 10:42:34 [main] INFO  o.s.t.w.s.TestDispatcherServlet - Completed initialization in 1 ms
2025-10-27 10:42:34 [main] INFO  c.e.a.c.UserNameSuggestionController - Received username suggestion request for QID: 123456789012345678901234567890123456789012345678901234567890
2025-10-27 10:42:34 [main] INFO  c.e.a.c.UserNameSuggestionController - Returning 1 username suggestions for QID: 123456789012345678901234567890123456789012345678901234567890
2025-10-27 10:42:35 [main] INFO  o.s.b.t.m.w.SpringBootMockServletContext - Initializing Spring TestDispatcherServlet ''
2025-10-27 10:42:35 [main] INFO  o.s.t.w.s.TestDispatcherServlet - Initializing Servlet ''
2025-10-27 10:42:35 [main] INFO  o.s.t.w.s.TestDispatcherServlet - Completed initialization in 1 ms
2025-10-27 10:42:35 [main] INFO  o.s.b.t.m.w.SpringBootMockServletContext - Initializing Spring TestDispatcherServlet ''
2025-10-27 10:42:35 [main] INFO  o.s.t.w.s.TestDispatcherServlet - Initializing Servlet ''
2025-10-27 10:42:35 [main] INFO  o.s.t.w.s.TestDispatcherServlet - Completed initialization in 2 ms
2025-10-27 10:42:35 [main] INFO  o.s.b.t.m.w.SpringBootMockServletContext - Initializing Spring TestDispatcherServlet ''
2025-10-27 10:42:35 [main] INFO  o.s.t.w.s.TestDispatcherServlet - Initializing Servlet ''
2025-10-27 10:42:35 [main] INFO  o.s.t.w.s.TestDispatcherServlet - Completed initialization in 2 ms
2025-10-27 10:42:35 [main] INFO  o.s.b.t.m.w.SpringBootMockServletContext - Initializing Spring TestDispatcherServlet ''
2025-10-27 10:42:35 [main] INFO  o.s.t.w.s.TestDispatcherServlet - Initializing Servlet ''
2025-10-27 10:42:35 [main] INFO  o.s.t.w.s.TestDispatcherServlet - Completed initialization in 2 ms
2025-10-27 10:42:35 [main] INFO  o.s.b.t.m.w.SpringBootMockServletContext - Initializing Spring TestDispatcherServlet ''
2025-10-27 10:42:35 [main] INFO  o.s.t.w.s.TestDispatcherServlet - Initializing Servlet ''
2025-10-27 10:42:35 [main] INFO  o.s.t.w.s.TestDispatcherServlet - Completed initialization in 1 ms
2025-10-27 10:42:35 [main] INFO  c.e.a.c.UserNameSuggestionController - Received username suggestion request for QID: 1234567890
2025-10-27 10:42:35 [main] INFO  c.e.a.c.UserNameSuggestionController - Returning 0 username suggestions for QID: 1234567890
2025-10-27 10:42:35 [main] INFO  o.s.b.t.m.w.SpringBootMockServletContext - Initializing Spring TestDispatcherServlet ''
2025-10-27 10:42:35 [main] INFO  o.s.t.w.s.TestDispatcherServlet - Initializing Servlet ''
2025-10-27 10:42:35 [main] INFO  o.s.t.w.s.TestDispatcherServlet - Completed initialization in 3 ms
2025-10-27 10:42:35 [main] INFO  c.e.a.c.UserNameSuggestionController - Received username suggestion request for QID:    
2025-10-27 10:42:35 [main] INFO  c.e.a.c.UserNameSuggestionController - Returning 0 username suggestions for QID:    
2025-10-27 10:42:35 [main] INFO  o.s.b.t.m.w.SpringBootMockServletContext - Initializing Spring TestDispatcherServlet ''
2025-10-27 10:42:35 [main] INFO  o.s.t.w.s.TestDispatcherServlet - Initializing Servlet ''
2025-10-27 10:42:35 [main] INFO  o.s.t.w.s.TestDispatcherServlet - Completed initialization in 2 ms
2025-10-27 10:42:35 [main] INFO  c.e.a.c.UserNameSuggestionController - Received username suggestion request for QID: 1234567890
2025-10-27 10:42:35 [main] INFO  o.s.b.t.m.w.SpringBootMockServletContext - Initializing Spring TestDispatcherServlet ''
2025-10-27 10:42:35 [main] INFO  o.s.t.w.s.TestDispatcherServlet - Initializing Servlet ''
2025-10-27 10:42:35 [main] INFO  o.s.t.w.s.TestDispatcherServlet - Completed initialization in 2 ms
2025-10-27 10:42:35 [main] INFO  o.s.b.t.m.w.SpringBootMockServletContext - Initializing Spring TestDispatcherServlet ''
2025-10-27 10:42:35 [main] INFO  o.s.t.w.s.TestDispatcherServlet - Initializing Servlet ''
2025-10-27 10:42:35 [main] INFO  o.s.t.w.s.TestDispatcherServlet - Completed initialization in 1 ms
2025-10-27 10:42:35 [main] INFO  o.s.b.t.m.w.SpringBootMockServletContext - Initializing Spring TestDispatcherServlet ''
2025-10-27 10:42:35 [main] INFO  o.s.t.w.s.TestDispatcherServlet - Initializing Servlet ''
2025-10-27 10:42:35 [main] INFO  o.s.t.w.s.TestDispatcherServlet - Completed initialization in 1 ms
2025-10-27 10:42:35 [main] INFO  c.e.a.c.UserNameSuggestionController - Received username suggestion request for QID: 1234567890
2025-10-27 10:42:35 [main] INFO  c.e.a.c.UserNameSuggestionController - Returning 0 username suggestions for QID: 1234567890
2025-10-27 10:42:35 [SpringApplicationShutdownHook] INFO  o.s.o.j.LocalContainerEntityManagerFactoryBean - Closing JPA EntityManagerFactory for persistence unit 'default'
2025-10-27 10:42:35 [SpringApplicationShutdownHook] INFO  com.zaxxer.hikari.HikariDataSource - HikariPool-1 - Shutdown initiated...
2025-10-27 10:42:36 [SpringApplicationShutdownHook] INFO  com.zaxxer.hikari.HikariDataSource - HikariPool-1 - Shutdown completed.
2025-10-27 10:43:08 [main] INFO  c.e.a.c.UserNameSuggestionControllerTest - Starting UserNameSuggestionControllerTest using Java 21.0.5 with PID 34728 (started by bhavya in C:\intelliJ workspace\Dukhan Bank ODS\api-service)
2025-10-27 10:43:08 [main] DEBUG c.e.a.c.UserNameSuggestionControllerTest - Running with Spring Boot v3.5.4, Spring v6.2.9
2025-10-27 10:43:08 [main] INFO  c.e.a.c.UserNameSuggestionControllerTest - No active profile set, falling back to 1 default profile: "default"
2025-10-27 10:43:10 [main] INFO  o.s.d.r.c.RepositoryConfigurationDelegate - Bootstrapping Spring Data JPA repositories in DEFAULT mode.
2025-10-27 10:43:10 [main] INFO  o.s.d.r.c.RepositoryConfigurationDelegate - Finished Spring Data repository scanning in 731 ms. Found 8 JPA repository interfaces.
2025-10-27 10:43:15 [main] INFO  o.h.jpa.internal.util.LogHelper - HHH000204: Processing PersistenceUnitInfo [name: default]
2025-10-27 10:43:15 [main] INFO  org.hibernate.Version - HHH000412: Hibernate ORM core version 6.6.22.Final
2025-10-27 10:43:15 [main] INFO  o.h.c.i.RegionFactoryInitiator - HHH000026: Second-level cache disabled
2025-10-27 10:43:16 [main] INFO  o.s.o.j.p.SpringPersistenceUnitInfo - No LoadTimeWeaver setup: ignoring JPA class transformer
2025-10-27 10:43:16 [main] INFO  com.zaxxer.hikari.HikariDataSource - HikariPool-1 - Starting...
2025-10-27 10:43:18 [main] INFO  com.zaxxer.hikari.pool.HikariPool - HikariPool-1 - Added connection org.postgresql.jdbc.PgConnection@5ee76cf2
2025-10-27 10:43:18 [main] INFO  com.zaxxer.hikari.HikariDataSource - HikariPool-1 - Start completed.
2025-10-27 10:43:18 [main] WARN  org.hibernate.orm.deprecation - HHH90000025: PostgreSQLDialect does not need to be specified explicitly using 'hibernate.dialect' (remove the property setting and it will be selected by default)
2025-10-27 10:43:18 [main] INFO  o.hibernate.orm.connections.pooling - HHH10001005: Database info:
	Database JDBC URL [Connecting through datasource 'HikariDataSource (HikariPool-1)']
	Database driver: undefined/unknown
	Database version: 16.10
	Autocommit mode: undefined/unknown
	Isolation level: undefined/unknown
	Minimum pool size: undefined/unknown
	Maximum pool size: undefined/unknown
2025-10-27 10:43:20 [main] INFO  o.h.e.t.j.p.i.JtaPlatformInitiator - HHH000489: No JTA platform available (set 'hibernate.transaction.jta.platform' to enable JTA platform integration)
2025-10-27 10:43:21 [main] INFO  o.s.o.j.LocalContainerEntityManagerFactoryBean - Initialized JPA EntityManagerFactory for persistence unit 'default'
2025-10-27 10:43:22 [main] INFO  o.s.d.j.r.query.QueryEnhancerFactory - Hibernate is in classpath; If applicable, HQL parser will be used.
2025-10-27 10:43:25 [main] WARN  o.s.b.a.o.j.JpaBaseConfiguration$JpaWebConfiguration - spring.jpa.open-in-view is enabled by default. Therefore, database queries may be performed during view rendering. Explicitly configure spring.jpa.open-in-view to disable this warning
2025-10-27 10:43:26 [main] INFO  c.e.a.c.UserNameSuggestionControllerTest - Started UserNameSuggestionControllerTest in 19.237 seconds (process running for 21.4)
2025-10-27 10:43:26 [main] INFO  o.s.b.t.m.w.SpringBootMockServletContext - Initializing Spring TestDispatcherServlet ''
2025-10-27 10:43:26 [main] INFO  o.s.t.w.s.TestDispatcherServlet - Initializing Servlet ''
2025-10-27 10:43:26 [main] INFO  o.s.t.w.s.TestDispatcherServlet - Completed initialization in 5 ms
2025-10-27 10:43:27 [main] INFO  c.e.a.c.UserNameSuggestionController - Received username suggestion request for QID: 1234567890
2025-10-27 10:43:27 [main] INFO  o.s.b.t.m.w.SpringBootMockServletContext - Initializing Spring TestDispatcherServlet ''
2025-10-27 10:43:27 [main] INFO  o.s.t.w.s.TestDispatcherServlet - Initializing Servlet ''
2025-10-27 10:43:27 [main] INFO  o.s.t.w.s.TestDispatcherServlet - Completed initialization in 1 ms
2025-10-27 10:43:27 [main] INFO  c.e.a.c.UserNameSuggestionController - Received username suggestion request for QID: 1234567890
2025-10-27 10:43:27 [main] INFO  c.e.a.c.UserNameSuggestionController - Returning 0 username suggestions for QID: 1234567890
2025-10-27 10:43:27 [main] INFO  o.s.b.t.m.w.SpringBootMockServletContext - Initializing Spring TestDispatcherServlet ''
2025-10-27 10:43:27 [main] INFO  o.s.t.w.s.TestDispatcherServlet - Initializing Servlet ''
2025-10-27 10:43:27 [main] INFO  o.s.t.w.s.TestDispatcherServlet - Completed initialization in 0 ms
2025-10-27 10:43:27 [main] INFO  c.e.a.c.UserNameSuggestionController - Received username suggestion request for QID: 1234567890
2025-10-27 10:43:27 [main] INFO  c.e.a.c.UserNameSuggestionController - Returning 0 username suggestions for QID: 1234567890
2025-10-27 10:43:27 [main] INFO  o.s.b.t.m.w.SpringBootMockServletContext - Initializing Spring TestDispatcherServlet ''
2025-10-27 10:43:27 [main] INFO  o.s.t.w.s.TestDispatcherServlet - Initializing Servlet ''
2025-10-27 10:43:27 [main] INFO  o.s.t.w.s.TestDispatcherServlet - Completed initialization in 0 ms
2025-10-27 10:43:27 [main] INFO  c.e.a.c.UserNameSuggestionController - Received username suggestion request for QID: 1234567890
2025-10-27 10:43:27 [main] INFO  c.e.a.c.UserNameSuggestionController - Returning 1 username suggestions for QID: 1234567890
2025-10-27 10:43:27 [main] INFO  o.s.b.t.m.w.SpringBootMockServletContext - Initializing Spring TestDispatcherServlet ''
2025-10-27 10:43:27 [main] INFO  o.s.t.w.s.TestDispatcherServlet - Initializing Servlet ''
2025-10-27 10:43:27 [main] INFO  o.s.t.w.s.TestDispatcherServlet - Completed initialization in 0 ms
2025-10-27 10:43:27 [main] INFO  o.s.b.t.m.w.SpringBootMockServletContext - Initializing Spring TestDispatcherServlet ''
2025-10-27 10:43:27 [main] INFO  o.s.t.w.s.TestDispatcherServlet - Initializing Servlet ''
2025-10-27 10:43:27 [main] INFO  o.s.t.w.s.TestDispatcherServlet - Completed initialization in 4 ms
2025-10-27 10:43:27 [main] INFO  c.e.a.c.UserNameSuggestionController - Received username suggestion request for QID: 1234567890
2025-10-27 10:43:27 [main] INFO  c.e.a.c.UserNameSuggestionController - Returning 1 username suggestions for QID: 1234567890
2025-10-27 10:43:27 [main] INFO  o.s.b.t.m.w.SpringBootMockServletContext - Initializing Spring TestDispatcherServlet ''
2025-10-27 10:43:27 [main] INFO  o.s.t.w.s.TestDispatcherServlet - Initializing Servlet ''
2025-10-27 10:43:27 [main] INFO  o.s.t.w.s.TestDispatcherServlet - Completed initialization in 2 ms
2025-10-27 10:43:27 [main] INFO  c.e.a.c.UserNameSuggestionController - Received username suggestion request for QID: 
2025-10-27 10:43:27 [main] INFO  c.e.a.c.UserNameSuggestionController - Returning 0 username suggestions for QID: 
2025-10-27 10:43:27 [main] INFO  o.s.b.t.m.w.SpringBootMockServletContext - Initializing Spring TestDispatcherServlet ''
2025-10-27 10:43:27 [main] INFO  o.s.t.w.s.TestDispatcherServlet - Initializing Servlet ''
2025-10-27 10:43:27 [main] INFO  o.s.t.w.s.TestDispatcherServlet - Completed initialization in 2 ms
2025-10-27 10:43:27 [main] INFO  o.s.b.t.m.w.SpringBootMockServletContext - Initializing Spring TestDispatcherServlet ''
2025-10-27 10:43:27 [main] INFO  o.s.t.w.s.TestDispatcherServlet - Initializing Servlet ''
2025-10-27 10:43:27 [main] INFO  o.s.t.w.s.TestDispatcherServlet - Completed initialization in 2 ms
2025-10-27 10:43:27 [main] INFO  c.e.a.c.UserNameSuggestionController - Received username suggestion request for QID: 1234567890
2025-10-27 10:43:27 [main] WARN  o.s.w.s.m.m.a.ExceptionHandlerExceptionResolver - Failure in @ExceptionHandler com.example.api.exception.GlobalExceptionHandler#handleGenericException(Exception)
org.springframework.web.HttpMediaTypeNotAcceptableException: No acceptable representation
	at org.springframework.web.servlet.mvc.method.annotation.AbstractMessageConverterMethodProcessor.writeWithMessageConverters(AbstractMessageConverterMethodProcessor.java:291)
	at org.springframework.web.servlet.mvc.method.annotation.HttpEntityMethodProcessor.handleReturnValue(HttpEntityMethodProcessor.java:263)
	at org.springframework.web.method.support.HandlerMethodReturnValueHandlerComposite.handleReturnValue(HandlerMethodReturnValueHandlerComposite.java:78)
	at org.springframework.web.servlet.mvc.method.annotation.ServletInvocableHandlerMethod.invokeAndHandle(ServletInvocableHandlerMethod.java:136)
	at org.springframework.web.servlet.mvc.method.annotation.ExceptionHandlerExceptionResolver.doResolveHandlerMethodException(ExceptionHandlerExceptionResolver.java:471)
	at org.springframework.web.servlet.handler.AbstractHandlerMethodExceptionResolver.doResolveException(AbstractHandlerMethodExceptionResolver.java:73)
	at org.springframework.web.servlet.handler.AbstractHandlerExceptionResolver.resolveException(AbstractHandlerExceptionResolver.java:182)
	at org.springframework.web.servlet.handler.HandlerExceptionResolverComposite.resolveException(HandlerExceptionResolverComposite.java:80)
	at org.springframework.web.servlet.DispatcherServlet.processHandlerException(DispatcherServlet.java:1360)
	at org.springframework.test.web.servlet.TestDispatcherServlet.processHandlerException(TestDispatcherServlet.java:146)
	at org.springframework.web.servlet.DispatcherServlet.processDispatchResult(DispatcherServlet.java:1161)
	at org.springframework.web.servlet.DispatcherServlet.doDispatch(DispatcherServlet.java:1106)
	at org.springframework.web.servlet.DispatcherServlet.doService(DispatcherServlet.java:979)
	at org.springframework.web.servlet.FrameworkServlet.processRequest(FrameworkServlet.java:1014)
	at org.springframework.web.servlet.FrameworkServlet.doPost(FrameworkServlet.java:914)
	at jakarta.servlet.http.HttpServlet.service(HttpServlet.java:590)
	at org.springframework.web.servlet.FrameworkServlet.service(FrameworkServlet.java:885)
	at org.springframework.test.web.servlet.TestDispatcherServlet.service(TestDispatcherServlet.java:72)
	at jakarta.servlet.http.HttpServlet.service(HttpServlet.java:658)
	at org.springframework.mock.web.MockFilterChain$ServletFilterProxy.doFilter(MockFilterChain.java:165)
	at org.springframework.mock.web.MockFilterChain.doFilter(MockFilterChain.java:132)
	at org.springframework.test.web.servlet.MockMvc.perform(MockMvc.java:201)
	at com.example.api.controller.UserNameSuggestionControllerTest.testSuggestUsernames_WrongAcceptHeader(UserNameSuggestionControllerTest.java:696)
	at java.base/jdk.internal.reflect.DirectMethodHandleAccessor.invoke(DirectMethodHandleAccessor.java:103)
	at java.base/java.lang.reflect.Method.invoke(Method.java:580)
	at org.junit.platform.commons.util.ReflectionUtils.invokeMethod(ReflectionUtils.java:775)
	at org.junit.platform.commons.support.ReflectionSupport.invokeMethod(ReflectionSupport.java:479)
	at org.junit.jupiter.engine.execution.MethodInvocation.proceed(MethodInvocation.java:60)
	at org.junit.jupiter.engine.execution.InvocationInterceptorChain$ValidatingInvocation.proceed(InvocationInterceptorChain.java:131)
	at org.junit.jupiter.engine.extension.TimeoutExtension.intercept(TimeoutExtension.java:161)
	at org.junit.jupiter.engine.extension.TimeoutExtension.interceptTestableMethod(TimeoutExtension.java:152)
	at org.junit.jupiter.engine.extension.TimeoutExtension.interceptTestMethod(TimeoutExtension.java:91)
	at org.junit.jupiter.engine.execution.InterceptingExecutableInvoker$ReflectiveInterceptorCall.lambda$ofVoidMethod$0(InterceptingExecutableInvoker.java:112)
	at org.junit.jupiter.engine.execution.InterceptingExecutableInvoker.lambda$invoke$0(InterceptingExecutableInvoker.java:94)
	at org.junit.jupiter.engine.execution.InvocationInterceptorChain$InterceptedInvocation.proceed(InvocationInterceptorChain.java:106)
	at org.junit.jupiter.engine.execution.InvocationInterceptorChain.proceed(InvocationInterceptorChain.java:64)
	at org.junit.jupiter.engine.execution.InvocationInterceptorChain.chainAndInvoke(InvocationInterceptorChain.java:45)
	at org.junit.jupiter.engine.execution.InvocationInterceptorChain.invoke(InvocationInterceptorChain.java:37)
	at org.junit.jupiter.engine.execution.InterceptingExecutableInvoker.invoke(InterceptingExecutableInvoker.java:93)
	at org.junit.jupiter.engine.execution.InterceptingExecutableInvoker.invoke(InterceptingExecutableInvoker.java:87)
	at org.junit.jupiter.engine.descriptor.TestMethodTestDescriptor.lambda$invokeTestMethod$7(TestMethodTestDescriptor.java:216)
	at org.junit.platform.engine.support.hierarchical.ThrowableCollector.execute(ThrowableCollector.java:73)
	at org.junit.jupiter.engine.descriptor.TestMethodTestDescriptor.invokeTestMethod(TestMethodTestDescriptor.java:212)
	at org.junit.jupiter.engine.descriptor.TestMethodTestDescriptor.execute(TestMethodTestDescriptor.java:137)
	at org.junit.jupiter.engine.descriptor.TestMethodTestDescriptor.execute(TestMethodTestDescriptor.java:69)
	at org.junit.platform.engine.support.hierarchical.NodeTestTask.lambda$executeRecursively$6(NodeTestTask.java:156)
	at org.junit.platform.engine.support.hierarchical.ThrowableCollector.execute(ThrowableCollector.java:73)
	at org.junit.platform.engine.support.hierarchical.NodeTestTask.lambda$executeRecursively$8(NodeTestTask.java:146)
	at org.junit.platform.engine.support.hierarchical.Node.around(Node.java:137)
	at org.junit.platform.engine.support.hierarchical.NodeTestTask.lambda$executeRecursively$9(NodeTestTask.java:144)
	at org.junit.platform.engine.support.hierarchical.ThrowableCollector.execute(ThrowableCollector.java:73)
	at org.junit.platform.engine.support.hierarchical.NodeTestTask.executeRecursively(NodeTestTask.java:143)
	at org.junit.platform.engine.support.hierarchical.NodeTestTask.execute(NodeTestTask.java:100)
	at java.base/java.util.ArrayList.forEach(ArrayList.java:1596)
	at org.junit.platform.engine.support.hierarchical.SameThreadHierarchicalTestExecutorService.invokeAll(SameThreadHierarchicalTestExecutorService.java:41)
	at org.junit.platform.engine.support.hierarchical.NodeTestTask.lambda$executeRecursively$6(NodeTestTask.java:160)
	at org.junit.platform.engine.support.hierarchical.ThrowableCollector.execute(ThrowableCollector.java:73)
	at org.junit.platform.engine.support.hierarchical.NodeTestTask.lambda$executeRecursively$8(NodeTestTask.java:146)
	at org.junit.platform.engine.support.hierarchical.Node.around(Node.java:137)
	at org.junit.platform.engine.support.hierarchical.NodeTestTask.lambda$executeRecursively$9(NodeTestTask.java:144)
	at org.junit.platform.engine.support.hierarchical.ThrowableCollector.execute(ThrowableCollector.java:73)
	at org.junit.platform.engine.support.hierarchical.NodeTestTask.executeRecursively(NodeTestTask.java:143)
	at org.junit.platform.engine.support.hierarchical.NodeTestTask.execute(NodeTestTask.java:100)
	at java.base/java.util.ArrayList.forEach(ArrayList.java:1596)
	at org.junit.platform.engine.support.hierarchical.SameThreadHierarchicalTestExecutorService.invokeAll(SameThreadHierarchicalTestExecutorService.java:41)
	at org.junit.platform.engine.support.hierarchical.NodeTestTask.lambda$executeRecursively$6(NodeTestTask.java:160)
	at org.junit.platform.engine.support.hierarchical.ThrowableCollector.execute(ThrowableCollector.java:73)
	at org.junit.platform.engine.support.hierarchical.NodeTestTask.lambda$executeRecursively$8(NodeTestTask.java:146)
	at org.junit.platform.engine.support.hierarchical.Node.around(Node.java:137)
	at org.junit.platform.engine.support.hierarchical.NodeTestTask.lambda$executeRecursively$9(NodeTestTask.java:144)
	at org.junit.platform.engine.support.hierarchical.ThrowableCollector.execute(ThrowableCollector.java:73)
	at org.junit.platform.engine.support.hierarchical.NodeTestTask.executeRecursively(NodeTestTask.java:143)
	at org.junit.platform.engine.support.hierarchical.NodeTestTask.execute(NodeTestTask.java:100)
	at org.junit.platform.engine.support.hierarchical.SameThreadHierarchicalTestExecutorService.submit(SameThreadHierarchicalTestExecutorService.java:35)
	at org.junit.platform.engine.support.hierarchical.HierarchicalTestExecutor.execute(HierarchicalTestExecutor.java:57)
	at org.junit.platform.engine.support.hierarchical.HierarchicalTestEngine.execute(HierarchicalTestEngine.java:54)
	at org.junit.platform.launcher.core.EngineExecutionOrchestrator.execute(EngineExecutionOrchestrator.java:201)
	at org.junit.platform.launcher.core.EngineExecutionOrchestrator.execute(EngineExecutionOrchestrator.java:170)
	at org.junit.platform.launcher.core.EngineExecutionOrchestrator.execute(EngineExecutionOrchestrator.java:94)
	at org.junit.platform.launcher.core.EngineExecutionOrchestrator.lambda$execute$0(EngineExecutionOrchestrator.java:59)
	at org.junit.platform.launcher.core.EngineExecutionOrchestrator.withInterceptedStreams(EngineExecutionOrchestrator.java:142)
	at org.junit.platform.launcher.core.EngineExecutionOrchestrator.execute(EngineExecutionOrchestrator.java:58)
	at org.junit.platform.launcher.core.DefaultLauncher.execute(DefaultLauncher.java:103)
	at org.junit.platform.launcher.core.DefaultLauncher.execute(DefaultLauncher.java:85)
	at org.junit.platform.launcher.core.DelegatingLauncher.execute(DelegatingLauncher.java:47)
	at org.junit.platform.launcher.core.InterceptingLauncher.lambda$execute$1(InterceptingLauncher.java:39)
	at org.junit.platform.launcher.core.ClasspathAlignmentCheckingLauncherInterceptor.intercept(ClasspathAlignmentCheckingLauncherInterceptor.java:25)
	at org.junit.platform.launcher.core.InterceptingLauncher.execute(InterceptingLauncher.java:38)
	at org.junit.platform.launcher.core.DelegatingLauncher.execute(DelegatingLauncher.java:47)
	at org.apache.maven.surefire.junitplatform.LazyLauncher.execute(LazyLauncher.java:56)
	at org.apache.maven.surefire.junitplatform.JUnitPlatformProvider.execute(JUnitPlatformProvider.java:194)
	at org.apache.maven.surefire.junitplatform.JUnitPlatformProvider.invokeAllTests(JUnitPlatformProvider.java:150)
	at org.apache.maven.surefire.junitplatform.JUnitPlatformProvider.invoke(JUnitPlatformProvider.java:124)
	at org.apache.maven.surefire.booter.ForkedBooter.runSuitesInProcess(ForkedBooter.java:385)
	at org.apache.maven.surefire.booter.ForkedBooter.execute(ForkedBooter.java:162)
	at org.apache.maven.surefire.booter.ForkedBooter.run(ForkedBooter.java:507)
	at org.apache.maven.surefire.booter.ForkedBooter.main(ForkedBooter.java:495)
2025-10-27 10:43:27 [main] INFO  o.s.b.t.m.w.SpringBootMockServletContext - Initializing Spring TestDispatcherServlet ''
2025-10-27 10:43:27 [main] INFO  o.s.t.w.s.TestDispatcherServlet - Initializing Servlet ''
2025-10-27 10:43:27 [main] INFO  o.s.t.w.s.TestDispatcherServlet - Completed initialization in 0 ms
2025-10-27 10:43:27 [main] INFO  c.e.a.c.UserNameSuggestionController - Received username suggestion request for QID: 1234567890
2025-10-27 10:43:27 [main] INFO  c.e.a.c.UserNameSuggestionController - Returning 0 username suggestions for QID: 1234567890
2025-10-27 10:43:27 [main] INFO  o.s.b.t.m.w.SpringBootMockServletContext - Initializing Spring TestDispatcherServlet ''
2025-10-27 10:43:27 [main] INFO  o.s.t.w.s.TestDispatcherServlet - Initializing Servlet ''
2025-10-27 10:43:27 [main] INFO  o.s.t.w.s.TestDispatcherServlet - Completed initialization in 0 ms
2025-10-27 10:43:27 [main] INFO  c.e.a.c.UserNameSuggestionController - Received username suggestion request for QID: 1234567890
2025-10-27 10:43:27 [main] INFO  c.e.a.c.UserNameSuggestionController - Returning 1 username suggestions for QID: 1234567890
2025-10-27 10:43:27 [main] INFO  o.s.b.t.m.w.SpringBootMockServletContext - Initializing Spring TestDispatcherServlet ''
2025-10-27 10:43:27 [main] INFO  o.s.t.w.s.TestDispatcherServlet - Initializing Servlet ''
2025-10-27 10:43:27 [main] INFO  o.s.t.w.s.TestDispatcherServlet - Completed initialization in 9 ms
2025-10-27 10:43:27 [main] INFO  c.e.a.c.UserNameSuggestionController - Received username suggestion request for QID: 1234567890
2025-10-27 10:43:27 [main] INFO  c.e.a.c.UserNameSuggestionController - Returning 1 username suggestions for QID: 1234567890
2025-10-27 10:43:27 [main] INFO  o.s.b.t.m.w.SpringBootMockServletContext - Initializing Spring TestDispatcherServlet ''
2025-10-27 10:43:27 [main] INFO  o.s.t.w.s.TestDispatcherServlet - Initializing Servlet ''
2025-10-27 10:43:27 [main] INFO  o.s.t.w.s.TestDispatcherServlet - Completed initialization in 0 ms
2025-10-27 10:43:27 [main] INFO  c.e.a.c.UserNameSuggestionController - Received username suggestion request for QID: 1234567890
2025-10-27 10:43:27 [main] INFO  o.s.b.t.m.w.SpringBootMockServletContext - Initializing Spring TestDispatcherServlet ''
2025-10-27 10:43:27 [main] INFO  o.s.t.w.s.TestDispatcherServlet - Initializing Servlet ''
2025-10-27 10:43:27 [main] INFO  o.s.t.w.s.TestDispatcherServlet - Completed initialization in 0 ms
2025-10-27 10:43:27 [main] INFO  c.e.a.c.UserNameSuggestionController - Received username suggestion request for QID: 1234567890
2025-10-27 10:43:27 [main] INFO  c.e.a.c.UserNameSuggestionController - Returning 0 username suggestions for QID: 1234567890
2025-10-27 10:43:27 [main] INFO  o.s.b.t.m.w.SpringBootMockServletContext - Initializing Spring TestDispatcherServlet ''
2025-10-27 10:43:27 [main] INFO  o.s.t.w.s.TestDispatcherServlet - Initializing Servlet ''
2025-10-27 10:43:27 [main] INFO  o.s.t.w.s.TestDispatcherServlet - Completed initialization in 0 ms
2025-10-27 10:43:27 [main] INFO  c.e.a.c.UserNameSuggestionController - Received username suggestion request for QID: 1234567890
2025-10-27 10:43:27 [main] INFO  c.e.a.c.UserNameSuggestionController - Returning 0 username suggestions for QID: 1234567890
2025-10-27 10:43:27 [main] INFO  o.s.b.t.m.w.SpringBootMockServletContext - Initializing Spring TestDispatcherServlet ''
2025-10-27 10:43:27 [main] INFO  o.s.t.w.s.TestDispatcherServlet - Initializing Servlet ''
2025-10-27 10:43:27 [main] INFO  o.s.t.w.s.TestDispatcherServlet - Completed initialization in 0 ms
2025-10-27 10:43:27 [main] INFO  o.s.b.t.m.w.SpringBootMockServletContext - Initializing Spring TestDispatcherServlet ''
2025-10-27 10:43:27 [main] INFO  o.s.t.w.s.TestDispatcherServlet - Initializing Servlet ''
2025-10-27 10:43:27 [main] INFO  o.s.t.w.s.TestDispatcherServlet - Completed initialization in 0 ms
2025-10-27 10:43:27 [main] INFO  c.e.a.c.UserNameSuggestionController - Received username suggestion request for QID: 1234567890
2025-10-27 10:43:27 [main] INFO  c.e.a.c.UserNameSuggestionController - Returning 0 username suggestions for QID: 1234567890
2025-10-27 10:43:27 [main] INFO  o.s.b.t.m.w.SpringBootMockServletContext - Initializing Spring TestDispatcherServlet ''
2025-10-27 10:43:27 [main] INFO  o.s.t.w.s.TestDispatcherServlet - Initializing Servlet ''
2025-10-27 10:43:27 [main] INFO  o.s.t.w.s.TestDispatcherServlet - Completed initialization in 4 ms
2025-10-27 10:43:27 [main] INFO  c.e.a.c.UserNameSuggestionController - Received username suggestion request for QID: 1234567890
2025-10-27 10:43:27 [main] INFO  c.e.a.c.UserNameSuggestionController - Returning 0 username suggestions for QID: 1234567890
2025-10-27 10:43:28 [main] INFO  o.s.b.t.m.w.SpringBootMockServletContext - Initializing Spring TestDispatcherServlet ''
2025-10-27 10:43:28 [main] INFO  o.s.t.w.s.TestDispatcherServlet - Initializing Servlet ''
2025-10-27 10:43:28 [main] INFO  o.s.t.w.s.TestDispatcherServlet - Completed initialization in 0 ms
2025-10-27 10:43:28 [main] INFO  c.e.a.c.UserNameSuggestionController - Received username suggestion request for QID: 1234567890
2025-10-27 10:43:28 [main] INFO  c.e.a.c.UserNameSuggestionController - Returning 1 username suggestions for QID: 1234567890
2025-10-27 10:43:28 [main] INFO  o.s.b.t.m.w.SpringBootMockServletContext - Initializing Spring TestDispatcherServlet ''
2025-10-27 10:43:28 [main] INFO  o.s.t.w.s.TestDispatcherServlet - Initializing Servlet ''
2025-10-27 10:43:28 [main] INFO  o.s.t.w.s.TestDispatcherServlet - Completed initialization in 11 ms
2025-10-27 10:43:28 [main] INFO  o.s.b.t.m.w.SpringBootMockServletContext - Initializing Spring TestDispatcherServlet ''
2025-10-27 10:43:28 [main] INFO  o.s.t.w.s.TestDispatcherServlet - Initializing Servlet ''
2025-10-27 10:43:28 [main] INFO  o.s.t.w.s.TestDispatcherServlet - Completed initialization in 2 ms
2025-10-27 10:43:28 [main] INFO  c.e.a.c.UserNameSuggestionController - Received username suggestion request for QID: 1234567890
2025-10-27 10:43:28 [main] INFO  c.e.a.c.UserNameSuggestionController - Returning 1 username suggestions for QID: 1234567890
2025-10-27 10:43:28 [main] INFO  o.s.b.t.m.w.SpringBootMockServletContext - Initializing Spring TestDispatcherServlet ''
2025-10-27 10:43:28 [main] INFO  o.s.t.w.s.TestDispatcherServlet - Initializing Servlet ''
2025-10-27 10:43:28 [main] INFO  o.s.t.w.s.TestDispatcherServlet - Completed initialization in 2 ms
2025-10-27 10:43:28 [main] INFO  o.s.b.t.m.w.SpringBootMockServletContext - Initializing Spring TestDispatcherServlet ''
2025-10-27 10:43:28 [main] INFO  o.s.t.w.s.TestDispatcherServlet - Initializing Servlet ''
2025-10-27 10:43:28 [main] INFO  o.s.t.w.s.TestDispatcherServlet - Completed initialization in 3 ms
2025-10-27 10:43:28 [main] INFO  c.e.a.c.UserNameSuggestionController - Received username suggestion request for QID: 1234567890
2025-10-27 10:43:28 [main] INFO  o.s.b.t.m.w.SpringBootMockServletContext - Initializing Spring TestDispatcherServlet ''
2025-10-27 10:43:28 [main] INFO  o.s.t.w.s.TestDispatcherServlet - Initializing Servlet ''
2025-10-27 10:43:28 [main] INFO  o.s.t.w.s.TestDispatcherServlet - Completed initialization in 0 ms
2025-10-27 10:43:28 [main] INFO  o.s.b.t.m.w.SpringBootMockServletContext - Initializing Spring TestDispatcherServlet ''
2025-10-27 10:43:28 [main] INFO  o.s.t.w.s.TestDispatcherServlet - Initializing Servlet ''
2025-10-27 10:43:28 [main] INFO  o.s.t.w.s.TestDispatcherServlet - Completed initialization in 1 ms
2025-10-27 10:43:28 [main] INFO  o.s.b.t.m.w.SpringBootMockServletContext - Initializing Spring TestDispatcherServlet ''
2025-10-27 10:43:28 [main] INFO  o.s.t.w.s.TestDispatcherServlet - Initializing Servlet ''
2025-10-27 10:43:28 [main] INFO  o.s.t.w.s.TestDispatcherServlet - Completed initialization in 0 ms
2025-10-27 10:43:28 [main] INFO  c.e.a.c.UserNameSuggestionController - Received username suggestion request for QID: 123@#$%^&*()
2025-10-27 10:43:28 [main] INFO  c.e.a.c.UserNameSuggestionController - Returning 1 username suggestions for QID: 123@#$%^&*()
2025-10-27 10:43:28 [main] INFO  o.s.b.t.m.w.SpringBootMockServletContext - Initializing Spring TestDispatcherServlet ''
2025-10-27 10:43:28 [main] INFO  o.s.t.w.s.TestDispatcherServlet - Initializing Servlet ''
2025-10-27 10:43:28 [main] INFO  o.s.t.w.s.TestDispatcherServlet - Completed initialization in 0 ms
2025-10-27 10:43:28 [main] INFO  c.e.a.c.UserNameSuggestionController - Received username suggestion request for QID: 1234567890
2025-10-27 10:43:28 [main] INFO  c.e.a.c.UserNameSuggestionController - Returning 1 username suggestions for QID: 1234567890
2025-10-27 10:43:28 [main] INFO  o.s.b.t.m.w.SpringBootMockServletContext - Initializing Spring TestDispatcherServlet ''
2025-10-27 10:43:28 [main] INFO  o.s.t.w.s.TestDispatcherServlet - Initializing Servlet ''
2025-10-27 10:43:28 [main] INFO  o.s.t.w.s.TestDispatcherServlet - Completed initialization in 2 ms
2025-10-27 10:43:28 [main] INFO  c.e.a.c.UserNameSuggestionController - Received username suggestion request for QID: 1234567890
2025-10-27 10:43:28 [main] INFO  c.e.a.c.UserNameSuggestionController - Returning 1 username suggestions for QID: 1234567890
2025-10-27 10:43:28 [main] INFO  o.s.b.t.m.w.SpringBootMockServletContext - Initializing Spring TestDispatcherServlet ''
2025-10-27 10:43:28 [main] INFO  o.s.t.w.s.TestDispatcherServlet - Initializing Servlet ''
2025-10-27 10:43:28 [main] INFO  o.s.t.w.s.TestDispatcherServlet - Completed initialization in 0 ms
2025-10-27 10:43:28 [main] INFO  c.e.a.c.UserNameSuggestionController - Received username suggestion request for QID: 1234567890
2025-10-27 10:43:28 [main] INFO  o.s.b.t.m.w.SpringBootMockServletContext - Initializing Spring TestDispatcherServlet ''
2025-10-27 10:43:28 [main] INFO  o.s.t.w.s.TestDispatcherServlet - Initializing Servlet ''
2025-10-27 10:43:28 [main] INFO  o.s.t.w.s.TestDispatcherServlet - Completed initialization in 0 ms
2025-10-27 10:43:28 [main] INFO  c.e.a.c.UserNameSuggestionController - Received username suggestion request for QID: 1234567890
2025-10-27 10:43:28 [main] INFO  o.s.b.t.m.w.SpringBootMockServletContext - Initializing Spring TestDispatcherServlet ''
2025-10-27 10:43:28 [main] INFO  o.s.t.w.s.TestDispatcherServlet - Initializing Servlet ''
2025-10-27 10:43:28 [main] INFO  o.s.t.w.s.TestDispatcherServlet - Completed initialization in 0 ms
2025-10-27 10:43:28 [main] INFO  c.e.a.c.UserNameSuggestionController - Received username suggestion request for QID: 1234567890
2025-10-27 10:43:28 [main] INFO  c.e.a.c.UserNameSuggestionController - Returning 1 username suggestions for QID: 1234567890
2025-10-27 10:43:28 [main] INFO  o.s.b.t.m.w.SpringBootMockServletContext - Initializing Spring TestDispatcherServlet ''
2025-10-27 10:43:28 [main] INFO  o.s.t.w.s.TestDispatcherServlet - Initializing Servlet ''
2025-10-27 10:43:28 [main] INFO  o.s.t.w.s.TestDispatcherServlet - Completed initialization in 0 ms
2025-10-27 10:43:28 [main] INFO  c.e.a.c.UserNameSuggestionController - Received username suggestion request for QID: 123456789012345678901234567890123456789012345678901234567890
2025-10-27 10:43:28 [main] INFO  c.e.a.c.UserNameSuggestionController - Returning 1 username suggestions for QID: 123456789012345678901234567890123456789012345678901234567890
2025-10-27 10:43:28 [main] INFO  o.s.b.t.m.w.SpringBootMockServletContext - Initializing Spring TestDispatcherServlet ''
2025-10-27 10:43:28 [main] INFO  o.s.t.w.s.TestDispatcherServlet - Initializing Servlet ''
2025-10-27 10:43:28 [main] INFO  o.s.t.w.s.TestDispatcherServlet - Completed initialization in 11 ms
2025-10-27 10:43:28 [main] INFO  o.s.b.t.m.w.SpringBootMockServletContext - Initializing Spring TestDispatcherServlet ''
2025-10-27 10:43:28 [main] INFO  o.s.t.w.s.TestDispatcherServlet - Initializing Servlet ''
2025-10-27 10:43:28 [main] INFO  o.s.t.w.s.TestDispatcherServlet - Completed initialization in 1 ms
2025-10-27 10:43:28 [main] INFO  o.s.b.t.m.w.SpringBootMockServletContext - Initializing Spring TestDispatcherServlet ''
2025-10-27 10:43:28 [main] INFO  o.s.t.w.s.TestDispatcherServlet - Initializing Servlet ''
2025-10-27 10:43:28 [main] INFO  o.s.t.w.s.TestDispatcherServlet - Completed initialization in 1 ms
2025-10-27 10:43:28 [main] INFO  o.s.b.t.m.w.SpringBootMockServletContext - Initializing Spring TestDispatcherServlet ''
2025-10-27 10:43:28 [main] INFO  o.s.t.w.s.TestDispatcherServlet - Initializing Servlet ''
2025-10-27 10:43:28 [main] INFO  o.s.t.w.s.TestDispatcherServlet - Completed initialization in 2 ms
2025-10-27 10:43:28 [main] INFO  o.s.b.t.m.w.SpringBootMockServletContext - Initializing Spring TestDispatcherServlet ''
2025-10-27 10:43:28 [main] INFO  o.s.t.w.s.TestDispatcherServlet - Initializing Servlet ''
2025-10-27 10:43:28 [main] INFO  o.s.t.w.s.TestDispatcherServlet - Completed initialization in 0 ms
2025-10-27 10:43:28 [main] INFO  c.e.a.c.UserNameSuggestionController - Received username suggestion request for QID: 1234567890
2025-10-27 10:43:28 [main] INFO  c.e.a.c.UserNameSuggestionController - Returning 0 username suggestions for QID: 1234567890
2025-10-27 10:43:28 [main] INFO  o.s.b.t.m.w.SpringBootMockServletContext - Initializing Spring TestDispatcherServlet ''
2025-10-27 10:43:28 [main] INFO  o.s.t.w.s.TestDispatcherServlet - Initializing Servlet ''
2025-10-27 10:43:28 [main] INFO  o.s.t.w.s.TestDispatcherServlet - Completed initialization in 3 ms
2025-10-27 10:43:28 [main] INFO  c.e.a.c.UserNameSuggestionController - Received username suggestion request for QID:    
2025-10-27 10:43:28 [main] INFO  c.e.a.c.UserNameSuggestionController - Returning 0 username suggestions for QID:    
2025-10-27 10:43:28 [main] INFO  o.s.b.t.m.w.SpringBootMockServletContext - Initializing Spring TestDispatcherServlet ''
2025-10-27 10:43:28 [main] INFO  o.s.t.w.s.TestDispatcherServlet - Initializing Servlet ''
2025-10-27 10:43:28 [main] INFO  o.s.t.w.s.TestDispatcherServlet - Completed initialization in 0 ms
2025-10-27 10:43:28 [main] INFO  c.e.a.c.UserNameSuggestionController - Received username suggestion request for QID: 1234567890
2025-10-27 10:43:28 [main] INFO  o.s.b.t.m.w.SpringBootMockServletContext - Initializing Spring TestDispatcherServlet ''
2025-10-27 10:43:28 [main] INFO  o.s.t.w.s.TestDispatcherServlet - Initializing Servlet ''
2025-10-27 10:43:28 [main] INFO  o.s.t.w.s.TestDispatcherServlet - Completed initialization in 2 ms
2025-10-27 10:43:28 [main] INFO  o.s.b.t.m.w.SpringBootMockServletContext - Initializing Spring TestDispatcherServlet ''
2025-10-27 10:43:28 [main] INFO  o.s.t.w.s.TestDispatcherServlet - Initializing Servlet ''
2025-10-27 10:43:28 [main] INFO  o.s.t.w.s.TestDispatcherServlet - Completed initialization in 1 ms
2025-10-27 10:43:28 [main] INFO  c.e.a.c.UserNameSuggestionController - Received username suggestion request for QID: null
2025-10-27 10:43:28 [main] INFO  c.e.a.c.UserNameSuggestionController - Returning 0 username suggestions for QID: null
2025-10-27 10:43:28 [main] INFO  o.s.b.t.m.w.SpringBootMockServletContext - Initializing Spring TestDispatcherServlet ''
2025-10-27 10:43:28 [main] INFO  o.s.t.w.s.TestDispatcherServlet - Initializing Servlet ''
2025-10-27 10:43:28 [main] INFO  o.s.t.w.s.TestDispatcherServlet - Completed initialization in 2 ms
2025-10-27 10:43:28 [main] INFO  c.e.a.c.UserNameSuggestionController - Received username suggestion request for QID: 1234567890
2025-10-27 10:43:28 [main] INFO  c.e.a.c.UserNameSuggestionController - Returning 0 username suggestions for QID: 1234567890
2025-10-27 10:43:28 [SpringApplicationShutdownHook] INFO  o.s.o.j.LocalContainerEntityManagerFactoryBean - Closing JPA EntityManagerFactory for persistence unit 'default'
2025-10-27 10:43:28 [SpringApplicationShutdownHook] INFO  com.zaxxer.hikari.HikariDataSource - HikariPool-1 - Shutdown initiated...
2025-10-27 10:43:29 [SpringApplicationShutdownHook] INFO  com.zaxxer.hikari.HikariDataSource - HikariPool-1 - Shutdown completed.
2025-10-27 10:43:51 [main] INFO  c.e.a.c.UserNameSuggestionControllerTest - Starting UserNameSuggestionControllerTest using Java 21.0.5 with PID 47264 (started by bhavya in C:\intelliJ workspace\Dukhan Bank ODS\api-service)
2025-10-27 10:43:51 [main] DEBUG c.e.a.c.UserNameSuggestionControllerTest - Running with Spring Boot v3.5.4, Spring v6.2.9
2025-10-27 10:43:51 [main] INFO  c.e.a.c.UserNameSuggestionControllerTest - No active profile set, falling back to 1 default profile: "default"
2025-10-27 10:43:53 [main] INFO  o.s.d.r.c.RepositoryConfigurationDelegate - Bootstrapping Spring Data JPA repositories in DEFAULT mode.
2025-10-27 10:43:54 [main] INFO  o.s.d.r.c.RepositoryConfigurationDelegate - Finished Spring Data repository scanning in 659 ms. Found 8 JPA repository interfaces.
2025-10-27 10:43:58 [main] INFO  o.h.jpa.internal.util.LogHelper - HHH000204: Processing PersistenceUnitInfo [name: default]
2025-10-27 10:43:59 [main] INFO  org.hibernate.Version - HHH000412: Hibernate ORM core version 6.6.22.Final
2025-10-27 10:43:59 [main] INFO  o.h.c.i.RegionFactoryInitiator - HHH000026: Second-level cache disabled
2025-10-27 10:43:59 [main] INFO  o.s.o.j.p.SpringPersistenceUnitInfo - No LoadTimeWeaver setup: ignoring JPA class transformer
2025-10-27 10:43:59 [main] INFO  com.zaxxer.hikari.HikariDataSource - HikariPool-1 - Starting...
2025-10-27 10:44:02 [main] INFO  com.zaxxer.hikari.pool.HikariPool - HikariPool-1 - Added connection org.postgresql.jdbc.PgConnection@6662974a
2025-10-27 10:44:02 [main] INFO  com.zaxxer.hikari.HikariDataSource - HikariPool-1 - Start completed.
2025-10-27 10:44:02 [main] WARN  org.hibernate.orm.deprecation - HHH90000025: PostgreSQLDialect does not need to be specified explicitly using 'hibernate.dialect' (remove the property setting and it will be selected by default)
2025-10-27 10:44:02 [main] INFO  o.hibernate.orm.connections.pooling - HHH10001005: Database info:
	Database JDBC URL [Connecting through datasource 'HikariDataSource (HikariPool-1)']
	Database driver: undefined/unknown
	Database version: 16.10
	Autocommit mode: undefined/unknown
	Isolation level: undefined/unknown
	Minimum pool size: undefined/unknown
	Maximum pool size: undefined/unknown
2025-10-27 10:44:04 [main] INFO  o.h.e.t.j.p.i.JtaPlatformInitiator - HHH000489: No JTA platform available (set 'hibernate.transaction.jta.platform' to enable JTA platform integration)
2025-10-27 10:44:05 [main] INFO  o.s.o.j.LocalContainerEntityManagerFactoryBean - Initialized JPA EntityManagerFactory for persistence unit 'default'
2025-10-27 10:44:05 [main] INFO  o.s.d.j.r.query.QueryEnhancerFactory - Hibernate is in classpath; If applicable, HQL parser will be used.
2025-10-27 10:44:08 [main] WARN  o.s.b.a.o.j.JpaBaseConfiguration$JpaWebConfiguration - spring.jpa.open-in-view is enabled by default. Therefore, database queries may be performed during view rendering. Explicitly configure spring.jpa.open-in-view to disable this warning
2025-10-27 10:44:09 [main] INFO  c.e.a.c.UserNameSuggestionControllerTest - Started UserNameSuggestionControllerTest in 19.08 seconds (process running for 21.012)
2025-10-27 10:44:09 [main] INFO  o.s.b.t.m.w.SpringBootMockServletContext - Initializing Spring TestDispatcherServlet ''
2025-10-27 10:44:09 [main] INFO  o.s.t.w.s.TestDispatcherServlet - Initializing Servlet ''
2025-10-27 10:44:09 [main] INFO  o.s.t.w.s.TestDispatcherServlet - Completed initialization in 0 ms
2025-10-27 10:44:10 [main] INFO  c.e.a.c.UserNameSuggestionController - Received username suggestion request for QID: 1234567890
2025-10-27 10:44:10 [main] INFO  o.s.b.t.m.w.SpringBootMockServletContext - Initializing Spring TestDispatcherServlet ''
2025-10-27 10:44:10 [main] INFO  o.s.t.w.s.TestDispatcherServlet - Initializing Servlet ''
2025-10-27 10:44:10 [main] INFO  o.s.t.w.s.TestDispatcherServlet - Completed initialization in 0 ms
2025-10-27 10:44:10 [main] INFO  c.e.a.c.UserNameSuggestionController - Received username suggestion request for QID: 1234567890
2025-10-27 10:44:10 [main] INFO  c.e.a.c.UserNameSuggestionController - Returning 0 username suggestions for QID: 1234567890
2025-10-27 10:44:10 [main] INFO  o.s.b.t.m.w.SpringBootMockServletContext - Initializing Spring TestDispatcherServlet ''
2025-10-27 10:44:10 [main] INFO  o.s.t.w.s.TestDispatcherServlet - Initializing Servlet ''
2025-10-27 10:44:10 [main] INFO  o.s.t.w.s.TestDispatcherServlet - Completed initialization in 0 ms
2025-10-27 10:44:10 [main] INFO  c.e.a.c.UserNameSuggestionController - Received username suggestion request for QID: 1234567890
2025-10-27 10:44:10 [main] INFO  c.e.a.c.UserNameSuggestionController - Returning 0 username suggestions for QID: 1234567890
2025-10-27 10:44:10 [main] INFO  o.s.b.t.m.w.SpringBootMockServletContext - Initializing Spring TestDispatcherServlet ''
2025-10-27 10:44:10 [main] INFO  o.s.t.w.s.TestDispatcherServlet - Initializing Servlet ''
2025-10-27 10:44:10 [main] INFO  o.s.t.w.s.TestDispatcherServlet - Completed initialization in 6 ms
2025-10-27 10:44:10 [main] INFO  c.e.a.c.UserNameSuggestionController - Received username suggestion request for QID: 1234567890
2025-10-27 10:44:10 [main] INFO  c.e.a.c.UserNameSuggestionController - Returning 1 username suggestions for QID: 1234567890
2025-10-27 10:44:10 [main] INFO  o.s.b.t.m.w.SpringBootMockServletContext - Initializing Spring TestDispatcherServlet ''
2025-10-27 10:44:10 [main] INFO  o.s.t.w.s.TestDispatcherServlet - Initializing Servlet ''
2025-10-27 10:44:10 [main] INFO  o.s.t.w.s.TestDispatcherServlet - Completed initialization in 5 ms
2025-10-27 10:44:10 [main] INFO  o.s.b.t.m.w.SpringBootMockServletContext - Initializing Spring TestDispatcherServlet ''
2025-10-27 10:44:10 [main] INFO  o.s.t.w.s.TestDispatcherServlet - Initializing Servlet ''
2025-10-27 10:44:10 [main] INFO  o.s.t.w.s.TestDispatcherServlet - Completed initialization in 0 ms
2025-10-27 10:44:10 [main] INFO  c.e.a.c.UserNameSuggestionController - Received username suggestion request for QID: 1234567890
2025-10-27 10:44:10 [main] INFO  c.e.a.c.UserNameSuggestionController - Returning 1 username suggestions for QID: 1234567890
2025-10-27 10:44:10 [main] INFO  o.s.b.t.m.w.SpringBootMockServletContext - Initializing Spring TestDispatcherServlet ''
2025-10-27 10:44:10 [main] INFO  o.s.t.w.s.TestDispatcherServlet - Initializing Servlet ''
2025-10-27 10:44:10 [main] INFO  o.s.t.w.s.TestDispatcherServlet - Completed initialization in 0 ms
2025-10-27 10:44:10 [main] INFO  c.e.a.c.UserNameSuggestionController - Received username suggestion request for QID: 
2025-10-27 10:44:10 [main] INFO  c.e.a.c.UserNameSuggestionController - Returning 0 username suggestions for QID: 
2025-10-27 10:44:10 [main] INFO  o.s.b.t.m.w.SpringBootMockServletContext - Initializing Spring TestDispatcherServlet ''
2025-10-27 10:44:10 [main] INFO  o.s.t.w.s.TestDispatcherServlet - Initializing Servlet ''
2025-10-27 10:44:10 [main] INFO  o.s.t.w.s.TestDispatcherServlet - Completed initialization in 2 ms
2025-10-27 10:44:10 [main] INFO  o.s.b.t.m.w.SpringBootMockServletContext - Initializing Spring TestDispatcherServlet ''
2025-10-27 10:44:10 [main] INFO  o.s.t.w.s.TestDispatcherServlet - Initializing Servlet ''
2025-10-27 10:44:10 [main] INFO  o.s.t.w.s.TestDispatcherServlet - Completed initialization in 0 ms
2025-10-27 10:44:10 [main] INFO  c.e.a.c.UserNameSuggestionController - Received username suggestion request for QID: 1234567890
2025-10-27 10:44:10 [main] WARN  o.s.w.s.m.m.a.ExceptionHandlerExceptionResolver - Failure in @ExceptionHandler com.example.api.exception.GlobalExceptionHandler#handleGenericException(Exception)
org.springframework.web.HttpMediaTypeNotAcceptableException: No acceptable representation
	at org.springframework.web.servlet.mvc.method.annotation.AbstractMessageConverterMethodProcessor.writeWithMessageConverters(AbstractMessageConverterMethodProcessor.java:291)
	at org.springframework.web.servlet.mvc.method.annotation.HttpEntityMethodProcessor.handleReturnValue(HttpEntityMethodProcessor.java:263)
	at org.springframework.web.method.support.HandlerMethodReturnValueHandlerComposite.handleReturnValue(HandlerMethodReturnValueHandlerComposite.java:78)
	at org.springframework.web.servlet.mvc.method.annotation.ServletInvocableHandlerMethod.invokeAndHandle(ServletInvocableHandlerMethod.java:136)
	at org.springframework.web.servlet.mvc.method.annotation.ExceptionHandlerExceptionResolver.doResolveHandlerMethodException(ExceptionHandlerExceptionResolver.java:471)
	at org.springframework.web.servlet.handler.AbstractHandlerMethodExceptionResolver.doResolveException(AbstractHandlerMethodExceptionResolver.java:73)
	at org.springframework.web.servlet.handler.AbstractHandlerExceptionResolver.resolveException(AbstractHandlerExceptionResolver.java:182)
	at org.springframework.web.servlet.handler.HandlerExceptionResolverComposite.resolveException(HandlerExceptionResolverComposite.java:80)
	at org.springframework.web.servlet.DispatcherServlet.processHandlerException(DispatcherServlet.java:1360)
	at org.springframework.test.web.servlet.TestDispatcherServlet.processHandlerException(TestDispatcherServlet.java:146)
	at org.springframework.web.servlet.DispatcherServlet.processDispatchResult(DispatcherServlet.java:1161)
	at org.springframework.web.servlet.DispatcherServlet.doDispatch(DispatcherServlet.java:1106)
	at org.springframework.web.servlet.DispatcherServlet.doService(DispatcherServlet.java:979)
	at org.springframework.web.servlet.FrameworkServlet.processRequest(FrameworkServlet.java:1014)
	at org.springframework.web.servlet.FrameworkServlet.doPost(FrameworkServlet.java:914)
	at jakarta.servlet.http.HttpServlet.service(HttpServlet.java:590)
	at org.springframework.web.servlet.FrameworkServlet.service(FrameworkServlet.java:885)
	at org.springframework.test.web.servlet.TestDispatcherServlet.service(TestDispatcherServlet.java:72)
	at jakarta.servlet.http.HttpServlet.service(HttpServlet.java:658)
	at org.springframework.mock.web.MockFilterChain$ServletFilterProxy.doFilter(MockFilterChain.java:165)
	at org.springframework.mock.web.MockFilterChain.doFilter(MockFilterChain.java:132)
	at org.springframework.test.web.servlet.MockMvc.perform(MockMvc.java:201)
	at com.example.api.controller.UserNameSuggestionControllerTest.testSuggestUsernames_WrongAcceptHeader(UserNameSuggestionControllerTest.java:696)
	at java.base/jdk.internal.reflect.DirectMethodHandleAccessor.invoke(DirectMethodHandleAccessor.java:103)
	at java.base/java.lang.reflect.Method.invoke(Method.java:580)
	at org.junit.platform.commons.util.ReflectionUtils.invokeMethod(ReflectionUtils.java:775)
	at org.junit.platform.commons.support.ReflectionSupport.invokeMethod(ReflectionSupport.java:479)
	at org.junit.jupiter.engine.execution.MethodInvocation.proceed(MethodInvocation.java:60)
	at org.junit.jupiter.engine.execution.InvocationInterceptorChain$ValidatingInvocation.proceed(InvocationInterceptorChain.java:131)
	at org.junit.jupiter.engine.extension.TimeoutExtension.intercept(TimeoutExtension.java:161)
	at org.junit.jupiter.engine.extension.TimeoutExtension.interceptTestableMethod(TimeoutExtension.java:152)
	at org.junit.jupiter.engine.extension.TimeoutExtension.interceptTestMethod(TimeoutExtension.java:91)
	at org.junit.jupiter.engine.execution.InterceptingExecutableInvoker$ReflectiveInterceptorCall.lambda$ofVoidMethod$0(InterceptingExecutableInvoker.java:112)
	at org.junit.jupiter.engine.execution.InterceptingExecutableInvoker.lambda$invoke$0(InterceptingExecutableInvoker.java:94)
	at org.junit.jupiter.engine.execution.InvocationInterceptorChain$InterceptedInvocation.proceed(InvocationInterceptorChain.java:106)
	at org.junit.jupiter.engine.execution.InvocationInterceptorChain.proceed(InvocationInterceptorChain.java:64)
	at org.junit.jupiter.engine.execution.InvocationInterceptorChain.chainAndInvoke(InvocationInterceptorChain.java:45)
	at org.junit.jupiter.engine.execution.InvocationInterceptorChain.invoke(InvocationInterceptorChain.java:37)
	at org.junit.jupiter.engine.execution.InterceptingExecutableInvoker.invoke(InterceptingExecutableInvoker.java:93)
	at org.junit.jupiter.engine.execution.InterceptingExecutableInvoker.invoke(InterceptingExecutableInvoker.java:87)
	at org.junit.jupiter.engine.descriptor.TestMethodTestDescriptor.lambda$invokeTestMethod$7(TestMethodTestDescriptor.java:216)
	at org.junit.platform.engine.support.hierarchical.ThrowableCollector.execute(ThrowableCollector.java:73)
	at org.junit.jupiter.engine.descriptor.TestMethodTestDescriptor.invokeTestMethod(TestMethodTestDescriptor.java:212)
	at org.junit.jupiter.engine.descriptor.TestMethodTestDescriptor.execute(TestMethodTestDescriptor.java:137)
	at org.junit.jupiter.engine.descriptor.TestMethodTestDescriptor.execute(TestMethodTestDescriptor.java:69)
	at org.junit.platform.engine.support.hierarchical.NodeTestTask.lambda$executeRecursively$6(NodeTestTask.java:156)
	at org.junit.platform.engine.support.hierarchical.ThrowableCollector.execute(ThrowableCollector.java:73)
	at org.junit.platform.engine.support.hierarchical.NodeTestTask.lambda$executeRecursively$8(NodeTestTask.java:146)
	at org.junit.platform.engine.support.hierarchical.Node.around(Node.java:137)
	at org.junit.platform.engine.support.hierarchical.NodeTestTask.lambda$executeRecursively$9(NodeTestTask.java:144)
	at org.junit.platform.engine.support.hierarchical.ThrowableCollector.execute(ThrowableCollector.java:73)
	at org.junit.platform.engine.support.hierarchical.NodeTestTask.executeRecursively(NodeTestTask.java:143)
	at org.junit.platform.engine.support.hierarchical.NodeTestTask.execute(NodeTestTask.java:100)
	at java.base/java.util.ArrayList.forEach(ArrayList.java:1596)
	at org.junit.platform.engine.support.hierarchical.SameThreadHierarchicalTestExecutorService.invokeAll(SameThreadHierarchicalTestExecutorService.java:41)
	at org.junit.platform.engine.support.hierarchical.NodeTestTask.lambda$executeRecursively$6(NodeTestTask.java:160)
	at org.junit.platform.engine.support.hierarchical.ThrowableCollector.execute(ThrowableCollector.java:73)
	at org.junit.platform.engine.support.hierarchical.NodeTestTask.lambda$executeRecursively$8(NodeTestTask.java:146)
	at org.junit.platform.engine.support.hierarchical.Node.around(Node.java:137)
	at org.junit.platform.engine.support.hierarchical.NodeTestTask.lambda$executeRecursively$9(NodeTestTask.java:144)
	at org.junit.platform.engine.support.hierarchical.ThrowableCollector.execute(ThrowableCollector.java:73)
	at org.junit.platform.engine.support.hierarchical.NodeTestTask.executeRecursively(NodeTestTask.java:143)
	at org.junit.platform.engine.support.hierarchical.NodeTestTask.execute(NodeTestTask.java:100)
	at java.base/java.util.ArrayList.forEach(ArrayList.java:1596)
	at org.junit.platform.engine.support.hierarchical.SameThreadHierarchicalTestExecutorService.invokeAll(SameThreadHierarchicalTestExecutorService.java:41)
	at org.junit.platform.engine.support.hierarchical.NodeTestTask.lambda$executeRecursively$6(NodeTestTask.java:160)
	at org.junit.platform.engine.support.hierarchical.ThrowableCollector.execute(ThrowableCollector.java:73)
	at org.junit.platform.engine.support.hierarchical.NodeTestTask.lambda$executeRecursively$8(NodeTestTask.java:146)
	at org.junit.platform.engine.support.hierarchical.Node.around(Node.java:137)
	at org.junit.platform.engine.support.hierarchical.NodeTestTask.lambda$executeRecursively$9(NodeTestTask.java:144)
	at org.junit.platform.engine.support.hierarchical.ThrowableCollector.execute(ThrowableCollector.java:73)
	at org.junit.platform.engine.support.hierarchical.NodeTestTask.executeRecursively(NodeTestTask.java:143)
	at org.junit.platform.engine.support.hierarchical.NodeTestTask.execute(NodeTestTask.java:100)
	at org.junit.platform.engine.support.hierarchical.SameThreadHierarchicalTestExecutorService.submit(SameThreadHierarchicalTestExecutorService.java:35)
	at org.junit.platform.engine.support.hierarchical.HierarchicalTestExecutor.execute(HierarchicalTestExecutor.java:57)
	at org.junit.platform.engine.support.hierarchical.HierarchicalTestEngine.execute(HierarchicalTestEngine.java:54)
	at org.junit.platform.launcher.core.EngineExecutionOrchestrator.execute(EngineExecutionOrchestrator.java:201)
	at org.junit.platform.launcher.core.EngineExecutionOrchestrator.execute(EngineExecutionOrchestrator.java:170)
	at org.junit.platform.launcher.core.EngineExecutionOrchestrator.execute(EngineExecutionOrchestrator.java:94)
	at org.junit.platform.launcher.core.EngineExecutionOrchestrator.lambda$execute$0(EngineExecutionOrchestrator.java:59)
	at org.junit.platform.launcher.core.EngineExecutionOrchestrator.withInterceptedStreams(EngineExecutionOrchestrator.java:142)
	at org.junit.platform.launcher.core.EngineExecutionOrchestrator.execute(EngineExecutionOrchestrator.java:58)
	at org.junit.platform.launcher.core.DefaultLauncher.execute(DefaultLauncher.java:103)
	at org.junit.platform.launcher.core.DefaultLauncher.execute(DefaultLauncher.java:85)
	at org.junit.platform.launcher.core.DelegatingLauncher.execute(DelegatingLauncher.java:47)
	at org.junit.platform.launcher.core.InterceptingLauncher.lambda$execute$1(InterceptingLauncher.java:39)
	at org.junit.platform.launcher.core.ClasspathAlignmentCheckingLauncherInterceptor.intercept(ClasspathAlignmentCheckingLauncherInterceptor.java:25)
	at org.junit.platform.launcher.core.InterceptingLauncher.execute(InterceptingLauncher.java:38)
	at org.junit.platform.launcher.core.DelegatingLauncher.execute(DelegatingLauncher.java:47)
	at org.apache.maven.surefire.junitplatform.LazyLauncher.execute(LazyLauncher.java:56)
	at org.apache.maven.surefire.junitplatform.JUnitPlatformProvider.execute(JUnitPlatformProvider.java:194)
	at org.apache.maven.surefire.junitplatform.JUnitPlatformProvider.invokeAllTests(JUnitPlatformProvider.java:150)
	at org.apache.maven.surefire.junitplatform.JUnitPlatformProvider.invoke(JUnitPlatformProvider.java:124)
	at org.apache.maven.surefire.booter.ForkedBooter.runSuitesInProcess(ForkedBooter.java:385)
	at org.apache.maven.surefire.booter.ForkedBooter.execute(ForkedBooter.java:162)
	at org.apache.maven.surefire.booter.ForkedBooter.run(ForkedBooter.java:507)
	at org.apache.maven.surefire.booter.ForkedBooter.main(ForkedBooter.java:495)
2025-10-27 10:44:10 [main] INFO  o.s.b.t.m.w.SpringBootMockServletContext - Initializing Spring TestDispatcherServlet ''
2025-10-27 10:44:10 [main] INFO  o.s.t.w.s.TestDispatcherServlet - Initializing Servlet ''
2025-10-27 10:44:10 [main] INFO  o.s.t.w.s.TestDispatcherServlet - Completed initialization in 0 ms
2025-10-27 10:44:10 [main] INFO  c.e.a.c.UserNameSuggestionController - Received username suggestion request for QID: 1234567890
2025-10-27 10:44:10 [main] INFO  c.e.a.c.UserNameSuggestionController - Returning 0 username suggestions for QID: 1234567890
2025-10-27 10:44:10 [main] INFO  o.s.b.t.m.w.SpringBootMockServletContext - Initializing Spring TestDispatcherServlet ''
2025-10-27 10:44:10 [main] INFO  o.s.t.w.s.TestDispatcherServlet - Initializing Servlet ''
2025-10-27 10:44:10 [main] INFO  o.s.t.w.s.TestDispatcherServlet - Completed initialization in 0 ms
2025-10-27 10:44:10 [main] INFO  c.e.a.c.UserNameSuggestionController - Received username suggestion request for QID: 1234567890
2025-10-27 10:44:10 [main] INFO  c.e.a.c.UserNameSuggestionController - Returning 1 username suggestions for QID: 1234567890
2025-10-27 10:44:10 [main] INFO  o.s.b.t.m.w.SpringBootMockServletContext - Initializing Spring TestDispatcherServlet ''
2025-10-27 10:44:10 [main] INFO  o.s.t.w.s.TestDispatcherServlet - Initializing Servlet ''
2025-10-27 10:44:10 [main] INFO  o.s.t.w.s.TestDispatcherServlet - Completed initialization in 9 ms
2025-10-27 10:44:10 [main] INFO  c.e.a.c.UserNameSuggestionController - Received username suggestion request for QID: 1234567890
2025-10-27 10:44:10 [main] INFO  c.e.a.c.UserNameSuggestionController - Returning 1 username suggestions for QID: 1234567890
2025-10-27 10:44:10 [main] INFO  o.s.b.t.m.w.SpringBootMockServletContext - Initializing Spring TestDispatcherServlet ''
2025-10-27 10:44:10 [main] INFO  o.s.t.w.s.TestDispatcherServlet - Initializing Servlet ''
2025-10-27 10:44:10 [main] INFO  o.s.t.w.s.TestDispatcherServlet - Completed initialization in 0 ms
2025-10-27 10:44:10 [main] INFO  c.e.a.c.UserNameSuggestionController - Received username suggestion request for QID: 1234567890
2025-10-27 10:44:10 [main] INFO  o.s.b.t.m.w.SpringBootMockServletContext - Initializing Spring TestDispatcherServlet ''
2025-10-27 10:44:10 [main] INFO  o.s.t.w.s.TestDispatcherServlet - Initializing Servlet ''
2025-10-27 10:44:10 [main] INFO  o.s.t.w.s.TestDispatcherServlet - Completed initialization in 0 ms
2025-10-27 10:44:10 [main] INFO  c.e.a.c.UserNameSuggestionController - Received username suggestion request for QID: 1234567890
2025-10-27 10:44:10 [main] INFO  c.e.a.c.UserNameSuggestionController - Returning 0 username suggestions for QID: 1234567890
2025-10-27 10:44:10 [main] INFO  o.s.b.t.m.w.SpringBootMockServletContext - Initializing Spring TestDispatcherServlet ''
2025-10-27 10:44:10 [main] INFO  o.s.t.w.s.TestDispatcherServlet - Initializing Servlet ''
2025-10-27 10:44:10 [main] INFO  o.s.t.w.s.TestDispatcherServlet - Completed initialization in 0 ms
2025-10-27 10:44:10 [main] INFO  c.e.a.c.UserNameSuggestionController - Received username suggestion request for QID: 1234567890
2025-10-27 10:44:10 [main] INFO  c.e.a.c.UserNameSuggestionController - Returning 0 username suggestions for QID: 1234567890
2025-10-27 10:44:10 [main] INFO  o.s.b.t.m.w.SpringBootMockServletContext - Initializing Spring TestDispatcherServlet ''
2025-10-27 10:44:10 [main] INFO  o.s.t.w.s.TestDispatcherServlet - Initializing Servlet ''
2025-10-27 10:44:10 [main] INFO  o.s.t.w.s.TestDispatcherServlet - Completed initialization in 0 ms
2025-10-27 10:44:10 [main] INFO  o.s.b.t.m.w.SpringBootMockServletContext - Initializing Spring TestDispatcherServlet ''
2025-10-27 10:44:10 [main] INFO  o.s.t.w.s.TestDispatcherServlet - Initializing Servlet ''
2025-10-27 10:44:10 [main] INFO  o.s.t.w.s.TestDispatcherServlet - Completed initialization in 3 ms
2025-10-27 10:44:10 [main] INFO  c.e.a.c.UserNameSuggestionController - Received username suggestion request for QID: 1234567890
2025-10-27 10:44:10 [main] INFO  c.e.a.c.UserNameSuggestionController - Returning 0 username suggestions for QID: 1234567890
2025-10-27 10:44:10 [main] INFO  o.s.b.t.m.w.SpringBootMockServletContext - Initializing Spring TestDispatcherServlet ''
2025-10-27 10:44:10 [main] INFO  o.s.t.w.s.TestDispatcherServlet - Initializing Servlet ''
2025-10-27 10:44:10 [main] INFO  o.s.t.w.s.TestDispatcherServlet - Completed initialization in 0 ms
2025-10-27 10:44:10 [main] INFO  c.e.a.c.UserNameSuggestionController - Received username suggestion request for QID: 1234567890
2025-10-27 10:44:10 [main] INFO  c.e.a.c.UserNameSuggestionController - Returning 0 username suggestions for QID: 1234567890
2025-10-27 10:44:10 [main] INFO  o.s.b.t.m.w.SpringBootMockServletContext - Initializing Spring TestDispatcherServlet ''
2025-10-27 10:44:10 [main] INFO  o.s.t.w.s.TestDispatcherServlet - Initializing Servlet ''
2025-10-27 10:44:10 [main] INFO  o.s.t.w.s.TestDispatcherServlet - Completed initialization in 1 ms
2025-10-27 10:44:10 [main] INFO  c.e.a.c.UserNameSuggestionController - Received username suggestion request for QID: 1234567890
2025-10-27 10:44:10 [main] INFO  c.e.a.c.UserNameSuggestionController - Returning 1 username suggestions for QID: 1234567890
2025-10-27 10:44:10 [main] INFO  o.s.b.t.m.w.SpringBootMockServletContext - Initializing Spring TestDispatcherServlet ''
2025-10-27 10:44:10 [main] INFO  o.s.t.w.s.TestDispatcherServlet - Initializing Servlet ''
2025-10-27 10:44:10 [main] INFO  o.s.t.w.s.TestDispatcherServlet - Completed initialization in 2 ms
2025-10-27 10:44:10 [main] INFO  o.s.b.t.m.w.SpringBootMockServletContext - Initializing Spring TestDispatcherServlet ''
2025-10-27 10:44:10 [main] INFO  o.s.t.w.s.TestDispatcherServlet - Initializing Servlet ''
2025-10-27 10:44:10 [main] INFO  o.s.t.w.s.TestDispatcherServlet - Completed initialization in 0 ms
2025-10-27 10:44:10 [main] INFO  c.e.a.c.UserNameSuggestionController - Received username suggestion request for QID: 1234567890
2025-10-27 10:44:10 [main] INFO  c.e.a.c.UserNameSuggestionController - Returning 1 username suggestions for QID: 1234567890
2025-10-27 10:44:10 [main] INFO  o.s.b.t.m.w.SpringBootMockServletContext - Initializing Spring TestDispatcherServlet ''
2025-10-27 10:44:10 [main] INFO  o.s.t.w.s.TestDispatcherServlet - Initializing Servlet ''
2025-10-27 10:44:10 [main] INFO  o.s.t.w.s.TestDispatcherServlet - Completed initialization in 0 ms
2025-10-27 10:44:10 [main] INFO  o.s.b.t.m.w.SpringBootMockServletContext - Initializing Spring TestDispatcherServlet ''
2025-10-27 10:44:10 [main] INFO  o.s.t.w.s.TestDispatcherServlet - Initializing Servlet ''
2025-10-27 10:44:10 [main] INFO  o.s.t.w.s.TestDispatcherServlet - Completed initialization in 2 ms
2025-10-27 10:44:10 [main] INFO  c.e.a.c.UserNameSuggestionController - Received username suggestion request for QID: 1234567890
2025-10-27 10:44:10 [main] INFO  o.s.b.t.m.w.SpringBootMockServletContext - Initializing Spring TestDispatcherServlet ''
2025-10-27 10:44:10 [main] INFO  o.s.t.w.s.TestDispatcherServlet - Initializing Servlet ''
2025-10-27 10:44:10 [main] INFO  o.s.t.w.s.TestDispatcherServlet - Completed initialization in 0 ms
2025-10-27 10:44:10 [main] INFO  o.s.b.t.m.w.SpringBootMockServletContext - Initializing Spring TestDispatcherServlet ''
2025-10-27 10:44:10 [main] INFO  o.s.t.w.s.TestDispatcherServlet - Initializing Servlet ''
2025-10-27 10:44:10 [main] INFO  o.s.t.w.s.TestDispatcherServlet - Completed initialization in 0 ms
2025-10-27 10:44:10 [main] INFO  o.s.b.t.m.w.SpringBootMockServletContext - Initializing Spring TestDispatcherServlet ''
2025-10-27 10:44:10 [main] INFO  o.s.t.w.s.TestDispatcherServlet - Initializing Servlet ''
2025-10-27 10:44:10 [main] INFO  o.s.t.w.s.TestDispatcherServlet - Completed initialization in 6 ms
2025-10-27 10:44:10 [main] INFO  c.e.a.c.UserNameSuggestionController - Received username suggestion request for QID: 123@#$%^&*()
2025-10-27 10:44:10 [main] INFO  c.e.a.c.UserNameSuggestionController - Returning 1 username suggestions for QID: 123@#$%^&*()
2025-10-27 10:44:10 [main] INFO  o.s.b.t.m.w.SpringBootMockServletContext - Initializing Spring TestDispatcherServlet ''
2025-10-27 10:44:10 [main] INFO  o.s.t.w.s.TestDispatcherServlet - Initializing Servlet ''
2025-10-27 10:44:10 [main] INFO  o.s.t.w.s.TestDispatcherServlet - Completed initialization in 2 ms
2025-10-27 10:44:10 [main] INFO  c.e.a.c.UserNameSuggestionController - Received username suggestion request for QID: 1234567890
2025-10-27 10:44:10 [main] INFO  c.e.a.c.UserNameSuggestionController - Returning 1 username suggestions for QID: 1234567890
2025-10-27 10:44:10 [main] INFO  o.s.b.t.m.w.SpringBootMockServletContext - Initializing Spring TestDispatcherServlet ''
2025-10-27 10:44:10 [main] INFO  o.s.t.w.s.TestDispatcherServlet - Initializing Servlet ''
2025-10-27 10:44:10 [main] INFO  o.s.t.w.s.TestDispatcherServlet - Completed initialization in 2 ms
2025-10-27 10:44:10 [main] INFO  c.e.a.c.UserNameSuggestionController - Received username suggestion request for QID: 1234567890
2025-10-27 10:44:10 [main] INFO  c.e.a.c.UserNameSuggestionController - Returning 1 username suggestions for QID: 1234567890
2025-10-27 10:44:10 [main] INFO  o.s.b.t.m.w.SpringBootMockServletContext - Initializing Spring TestDispatcherServlet ''
2025-10-27 10:44:10 [main] INFO  o.s.t.w.s.TestDispatcherServlet - Initializing Servlet ''
2025-10-27 10:44:10 [main] INFO  o.s.t.w.s.TestDispatcherServlet - Completed initialization in 0 ms
2025-10-27 10:44:10 [main] INFO  c.e.a.c.UserNameSuggestionController - Received username suggestion request for QID: 1234567890
2025-10-27 10:44:10 [main] INFO  o.s.b.t.m.w.SpringBootMockServletContext - Initializing Spring TestDispatcherServlet ''
2025-10-27 10:44:10 [main] INFO  o.s.t.w.s.TestDispatcherServlet - Initializing Servlet ''
2025-10-27 10:44:10 [main] INFO  o.s.t.w.s.TestDispatcherServlet - Completed initialization in 0 ms
2025-10-27 10:44:10 [main] INFO  c.e.a.c.UserNameSuggestionController - Received username suggestion request for QID: 1234567890
2025-10-27 10:44:10 [main] INFO  o.s.b.t.m.w.SpringBootMockServletContext - Initializing Spring TestDispatcherServlet ''
2025-10-27 10:44:10 [main] INFO  o.s.t.w.s.TestDispatcherServlet - Initializing Servlet ''
2025-10-27 10:44:10 [main] INFO  o.s.t.w.s.TestDispatcherServlet - Completed initialization in 11 ms
2025-10-27 10:44:10 [main] INFO  c.e.a.c.UserNameSuggestionController - Received username suggestion request for QID: 1234567890
2025-10-27 10:44:10 [main] INFO  c.e.a.c.UserNameSuggestionController - Returning 1 username suggestions for QID: 1234567890
2025-10-27 10:44:10 [main] INFO  o.s.b.t.m.w.SpringBootMockServletContext - Initializing Spring TestDispatcherServlet ''
2025-10-27 10:44:10 [main] INFO  o.s.t.w.s.TestDispatcherServlet - Initializing Servlet ''
2025-10-27 10:44:10 [main] INFO  o.s.t.w.s.TestDispatcherServlet - Completed initialization in 0 ms
2025-10-27 10:44:10 [main] INFO  c.e.a.c.UserNameSuggestionController - Received username suggestion request for QID: 123456789012345678901234567890123456789012345678901234567890
2025-10-27 10:44:10 [main] INFO  c.e.a.c.UserNameSuggestionController - Returning 1 username suggestions for QID: 123456789012345678901234567890123456789012345678901234567890
2025-10-27 10:44:10 [main] INFO  o.s.b.t.m.w.SpringBootMockServletContext - Initializing Spring TestDispatcherServlet ''
2025-10-27 10:44:10 [main] INFO  o.s.t.w.s.TestDispatcherServlet - Initializing Servlet ''
2025-10-27 10:44:10 [main] INFO  o.s.t.w.s.TestDispatcherServlet - Completed initialization in 16 ms
2025-10-27 10:44:11 [main] INFO  o.s.b.t.m.w.SpringBootMockServletContext - Initializing Spring TestDispatcherServlet ''
2025-10-27 10:44:11 [main] INFO  o.s.t.w.s.TestDispatcherServlet - Initializing Servlet ''
2025-10-27 10:44:11 [main] INFO  o.s.t.w.s.TestDispatcherServlet - Completed initialization in 0 ms
2025-10-27 10:44:11 [main] INFO  o.s.b.t.m.w.SpringBootMockServletContext - Initializing Spring TestDispatcherServlet ''
2025-10-27 10:44:11 [main] INFO  o.s.t.w.s.TestDispatcherServlet - Initializing Servlet ''
2025-10-27 10:44:11 [main] INFO  o.s.t.w.s.TestDispatcherServlet - Completed initialization in 3 ms
2025-10-27 10:44:11 [main] INFO  o.s.b.t.m.w.SpringBootMockServletContext - Initializing Spring TestDispatcherServlet ''
2025-10-27 10:44:11 [main] INFO  o.s.t.w.s.TestDispatcherServlet - Initializing Servlet ''
2025-10-27 10:44:11 [main] INFO  o.s.t.w.s.TestDispatcherServlet - Completed initialization in 0 ms
2025-10-27 10:44:11 [main] INFO  o.s.b.t.m.w.SpringBootMockServletContext - Initializing Spring TestDispatcherServlet ''
2025-10-27 10:44:11 [main] INFO  o.s.t.w.s.TestDispatcherServlet - Initializing Servlet ''
2025-10-27 10:44:11 [main] INFO  o.s.t.w.s.TestDispatcherServlet - Completed initialization in 2 ms
2025-10-27 10:44:11 [main] INFO  c.e.a.c.UserNameSuggestionController - Received username suggestion request for QID: 1234567890
2025-10-27 10:44:11 [main] INFO  c.e.a.c.UserNameSuggestionController - Returning 0 username suggestions for QID: 1234567890
2025-10-27 10:44:11 [main] INFO  o.s.b.t.m.w.SpringBootMockServletContext - Initializing Spring TestDispatcherServlet ''
2025-10-27 10:44:11 [main] INFO  o.s.t.w.s.TestDispatcherServlet - Initializing Servlet ''
2025-10-27 10:44:11 [main] INFO  o.s.t.w.s.TestDispatcherServlet - Completed initialization in 2 ms
2025-10-27 10:44:11 [main] INFO  c.e.a.c.UserNameSuggestionController - Received username suggestion request for QID:    
2025-10-27 10:44:11 [main] INFO  c.e.a.c.UserNameSuggestionController - Returning 0 username suggestions for QID:    
2025-10-27 10:44:11 [main] INFO  o.s.b.t.m.w.SpringBootMockServletContext - Initializing Spring TestDispatcherServlet ''
2025-10-27 10:44:11 [main] INFO  o.s.t.w.s.TestDispatcherServlet - Initializing Servlet ''
2025-10-27 10:44:11 [main] INFO  o.s.t.w.s.TestDispatcherServlet - Completed initialization in 3 ms
2025-10-27 10:44:11 [main] INFO  c.e.a.c.UserNameSuggestionController - Received username suggestion request for QID: 1234567890
2025-10-27 10:44:11 [main] INFO  o.s.b.t.m.w.SpringBootMockServletContext - Initializing Spring TestDispatcherServlet ''
2025-10-27 10:44:11 [main] INFO  o.s.t.w.s.TestDispatcherServlet - Initializing Servlet ''
2025-10-27 10:44:11 [main] INFO  o.s.t.w.s.TestDispatcherServlet - Completed initialization in 0 ms
2025-10-27 10:44:11 [main] INFO  o.s.b.t.m.w.SpringBootMockServletContext - Initializing Spring TestDispatcherServlet ''
2025-10-27 10:44:11 [main] INFO  o.s.t.w.s.TestDispatcherServlet - Initializing Servlet ''
2025-10-27 10:44:11 [main] INFO  o.s.t.w.s.TestDispatcherServlet - Completed initialization in 0 ms
2025-10-27 10:44:11 [main] INFO  c.e.a.c.UserNameSuggestionController - Received username suggestion request for QID: null
2025-10-27 10:44:11 [main] INFO  c.e.a.c.UserNameSuggestionController - Returning 0 username suggestions for QID: null
2025-10-27 10:44:11 [main] INFO  o.s.b.t.m.w.SpringBootMockServletContext - Initializing Spring TestDispatcherServlet ''
2025-10-27 10:44:11 [main] INFO  o.s.t.w.s.TestDispatcherServlet - Initializing Servlet ''
2025-10-27 10:44:11 [main] INFO  o.s.t.w.s.TestDispatcherServlet - Completed initialization in 1 ms
2025-10-27 10:44:11 [main] INFO  c.e.a.c.UserNameSuggestionController - Received username suggestion request for QID: 1234567890
2025-10-27 10:44:11 [main] INFO  c.e.a.c.UserNameSuggestionController - Returning 0 username suggestions for QID: 1234567890
2025-10-27 10:44:11 [SpringApplicationShutdownHook] INFO  o.s.o.j.LocalContainerEntityManagerFactoryBean - Closing JPA EntityManagerFactory for persistence unit 'default'
2025-10-27 10:44:11 [SpringApplicationShutdownHook] INFO  com.zaxxer.hikari.HikariDataSource - HikariPool-1 - Shutdown initiated...
2025-10-27 10:44:12 [SpringApplicationShutdownHook] INFO  com.zaxxer.hikari.HikariDataSource - HikariPool-1 - Shutdown completed.
2025-10-27 10:44:27 [main] INFO  c.e.a.c.UserNameSuggestionControllerTest - Starting UserNameSuggestionControllerTest using Java 21.0.5 with PID 13568 (started by bhavya in C:\intelliJ workspace\Dukhan Bank ODS\api-service)
2025-10-27 10:44:27 [main] DEBUG c.e.a.c.UserNameSuggestionControllerTest - Running with Spring Boot v3.5.4, Spring v6.2.9
2025-10-27 10:44:27 [main] INFO  c.e.a.c.UserNameSuggestionControllerTest - No active profile set, falling back to 1 default profile: "default"
2025-10-27 10:44:29 [main] INFO  o.s.d.r.c.RepositoryConfigurationDelegate - Bootstrapping Spring Data JPA repositories in DEFAULT mode.
2025-10-27 10:44:30 [main] INFO  o.s.d.r.c.RepositoryConfigurationDelegate - Finished Spring Data repository scanning in 703 ms. Found 8 JPA repository interfaces.
2025-10-27 10:44:35 [main] INFO  o.h.jpa.internal.util.LogHelper - HHH000204: Processing PersistenceUnitInfo [name: default]
2025-10-27 10:44:35 [main] INFO  org.hibernate.Version - HHH000412: Hibernate ORM core version 6.6.22.Final
2025-10-27 10:44:35 [main] INFO  o.h.c.i.RegionFactoryInitiator - HHH000026: Second-level cache disabled
2025-10-27 10:44:36 [main] INFO  o.s.o.j.p.SpringPersistenceUnitInfo - No LoadTimeWeaver setup: ignoring JPA class transformer
2025-10-27 10:44:36 [main] INFO  com.zaxxer.hikari.HikariDataSource - HikariPool-1 - Starting...
2025-10-27 10:44:38 [main] INFO  com.zaxxer.hikari.pool.HikariPool - HikariPool-1 - Added connection org.postgresql.jdbc.PgConnection@49616310
2025-10-27 10:44:38 [main] INFO  com.zaxxer.hikari.HikariDataSource - HikariPool-1 - Start completed.
2025-10-27 10:44:38 [main] WARN  org.hibernate.orm.deprecation - HHH90000025: PostgreSQLDialect does not need to be specified explicitly using 'hibernate.dialect' (remove the property setting and it will be selected by default)
2025-10-27 10:44:38 [main] INFO  o.hibernate.orm.connections.pooling - HHH10001005: Database info:
	Database JDBC URL [Connecting through datasource 'HikariDataSource (HikariPool-1)']
	Database driver: undefined/unknown
	Database version: 16.10
	Autocommit mode: undefined/unknown
	Isolation level: undefined/unknown
	Minimum pool size: undefined/unknown
	Maximum pool size: undefined/unknown
2025-10-27 10:44:40 [main] INFO  o.h.e.t.j.p.i.JtaPlatformInitiator - HHH000489: No JTA platform available (set 'hibernate.transaction.jta.platform' to enable JTA platform integration)
2025-10-27 10:44:41 [main] INFO  o.s.o.j.LocalContainerEntityManagerFactoryBean - Initialized JPA EntityManagerFactory for persistence unit 'default'
2025-10-27 10:44:42 [main] INFO  o.s.d.j.r.query.QueryEnhancerFactory - Hibernate is in classpath; If applicable, HQL parser will be used.
2025-10-27 10:44:45 [main] WARN  o.s.b.a.o.j.JpaBaseConfiguration$JpaWebConfiguration - spring.jpa.open-in-view is enabled by default. Therefore, database queries may be performed during view rendering. Explicitly configure spring.jpa.open-in-view to disable this warning
2025-10-27 10:44:46 [main] INFO  c.e.a.c.UserNameSuggestionControllerTest - Started UserNameSuggestionControllerTest in 19.158 seconds (process running for 21.4)
2025-10-27 10:44:46 [main] INFO  o.s.b.t.m.w.SpringBootMockServletContext - Initializing Spring TestDispatcherServlet ''
2025-10-27 10:44:46 [main] INFO  o.s.t.w.s.TestDispatcherServlet - Initializing Servlet ''
2025-10-27 10:44:46 [main] INFO  o.s.t.w.s.TestDispatcherServlet - Completed initialization in 0 ms
2025-10-27 10:44:46 [main] INFO  c.e.a.c.UserNameSuggestionController - Received username suggestion request for QID: 1234567890
2025-10-27 10:44:46 [main] INFO  o.s.b.t.m.w.SpringBootMockServletContext - Initializing Spring TestDispatcherServlet ''
2025-10-27 10:44:46 [main] INFO  o.s.t.w.s.TestDispatcherServlet - Initializing Servlet ''
2025-10-27 10:44:46 [main] INFO  o.s.t.w.s.TestDispatcherServlet - Completed initialization in 0 ms
2025-10-27 10:44:46 [main] INFO  c.e.a.c.UserNameSuggestionController - Received username suggestion request for QID: 1234567890
2025-10-27 10:44:46 [main] INFO  c.e.a.c.UserNameSuggestionController - Returning 0 username suggestions for QID: 1234567890
2025-10-27 10:44:46 [main] INFO  o.s.b.t.m.w.SpringBootMockServletContext - Initializing Spring TestDispatcherServlet ''
2025-10-27 10:44:46 [main] INFO  o.s.t.w.s.TestDispatcherServlet - Initializing Servlet ''
2025-10-27 10:44:46 [main] INFO  o.s.t.w.s.TestDispatcherServlet - Completed initialization in 0 ms
2025-10-27 10:44:46 [main] INFO  c.e.a.c.UserNameSuggestionController - Received username suggestion request for QID: 1234567890
2025-10-27 10:44:46 [main] INFO  c.e.a.c.UserNameSuggestionController - Returning 0 username suggestions for QID: 1234567890
2025-10-27 10:44:46 [main] INFO  o.s.b.t.m.w.SpringBootMockServletContext - Initializing Spring TestDispatcherServlet ''
2025-10-27 10:44:46 [main] INFO  o.s.t.w.s.TestDispatcherServlet - Initializing Servlet ''
2025-10-27 10:44:46 [main] INFO  o.s.t.w.s.TestDispatcherServlet - Completed initialization in 7 ms
2025-10-27 10:44:46 [main] INFO  c.e.a.c.UserNameSuggestionController - Received username suggestion request for QID: 1234567890
2025-10-27 10:44:46 [main] INFO  c.e.a.c.UserNameSuggestionController - Returning 1 username suggestions for QID: 1234567890
2025-10-27 10:44:46 [main] INFO  o.s.b.t.m.w.SpringBootMockServletContext - Initializing Spring TestDispatcherServlet ''
2025-10-27 10:44:46 [main] INFO  o.s.t.w.s.TestDispatcherServlet - Initializing Servlet ''
2025-10-27 10:44:46 [main] INFO  o.s.t.w.s.TestDispatcherServlet - Completed initialization in 2 ms
2025-10-27 10:44:46 [main] INFO  o.s.b.t.m.w.SpringBootMockServletContext - Initializing Spring TestDispatcherServlet ''
2025-10-27 10:44:46 [main] INFO  o.s.t.w.s.TestDispatcherServlet - Initializing Servlet ''
2025-10-27 10:44:46 [main] INFO  o.s.t.w.s.TestDispatcherServlet - Completed initialization in 2 ms
2025-10-27 10:44:47 [main] INFO  c.e.a.c.UserNameSuggestionController - Received username suggestion request for QID: 1234567890
2025-10-27 10:44:47 [main] INFO  c.e.a.c.UserNameSuggestionController - Returning 1 username suggestions for QID: 1234567890
2025-10-27 10:44:47 [main] INFO  o.s.b.t.m.w.SpringBootMockServletContext - Initializing Spring TestDispatcherServlet ''
2025-10-27 10:44:47 [main] INFO  o.s.t.w.s.TestDispatcherServlet - Initializing Servlet ''
2025-10-27 10:44:47 [main] INFO  o.s.t.w.s.TestDispatcherServlet - Completed initialization in 5 ms
2025-10-27 10:44:47 [main] INFO  c.e.a.c.UserNameSuggestionController - Received username suggestion request for QID: 
2025-10-27 10:44:47 [main] INFO  c.e.a.c.UserNameSuggestionController - Returning 0 username suggestions for QID: 
2025-10-27 10:44:47 [main] INFO  o.s.b.t.m.w.SpringBootMockServletContext - Initializing Spring TestDispatcherServlet ''
2025-10-27 10:44:47 [main] INFO  o.s.t.w.s.TestDispatcherServlet - Initializing Servlet ''
2025-10-27 10:44:47 [main] INFO  o.s.t.w.s.TestDispatcherServlet - Completed initialization in 0 ms
2025-10-27 10:44:47 [main] INFO  o.s.b.t.m.w.SpringBootMockServletContext - Initializing Spring TestDispatcherServlet ''
2025-10-27 10:44:47 [main] INFO  o.s.t.w.s.TestDispatcherServlet - Initializing Servlet ''
2025-10-27 10:44:47 [main] INFO  o.s.t.w.s.TestDispatcherServlet - Completed initialization in 0 ms
2025-10-27 10:44:47 [main] INFO  c.e.a.c.UserNameSuggestionController - Received username suggestion request for QID: 1234567890
2025-10-27 10:44:47 [main] INFO  c.e.a.c.UserNameSuggestionController - Returning 1 username suggestions for QID: 1234567890
2025-10-27 10:44:47 [main] WARN  o.s.w.s.m.m.a.ExceptionHandlerExceptionResolver - Failure in @ExceptionHandler com.example.api.exception.GlobalExceptionHandler#handleGenericException(Exception)
org.springframework.web.HttpMediaTypeNotAcceptableException: No acceptable representation
	at org.springframework.web.servlet.mvc.method.annotation.AbstractMessageConverterMethodProcessor.writeWithMessageConverters(AbstractMessageConverterMethodProcessor.java:291)
	at org.springframework.web.servlet.mvc.method.annotation.HttpEntityMethodProcessor.handleReturnValue(HttpEntityMethodProcessor.java:263)
	at org.springframework.web.method.support.HandlerMethodReturnValueHandlerComposite.handleReturnValue(HandlerMethodReturnValueHandlerComposite.java:78)
	at org.springframework.web.servlet.mvc.method.annotation.ServletInvocableHandlerMethod.invokeAndHandle(ServletInvocableHandlerMethod.java:136)
	at org.springframework.web.servlet.mvc.method.annotation.ExceptionHandlerExceptionResolver.doResolveHandlerMethodException(ExceptionHandlerExceptionResolver.java:471)
	at org.springframework.web.servlet.handler.AbstractHandlerMethodExceptionResolver.doResolveException(AbstractHandlerMethodExceptionResolver.java:73)
	at org.springframework.web.servlet.handler.AbstractHandlerExceptionResolver.resolveException(AbstractHandlerExceptionResolver.java:182)
	at org.springframework.web.servlet.handler.HandlerExceptionResolverComposite.resolveException(HandlerExceptionResolverComposite.java:80)
	at org.springframework.web.servlet.DispatcherServlet.processHandlerException(DispatcherServlet.java:1360)
	at org.springframework.test.web.servlet.TestDispatcherServlet.processHandlerException(TestDispatcherServlet.java:146)
	at org.springframework.web.servlet.DispatcherServlet.processDispatchResult(DispatcherServlet.java:1161)
	at org.springframework.web.servlet.DispatcherServlet.doDispatch(DispatcherServlet.java:1106)
	at org.springframework.web.servlet.DispatcherServlet.doService(DispatcherServlet.java:979)
	at org.springframework.web.servlet.FrameworkServlet.processRequest(FrameworkServlet.java:1014)
	at org.springframework.web.servlet.FrameworkServlet.doPost(FrameworkServlet.java:914)
	at jakarta.servlet.http.HttpServlet.service(HttpServlet.java:590)
	at org.springframework.web.servlet.FrameworkServlet.service(FrameworkServlet.java:885)
	at org.springframework.test.web.servlet.TestDispatcherServlet.service(TestDispatcherServlet.java:72)
	at jakarta.servlet.http.HttpServlet.service(HttpServlet.java:658)
	at org.springframework.mock.web.MockFilterChain$ServletFilterProxy.doFilter(MockFilterChain.java:165)
	at org.springframework.mock.web.MockFilterChain.doFilter(MockFilterChain.java:132)
	at org.springframework.test.web.servlet.MockMvc.perform(MockMvc.java:201)
	at com.example.api.controller.UserNameSuggestionControllerTest.testSuggestUsernames_WrongAcceptHeader(UserNameSuggestionControllerTest.java:706)
	at java.base/jdk.internal.reflect.DirectMethodHandleAccessor.invoke(DirectMethodHandleAccessor.java:103)
	at java.base/java.lang.reflect.Method.invoke(Method.java:580)
	at org.junit.platform.commons.util.ReflectionUtils.invokeMethod(ReflectionUtils.java:775)
	at org.junit.platform.commons.support.ReflectionSupport.invokeMethod(ReflectionSupport.java:479)
	at org.junit.jupiter.engine.execution.MethodInvocation.proceed(MethodInvocation.java:60)
	at org.junit.jupiter.engine.execution.InvocationInterceptorChain$ValidatingInvocation.proceed(InvocationInterceptorChain.java:131)
	at org.junit.jupiter.engine.extension.TimeoutExtension.intercept(TimeoutExtension.java:161)
	at org.junit.jupiter.engine.extension.TimeoutExtension.interceptTestableMethod(TimeoutExtension.java:152)
	at org.junit.jupiter.engine.extension.TimeoutExtension.interceptTestMethod(TimeoutExtension.java:91)
	at org.junit.jupiter.engine.execution.InterceptingExecutableInvoker$ReflectiveInterceptorCall.lambda$ofVoidMethod$0(InterceptingExecutableInvoker.java:112)
	at org.junit.jupiter.engine.execution.InterceptingExecutableInvoker.lambda$invoke$0(InterceptingExecutableInvoker.java:94)
	at org.junit.jupiter.engine.execution.InvocationInterceptorChain$InterceptedInvocation.proceed(InvocationInterceptorChain.java:106)
	at org.junit.jupiter.engine.execution.InvocationInterceptorChain.proceed(InvocationInterceptorChain.java:64)
	at org.junit.jupiter.engine.execution.InvocationInterceptorChain.chainAndInvoke(InvocationInterceptorChain.java:45)
	at org.junit.jupiter.engine.execution.InvocationInterceptorChain.invoke(InvocationInterceptorChain.java:37)
	at org.junit.jupiter.engine.execution.InterceptingExecutableInvoker.invoke(InterceptingExecutableInvoker.java:93)
	at org.junit.jupiter.engine.execution.InterceptingExecutableInvoker.invoke(InterceptingExecutableInvoker.java:87)
	at org.junit.jupiter.engine.descriptor.TestMethodTestDescriptor.lambda$invokeTestMethod$7(TestMethodTestDescriptor.java:216)
	at org.junit.platform.engine.support.hierarchical.ThrowableCollector.execute(ThrowableCollector.java:73)
	at org.junit.jupiter.engine.descriptor.TestMethodTestDescriptor.invokeTestMethod(TestMethodTestDescriptor.java:212)
	at org.junit.jupiter.engine.descriptor.TestMethodTestDescriptor.execute(TestMethodTestDescriptor.java:137)
	at org.junit.jupiter.engine.descriptor.TestMethodTestDescriptor.execute(TestMethodTestDescriptor.java:69)
	at org.junit.platform.engine.support.hierarchical.NodeTestTask.lambda$executeRecursively$6(NodeTestTask.java:156)
	at org.junit.platform.engine.support.hierarchical.ThrowableCollector.execute(ThrowableCollector.java:73)
	at org.junit.platform.engine.support.hierarchical.NodeTestTask.lambda$executeRecursively$8(NodeTestTask.java:146)
	at org.junit.platform.engine.support.hierarchical.Node.around(Node.java:137)
	at org.junit.platform.engine.support.hierarchical.NodeTestTask.lambda$executeRecursively$9(NodeTestTask.java:144)
	at org.junit.platform.engine.support.hierarchical.ThrowableCollector.execute(ThrowableCollector.java:73)
	at org.junit.platform.engine.support.hierarchical.NodeTestTask.executeRecursively(NodeTestTask.java:143)
	at org.junit.platform.engine.support.hierarchical.NodeTestTask.execute(NodeTestTask.java:100)
	at java.base/java.util.ArrayList.forEach(ArrayList.java:1596)
	at org.junit.platform.engine.support.hierarchical.SameThreadHierarchicalTestExecutorService.invokeAll(SameThreadHierarchicalTestExecutorService.java:41)
	at org.junit.platform.engine.support.hierarchical.NodeTestTask.lambda$executeRecursively$6(NodeTestTask.java:160)
	at org.junit.platform.engine.support.hierarchical.ThrowableCollector.execute(ThrowableCollector.java:73)
	at org.junit.platform.engine.support.hierarchical.NodeTestTask.lambda$executeRecursively$8(NodeTestTask.java:146)
	at org.junit.platform.engine.support.hierarchical.Node.around(Node.java:137)
	at org.junit.platform.engine.support.hierarchical.NodeTestTask.lambda$executeRecursively$9(NodeTestTask.java:144)
	at org.junit.platform.engine.support.hierarchical.ThrowableCollector.execute(ThrowableCollector.java:73)
	at org.junit.platform.engine.support.hierarchical.NodeTestTask.executeRecursively(NodeTestTask.java:143)
	at org.junit.platform.engine.support.hierarchical.NodeTestTask.execute(NodeTestTask.java:100)
	at java.base/java.util.ArrayList.forEach(ArrayList.java:1596)
	at org.junit.platform.engine.support.hierarchical.SameThreadHierarchicalTestExecutorService.invokeAll(SameThreadHierarchicalTestExecutorService.java:41)
	at org.junit.platform.engine.support.hierarchical.NodeTestTask.lambda$executeRecursively$6(NodeTestTask.java:160)
	at org.junit.platform.engine.support.hierarchical.ThrowableCollector.execute(ThrowableCollector.java:73)
	at org.junit.platform.engine.support.hierarchical.NodeTestTask.lambda$executeRecursively$8(NodeTestTask.java:146)
	at org.junit.platform.engine.support.hierarchical.Node.around(Node.java:137)
	at org.junit.platform.engine.support.hierarchical.NodeTestTask.lambda$executeRecursively$9(NodeTestTask.java:144)
	at org.junit.platform.engine.support.hierarchical.ThrowableCollector.execute(ThrowableCollector.java:73)
	at org.junit.platform.engine.support.hierarchical.NodeTestTask.executeRecursively(NodeTestTask.java:143)
	at org.junit.platform.engine.support.hierarchical.NodeTestTask.execute(NodeTestTask.java:100)
	at org.junit.platform.engine.support.hierarchical.SameThreadHierarchicalTestExecutorService.submit(SameThreadHierarchicalTestExecutorService.java:35)
	at org.junit.platform.engine.support.hierarchical.HierarchicalTestExecutor.execute(HierarchicalTestExecutor.java:57)
	at org.junit.platform.engine.support.hierarchical.HierarchicalTestEngine.execute(HierarchicalTestEngine.java:54)
	at org.junit.platform.launcher.core.EngineExecutionOrchestrator.execute(EngineExecutionOrchestrator.java:201)
	at org.junit.platform.launcher.core.EngineExecutionOrchestrator.execute(EngineExecutionOrchestrator.java:170)
	at org.junit.platform.launcher.core.EngineExecutionOrchestrator.execute(EngineExecutionOrchestrator.java:94)
	at org.junit.platform.launcher.core.EngineExecutionOrchestrator.lambda$execute$0(EngineExecutionOrchestrator.java:59)
	at org.junit.platform.launcher.core.EngineExecutionOrchestrator.withInterceptedStreams(EngineExecutionOrchestrator.java:142)
	at org.junit.platform.launcher.core.EngineExecutionOrchestrator.execute(EngineExecutionOrchestrator.java:58)
	at org.junit.platform.launcher.core.DefaultLauncher.execute(DefaultLauncher.java:103)
	at org.junit.platform.launcher.core.DefaultLauncher.execute(DefaultLauncher.java:85)
	at org.junit.platform.launcher.core.DelegatingLauncher.execute(DelegatingLauncher.java:47)
	at org.junit.platform.launcher.core.InterceptingLauncher.lambda$execute$1(InterceptingLauncher.java:39)
	at org.junit.platform.launcher.core.ClasspathAlignmentCheckingLauncherInterceptor.intercept(ClasspathAlignmentCheckingLauncherInterceptor.java:25)
	at org.junit.platform.launcher.core.InterceptingLauncher.execute(InterceptingLauncher.java:38)
	at org.junit.platform.launcher.core.DelegatingLauncher.execute(DelegatingLauncher.java:47)
	at org.apache.maven.surefire.junitplatform.LazyLauncher.execute(LazyLauncher.java:56)
	at org.apache.maven.surefire.junitplatform.JUnitPlatformProvider.execute(JUnitPlatformProvider.java:194)
	at org.apache.maven.surefire.junitplatform.JUnitPlatformProvider.invokeAllTests(JUnitPlatformProvider.java:150)
	at org.apache.maven.surefire.junitplatform.JUnitPlatformProvider.invoke(JUnitPlatformProvider.java:124)
	at org.apache.maven.surefire.booter.ForkedBooter.runSuitesInProcess(ForkedBooter.java:385)
	at org.apache.maven.surefire.booter.ForkedBooter.execute(ForkedBooter.java:162)
	at org.apache.maven.surefire.booter.ForkedBooter.run(ForkedBooter.java:507)
	at org.apache.maven.surefire.booter.ForkedBooter.main(ForkedBooter.java:495)
2025-10-27 10:44:47 [main] WARN  o.s.w.s.m.s.DefaultHandlerExceptionResolver - Resolved [org.springframework.web.HttpMediaTypeNotAcceptableException: No acceptable representation]
2025-10-27 10:44:47 [main] INFO  o.s.b.t.m.w.SpringBootMockServletContext - Initializing Spring TestDispatcherServlet ''
2025-10-27 10:44:47 [main] INFO  o.s.t.w.s.TestDispatcherServlet - Initializing Servlet ''
2025-10-27 10:44:47 [main] INFO  o.s.t.w.s.TestDispatcherServlet - Completed initialization in 0 ms
2025-10-27 10:44:47 [main] INFO  c.e.a.c.UserNameSuggestionController - Received username suggestion request for QID: 1234567890
2025-10-27 10:44:47 [main] INFO  c.e.a.c.UserNameSuggestionController - Returning 0 username suggestions for QID: 1234567890
2025-10-27 10:44:47 [main] INFO  o.s.b.t.m.w.SpringBootMockServletContext - Initializing Spring TestDispatcherServlet ''
2025-10-27 10:44:47 [main] INFO  o.s.t.w.s.TestDispatcherServlet - Initializing Servlet ''
2025-10-27 10:44:47 [main] INFO  o.s.t.w.s.TestDispatcherServlet - Completed initialization in 3 ms
2025-10-27 10:44:47 [main] INFO  c.e.a.c.UserNameSuggestionController - Received username suggestion request for QID: 1234567890
2025-10-27 10:44:47 [main] INFO  c.e.a.c.UserNameSuggestionController - Returning 1 username suggestions for QID: 1234567890
2025-10-27 10:44:47 [main] INFO  o.s.b.t.m.w.SpringBootMockServletContext - Initializing Spring TestDispatcherServlet ''
2025-10-27 10:44:47 [main] INFO  o.s.t.w.s.TestDispatcherServlet - Initializing Servlet ''
2025-10-27 10:44:47 [main] INFO  o.s.t.w.s.TestDispatcherServlet - Completed initialization in 2 ms
2025-10-27 10:44:47 [main] INFO  c.e.a.c.UserNameSuggestionController - Received username suggestion request for QID: 1234567890
2025-10-27 10:44:47 [main] INFO  c.e.a.c.UserNameSuggestionController - Returning 1 username suggestions for QID: 1234567890
2025-10-27 10:44:47 [main] INFO  o.s.b.t.m.w.SpringBootMockServletContext - Initializing Spring TestDispatcherServlet ''
2025-10-27 10:44:47 [main] INFO  o.s.t.w.s.TestDispatcherServlet - Initializing Servlet ''
2025-10-27 10:44:47 [main] INFO  o.s.t.w.s.TestDispatcherServlet - Completed initialization in 6 ms
2025-10-27 10:44:47 [main] INFO  c.e.a.c.UserNameSuggestionController - Received username suggestion request for QID: 1234567890
2025-10-27 10:44:47 [main] INFO  o.s.b.t.m.w.SpringBootMockServletContext - Initializing Spring TestDispatcherServlet ''
2025-10-27 10:44:47 [main] INFO  o.s.t.w.s.TestDispatcherServlet - Initializing Servlet ''
2025-10-27 10:44:47 [main] INFO  o.s.t.w.s.TestDispatcherServlet - Completed initialization in 2 ms
2025-10-27 10:44:47 [main] INFO  c.e.a.c.UserNameSuggestionController - Received username suggestion request for QID: 1234567890
2025-10-27 10:44:47 [main] INFO  c.e.a.c.UserNameSuggestionController - Returning 0 username suggestions for QID: 1234567890
2025-10-27 10:44:47 [main] INFO  o.s.b.t.m.w.SpringBootMockServletContext - Initializing Spring TestDispatcherServlet ''
2025-10-27 10:44:47 [main] INFO  o.s.t.w.s.TestDispatcherServlet - Initializing Servlet ''
2025-10-27 10:44:47 [main] INFO  o.s.t.w.s.TestDispatcherServlet - Completed initialization in 0 ms
2025-10-27 10:44:47 [main] INFO  c.e.a.c.UserNameSuggestionController - Received username suggestion request for QID: 1234567890
2025-10-27 10:44:47 [main] INFO  c.e.a.c.UserNameSuggestionController - Returning 0 username suggestions for QID: 1234567890
2025-10-27 10:44:47 [main] INFO  o.s.b.t.m.w.SpringBootMockServletContext - Initializing Spring TestDispatcherServlet ''
2025-10-27 10:44:47 [main] INFO  o.s.t.w.s.TestDispatcherServlet - Initializing Servlet ''
2025-10-27 10:44:47 [main] INFO  o.s.t.w.s.TestDispatcherServlet - Completed initialization in 2 ms
2025-10-27 10:44:47 [main] INFO  o.s.b.t.m.w.SpringBootMockServletContext - Initializing Spring TestDispatcherServlet ''
2025-10-27 10:44:47 [main] INFO  o.s.t.w.s.TestDispatcherServlet - Initializing Servlet ''
2025-10-27 10:44:47 [main] INFO  o.s.t.w.s.TestDispatcherServlet - Completed initialization in 0 ms
2025-10-27 10:44:47 [main] INFO  c.e.a.c.UserNameSuggestionController - Received username suggestion request for QID: 1234567890
2025-10-27 10:44:47 [main] INFO  c.e.a.c.UserNameSuggestionController - Returning 0 username suggestions for QID: 1234567890
2025-10-27 10:44:47 [main] INFO  o.s.b.t.m.w.SpringBootMockServletContext - Initializing Spring TestDispatcherServlet ''
2025-10-27 10:44:47 [main] INFO  o.s.t.w.s.TestDispatcherServlet - Initializing Servlet ''
2025-10-27 10:44:47 [main] INFO  o.s.t.w.s.TestDispatcherServlet - Completed initialization in 2 ms
2025-10-27 10:44:47 [main] INFO  c.e.a.c.UserNameSuggestionController - Received username suggestion request for QID: 1234567890
2025-10-27 10:44:47 [main] INFO  c.e.a.c.UserNameSuggestionController - Returning 0 username suggestions for QID: 1234567890
2025-10-27 10:44:47 [main] INFO  o.s.b.t.m.w.SpringBootMockServletContext - Initializing Spring TestDispatcherServlet ''
2025-10-27 10:44:47 [main] INFO  o.s.t.w.s.TestDispatcherServlet - Initializing Servlet ''
2025-10-27 10:44:47 [main] INFO  o.s.t.w.s.TestDispatcherServlet - Completed initialization in 0 ms
2025-10-27 10:44:47 [main] INFO  c.e.a.c.UserNameSuggestionController - Received username suggestion request for QID: 1234567890
2025-10-27 10:44:47 [main] INFO  c.e.a.c.UserNameSuggestionController - Returning 1 username suggestions for QID: 1234567890
2025-10-27 10:44:47 [main] INFO  o.s.b.t.m.w.SpringBootMockServletContext - Initializing Spring TestDispatcherServlet ''
2025-10-27 10:44:47 [main] INFO  o.s.t.w.s.TestDispatcherServlet - Initializing Servlet ''
2025-10-27 10:44:47 [main] INFO  o.s.t.w.s.TestDispatcherServlet - Completed initialization in 0 ms
2025-10-27 10:44:47 [main] INFO  o.s.b.t.m.w.SpringBootMockServletContext - Initializing Spring TestDispatcherServlet ''
2025-10-27 10:44:47 [main] INFO  o.s.t.w.s.TestDispatcherServlet - Initializing Servlet ''
2025-10-27 10:44:47 [main] INFO  o.s.t.w.s.TestDispatcherServlet - Completed initialization in 0 ms
2025-10-27 10:44:47 [main] INFO  c.e.a.c.UserNameSuggestionController - Received username suggestion request for QID: 1234567890
2025-10-27 10:44:47 [main] INFO  c.e.a.c.UserNameSuggestionController - Returning 1 username suggestions for QID: 1234567890
2025-10-27 10:44:47 [main] INFO  o.s.b.t.m.w.SpringBootMockServletContext - Initializing Spring TestDispatcherServlet ''
2025-10-27 10:44:47 [main] INFO  o.s.t.w.s.TestDispatcherServlet - Initializing Servlet ''
2025-10-27 10:44:47 [main] INFO  o.s.t.w.s.TestDispatcherServlet - Completed initialization in 0 ms
2025-10-27 10:44:47 [main] INFO  o.s.b.t.m.w.SpringBootMockServletContext - Initializing Spring TestDispatcherServlet ''
2025-10-27 10:44:47 [main] INFO  o.s.t.w.s.TestDispatcherServlet - Initializing Servlet ''
2025-10-27 10:44:47 [main] INFO  o.s.t.w.s.TestDispatcherServlet - Completed initialization in 0 ms
2025-10-27 10:44:47 [main] INFO  c.e.a.c.UserNameSuggestionController - Received username suggestion request for QID: 1234567890
2025-10-27 10:44:47 [main] INFO  o.s.b.t.m.w.SpringBootMockServletContext - Initializing Spring TestDispatcherServlet ''
2025-10-27 10:44:47 [main] INFO  o.s.t.w.s.TestDispatcherServlet - Initializing Servlet ''
2025-10-27 10:44:47 [main] INFO  o.s.t.w.s.TestDispatcherServlet - Completed initialization in 0 ms
2025-10-27 10:44:47 [main] INFO  o.s.b.t.m.w.SpringBootMockServletContext - Initializing Spring TestDispatcherServlet ''
2025-10-27 10:44:47 [main] INFO  o.s.t.w.s.TestDispatcherServlet - Initializing Servlet ''
2025-10-27 10:44:47 [main] INFO  o.s.t.w.s.TestDispatcherServlet - Completed initialization in 0 ms
2025-10-27 10:44:47 [main] INFO  o.s.b.t.m.w.SpringBootMockServletContext - Initializing Spring TestDispatcherServlet ''
2025-10-27 10:44:47 [main] INFO  o.s.t.w.s.TestDispatcherServlet - Initializing Servlet ''
2025-10-27 10:44:47 [main] INFO  o.s.t.w.s.TestDispatcherServlet - Completed initialization in 0 ms
2025-10-27 10:44:47 [main] INFO  c.e.a.c.UserNameSuggestionController - Received username suggestion request for QID: 123@#$%^&*()
2025-10-27 10:44:47 [main] INFO  c.e.a.c.UserNameSuggestionController - Returning 1 username suggestions for QID: 123@#$%^&*()
2025-10-27 10:44:47 [main] INFO  o.s.b.t.m.w.SpringBootMockServletContext - Initializing Spring TestDispatcherServlet ''
2025-10-27 10:44:47 [main] INFO  o.s.t.w.s.TestDispatcherServlet - Initializing Servlet ''
2025-10-27 10:44:47 [main] INFO  o.s.t.w.s.TestDispatcherServlet - Completed initialization in 0 ms
2025-10-27 10:44:47 [main] INFO  c.e.a.c.UserNameSuggestionController - Received username suggestion request for QID: 1234567890
2025-10-27 10:44:47 [main] INFO  c.e.a.c.UserNameSuggestionController - Returning 1 username suggestions for QID: 1234567890
2025-10-27 10:44:47 [main] INFO  o.s.b.t.m.w.SpringBootMockServletContext - Initializing Spring TestDispatcherServlet ''
2025-10-27 10:44:47 [main] INFO  o.s.t.w.s.TestDispatcherServlet - Initializing Servlet ''
2025-10-27 10:44:47 [main] INFO  o.s.t.w.s.TestDispatcherServlet - Completed initialization in 0 ms
2025-10-27 10:44:47 [main] INFO  c.e.a.c.UserNameSuggestionController - Received username suggestion request for QID: 1234567890
2025-10-27 10:44:47 [main] INFO  c.e.a.c.UserNameSuggestionController - Returning 1 username suggestions for QID: 1234567890
2025-10-27 10:44:47 [main] INFO  o.s.b.t.m.w.SpringBootMockServletContext - Initializing Spring TestDispatcherServlet ''
2025-10-27 10:44:47 [main] INFO  o.s.t.w.s.TestDispatcherServlet - Initializing Servlet ''
2025-10-27 10:44:47 [main] INFO  o.s.t.w.s.TestDispatcherServlet - Completed initialization in 0 ms
2025-10-27 10:44:47 [main] INFO  c.e.a.c.UserNameSuggestionController - Received username suggestion request for QID: 1234567890
2025-10-27 10:44:47 [main] INFO  o.s.b.t.m.w.SpringBootMockServletContext - Initializing Spring TestDispatcherServlet ''
2025-10-27 10:44:47 [main] INFO  o.s.t.w.s.TestDispatcherServlet - Initializing Servlet ''
2025-10-27 10:44:47 [main] INFO  o.s.t.w.s.TestDispatcherServlet - Completed initialization in 14 ms
2025-10-27 10:44:47 [main] INFO  c.e.a.c.UserNameSuggestionController - Received username suggestion request for QID: 1234567890
2025-10-27 10:44:47 [main] INFO  o.s.b.t.m.w.SpringBootMockServletContext - Initializing Spring TestDispatcherServlet ''
2025-10-27 10:44:47 [main] INFO  o.s.t.w.s.TestDispatcherServlet - Initializing Servlet ''
2025-10-27 10:44:47 [main] INFO  o.s.t.w.s.TestDispatcherServlet - Completed initialization in 0 ms
2025-10-27 10:44:47 [main] INFO  c.e.a.c.UserNameSuggestionController - Received username suggestion request for QID: 1234567890
2025-10-27 10:44:47 [main] INFO  c.e.a.c.UserNameSuggestionController - Returning 1 username suggestions for QID: 1234567890
2025-10-27 10:44:47 [main] INFO  o.s.b.t.m.w.SpringBootMockServletContext - Initializing Spring TestDispatcherServlet ''
2025-10-27 10:44:47 [main] INFO  o.s.t.w.s.TestDispatcherServlet - Initializing Servlet ''
2025-10-27 10:44:47 [main] INFO  o.s.t.w.s.TestDispatcherServlet - Completed initialization in 0 ms
2025-10-27 10:44:47 [main] INFO  c.e.a.c.UserNameSuggestionController - Received username suggestion request for QID: 123456789012345678901234567890123456789012345678901234567890
2025-10-27 10:44:47 [main] INFO  c.e.a.c.UserNameSuggestionController - Returning 1 username suggestions for QID: 123456789012345678901234567890123456789012345678901234567890
2025-10-27 10:44:47 [main] INFO  o.s.b.t.m.w.SpringBootMockServletContext - Initializing Spring TestDispatcherServlet ''
2025-10-27 10:44:47 [main] INFO  o.s.t.w.s.TestDispatcherServlet - Initializing Servlet ''
2025-10-27 10:44:47 [main] INFO  o.s.t.w.s.TestDispatcherServlet - Completed initialization in 0 ms
2025-10-27 10:44:47 [main] INFO  o.s.b.t.m.w.SpringBootMockServletContext - Initializing Spring TestDispatcherServlet ''
2025-10-27 10:44:47 [main] INFO  o.s.t.w.s.TestDispatcherServlet - Initializing Servlet ''
2025-10-27 10:44:47 [main] INFO  o.s.t.w.s.TestDispatcherServlet - Completed initialization in 0 ms
2025-10-27 10:44:47 [main] INFO  o.s.b.t.m.w.SpringBootMockServletContext - Initializing Spring TestDispatcherServlet ''
2025-10-27 10:44:47 [main] INFO  o.s.t.w.s.TestDispatcherServlet - Initializing Servlet ''
2025-10-27 10:44:47 [main] INFO  o.s.t.w.s.TestDispatcherServlet - Completed initialization in 0 ms
2025-10-27 10:44:47 [main] INFO  o.s.b.t.m.w.SpringBootMockServletContext - Initializing Spring TestDispatcherServlet ''
2025-10-27 10:44:47 [main] INFO  o.s.t.w.s.TestDispatcherServlet - Initializing Servlet ''
2025-10-27 10:44:47 [main] INFO  o.s.t.w.s.TestDispatcherServlet - Completed initialization in 0 ms
2025-10-27 10:44:47 [main] INFO  o.s.b.t.m.w.SpringBootMockServletContext - Initializing Spring TestDispatcherServlet ''
2025-10-27 10:44:47 [main] INFO  o.s.t.w.s.TestDispatcherServlet - Initializing Servlet ''
2025-10-27 10:44:47 [main] INFO  o.s.t.w.s.TestDispatcherServlet - Completed initialization in 0 ms
2025-10-27 10:44:47 [main] INFO  c.e.a.c.UserNameSuggestionController - Received username suggestion request for QID: 1234567890
2025-10-27 10:44:47 [main] INFO  c.e.a.c.UserNameSuggestionController - Returning 0 username suggestions for QID: 1234567890
2025-10-27 10:44:47 [main] INFO  o.s.b.t.m.w.SpringBootMockServletContext - Initializing Spring TestDispatcherServlet ''
2025-10-27 10:44:47 [main] INFO  o.s.t.w.s.TestDispatcherServlet - Initializing Servlet ''
2025-10-27 10:44:47 [main] INFO  o.s.t.w.s.TestDispatcherServlet - Completed initialization in 0 ms
2025-10-27 10:44:47 [main] INFO  c.e.a.c.UserNameSuggestionController - Received username suggestion request for QID:    
2025-10-27 10:44:47 [main] INFO  c.e.a.c.UserNameSuggestionController - Returning 0 username suggestions for QID:    
2025-10-27 10:44:47 [main] INFO  o.s.b.t.m.w.SpringBootMockServletContext - Initializing Spring TestDispatcherServlet ''
2025-10-27 10:44:47 [main] INFO  o.s.t.w.s.TestDispatcherServlet - Initializing Servlet ''
2025-10-27 10:44:47 [main] INFO  o.s.t.w.s.TestDispatcherServlet - Completed initialization in 0 ms
2025-10-27 10:44:47 [main] INFO  c.e.a.c.UserNameSuggestionController - Received username suggestion request for QID: 1234567890
2025-10-27 10:44:47 [main] INFO  o.s.b.t.m.w.SpringBootMockServletContext - Initializing Spring TestDispatcherServlet ''
2025-10-27 10:44:47 [main] INFO  o.s.t.w.s.TestDispatcherServlet - Initializing Servlet ''
2025-10-27 10:44:47 [main] INFO  o.s.t.w.s.TestDispatcherServlet - Completed initialization in 0 ms
2025-10-27 10:44:47 [main] INFO  o.s.b.t.m.w.SpringBootMockServletContext - Initializing Spring TestDispatcherServlet ''
2025-10-27 10:44:47 [main] INFO  o.s.t.w.s.TestDispatcherServlet - Initializing Servlet ''
2025-10-27 10:44:47 [main] INFO  o.s.t.w.s.TestDispatcherServlet - Completed initialization in 0 ms
2025-10-27 10:44:47 [main] INFO  c.e.a.c.UserNameSuggestionController - Received username suggestion request for QID: null
2025-10-27 10:44:47 [main] INFO  c.e.a.c.UserNameSuggestionController - Returning 0 username suggestions for QID: null
2025-10-27 10:44:47 [main] INFO  o.s.b.t.m.w.SpringBootMockServletContext - Initializing Spring TestDispatcherServlet ''
2025-10-27 10:44:47 [main] INFO  o.s.t.w.s.TestDispatcherServlet - Initializing Servlet ''
2025-10-27 10:44:47 [main] INFO  o.s.t.w.s.TestDispatcherServlet - Completed initialization in 0 ms
2025-10-27 10:44:47 [main] INFO  c.e.a.c.UserNameSuggestionController - Received username suggestion request for QID: 1234567890
2025-10-27 10:44:47 [main] INFO  c.e.a.c.UserNameSuggestionController - Returning 0 username suggestions for QID: 1234567890
2025-10-27 10:44:48 [SpringApplicationShutdownHook] INFO  o.s.o.j.LocalContainerEntityManagerFactoryBean - Closing JPA EntityManagerFactory for persistence unit 'default'
2025-10-27 10:44:48 [SpringApplicationShutdownHook] INFO  com.zaxxer.hikari.HikariDataSource - HikariPool-1 - Shutdown initiated...
2025-10-27 10:44:49 [SpringApplicationShutdownHook] INFO  com.zaxxer.hikari.HikariDataSource - HikariPool-1 - Shutdown completed.
2025-10-27 10:45:03 [main] INFO  c.e.a.c.UserNameSuggestionControllerTest - Starting UserNameSuggestionControllerTest using Java 21.0.5 with PID 44784 (started by bhavya in C:\intelliJ workspace\Dukhan Bank ODS\api-service)
2025-10-27 10:45:03 [main] DEBUG c.e.a.c.UserNameSuggestionControllerTest - Running with Spring Boot v3.5.4, Spring v6.2.9
2025-10-27 10:45:03 [main] INFO  c.e.a.c.UserNameSuggestionControllerTest - No active profile set, falling back to 1 default profile: "default"
2025-10-27 10:45:05 [main] INFO  o.s.d.r.c.RepositoryConfigurationDelegate - Bootstrapping Spring Data JPA repositories in DEFAULT mode.
2025-10-27 10:45:05 [main] INFO  o.s.d.r.c.RepositoryConfigurationDelegate - Finished Spring Data repository scanning in 489 ms. Found 8 JPA repository interfaces.
2025-10-27 10:45:09 [main] INFO  o.h.jpa.internal.util.LogHelper - HHH000204: Processing PersistenceUnitInfo [name: default]
2025-10-27 10:45:10 [main] INFO  org.hibernate.Version - HHH000412: Hibernate ORM core version 6.6.22.Final
2025-10-27 10:45:10 [main] INFO  o.h.c.i.RegionFactoryInitiator - HHH000026: Second-level cache disabled
2025-10-27 10:45:10 [main] INFO  o.s.o.j.p.SpringPersistenceUnitInfo - No LoadTimeWeaver setup: ignoring JPA class transformer
2025-10-27 10:45:10 [main] INFO  com.zaxxer.hikari.HikariDataSource - HikariPool-1 - Starting...
2025-10-27 10:45:12 [main] INFO  com.zaxxer.hikari.pool.HikariPool - HikariPool-1 - Added connection org.postgresql.jdbc.PgConnection@49616310
2025-10-27 10:45:12 [main] INFO  com.zaxxer.hikari.HikariDataSource - HikariPool-1 - Start completed.
2025-10-27 10:45:12 [main] WARN  org.hibernate.orm.deprecation - HHH90000025: PostgreSQLDialect does not need to be specified explicitly using 'hibernate.dialect' (remove the property setting and it will be selected by default)
2025-10-27 10:45:13 [main] INFO  o.hibernate.orm.connections.pooling - HHH10001005: Database info:
	Database JDBC URL [Connecting through datasource 'HikariDataSource (HikariPool-1)']
	Database driver: undefined/unknown
	Database version: 16.10
	Autocommit mode: undefined/unknown
	Isolation level: undefined/unknown
	Minimum pool size: undefined/unknown
	Maximum pool size: undefined/unknown
2025-10-27 10:45:15 [main] INFO  o.h.e.t.j.p.i.JtaPlatformInitiator - HHH000489: No JTA platform available (set 'hibernate.transaction.jta.platform' to enable JTA platform integration)
2025-10-27 10:45:16 [main] INFO  o.s.o.j.LocalContainerEntityManagerFactoryBean - Initialized JPA EntityManagerFactory for persistence unit 'default'
2025-10-27 10:45:17 [main] INFO  o.s.d.j.r.query.QueryEnhancerFactory - Hibernate is in classpath; If applicable, HQL parser will be used.
2025-10-27 10:45:19 [main] WARN  o.s.b.a.o.j.JpaBaseConfiguration$JpaWebConfiguration - spring.jpa.open-in-view is enabled by default. Therefore, database queries may be performed during view rendering. Explicitly configure spring.jpa.open-in-view to disable this warning
2025-10-27 10:45:20 [main] INFO  c.e.a.c.UserNameSuggestionControllerTest - Started UserNameSuggestionControllerTest in 17.697 seconds (process running for 19.955)
2025-10-27 10:45:20 [main] INFO  o.s.b.t.m.w.SpringBootMockServletContext - Initializing Spring TestDispatcherServlet ''
2025-10-27 10:45:20 [main] INFO  o.s.t.w.s.TestDispatcherServlet - Initializing Servlet ''
2025-10-27 10:45:20 [main] INFO  o.s.t.w.s.TestDispatcherServlet - Completed initialization in 0 ms
2025-10-27 10:45:21 [main] INFO  c.e.a.c.UserNameSuggestionController - Received username suggestion request for QID: 1234567890
2025-10-27 10:45:21 [main] INFO  o.s.b.t.m.w.SpringBootMockServletContext - Initializing Spring TestDispatcherServlet ''
2025-10-27 10:45:21 [main] INFO  o.s.t.w.s.TestDispatcherServlet - Initializing Servlet ''
2025-10-27 10:45:21 [main] INFO  o.s.t.w.s.TestDispatcherServlet - Completed initialization in 6 ms
2025-10-27 10:45:21 [main] INFO  c.e.a.c.UserNameSuggestionController - Received username suggestion request for QID: 1234567890
2025-10-27 10:45:21 [main] INFO  c.e.a.c.UserNameSuggestionController - Returning 0 username suggestions for QID: 1234567890
2025-10-27 10:45:21 [main] INFO  o.s.b.t.m.w.SpringBootMockServletContext - Initializing Spring TestDispatcherServlet ''
2025-10-27 10:45:21 [main] INFO  o.s.t.w.s.TestDispatcherServlet - Initializing Servlet ''
2025-10-27 10:45:21 [main] INFO  o.s.t.w.s.TestDispatcherServlet - Completed initialization in 0 ms
2025-10-27 10:45:21 [main] INFO  c.e.a.c.UserNameSuggestionController - Received username suggestion request for QID: 1234567890
2025-10-27 10:45:21 [main] INFO  c.e.a.c.UserNameSuggestionController - Returning 0 username suggestions for QID: 1234567890
2025-10-27 10:45:21 [main] INFO  o.s.b.t.m.w.SpringBootMockServletContext - Initializing Spring TestDispatcherServlet ''
2025-10-27 10:45:21 [main] INFO  o.s.t.w.s.TestDispatcherServlet - Initializing Servlet ''
2025-10-27 10:45:21 [main] INFO  o.s.t.w.s.TestDispatcherServlet - Completed initialization in 0 ms
2025-10-27 10:45:21 [main] INFO  c.e.a.c.UserNameSuggestionController - Received username suggestion request for QID: 1234567890
2025-10-27 10:45:21 [main] INFO  c.e.a.c.UserNameSuggestionController - Returning 1 username suggestions for QID: 1234567890
2025-10-27 10:45:21 [main] INFO  o.s.b.t.m.w.SpringBootMockServletContext - Initializing Spring TestDispatcherServlet ''
2025-10-27 10:45:21 [main] INFO  o.s.t.w.s.TestDispatcherServlet - Initializing Servlet ''
2025-10-27 10:45:21 [main] INFO  o.s.t.w.s.TestDispatcherServlet - Completed initialization in 2 ms
2025-10-27 10:45:21 [main] INFO  o.s.b.t.m.w.SpringBootMockServletContext - Initializing Spring TestDispatcherServlet ''
2025-10-27 10:45:21 [main] INFO  o.s.t.w.s.TestDispatcherServlet - Initializing Servlet ''
2025-10-27 10:45:21 [main] INFO  o.s.t.w.s.TestDispatcherServlet - Completed initialization in 2 ms
2025-10-27 10:45:21 [main] INFO  c.e.a.c.UserNameSuggestionController - Received username suggestion request for QID: 1234567890
2025-10-27 10:45:21 [main] INFO  c.e.a.c.UserNameSuggestionController - Returning 1 username suggestions for QID: 1234567890
2025-10-27 10:45:21 [main] INFO  o.s.b.t.m.w.SpringBootMockServletContext - Initializing Spring TestDispatcherServlet ''
2025-10-27 10:45:21 [main] INFO  o.s.t.w.s.TestDispatcherServlet - Initializing Servlet ''
2025-10-27 10:45:21 [main] INFO  o.s.t.w.s.TestDispatcherServlet - Completed initialization in 0 ms
2025-10-27 10:45:21 [main] INFO  c.e.a.c.UserNameSuggestionController - Received username suggestion request for QID: 
2025-10-27 10:45:21 [main] INFO  c.e.a.c.UserNameSuggestionController - Returning 0 username suggestions for QID: 
2025-10-27 10:45:21 [main] INFO  o.s.b.t.m.w.SpringBootMockServletContext - Initializing Spring TestDispatcherServlet ''
2025-10-27 10:45:21 [main] INFO  o.s.t.w.s.TestDispatcherServlet - Initializing Servlet ''
2025-10-27 10:45:21 [main] INFO  o.s.t.w.s.TestDispatcherServlet - Completed initialization in 0 ms
2025-10-27 10:45:21 [main] INFO  o.s.b.t.m.w.SpringBootMockServletContext - Initializing Spring TestDispatcherServlet ''
2025-10-27 10:45:21 [main] INFO  o.s.t.w.s.TestDispatcherServlet - Initializing Servlet ''
2025-10-27 10:45:21 [main] INFO  o.s.t.w.s.TestDispatcherServlet - Completed initialization in 4 ms
2025-10-27 10:45:21 [main] INFO  c.e.a.c.UserNameSuggestionController - Received username suggestion request for QID: 1234567890
2025-10-27 10:45:21 [main] INFO  c.e.a.c.UserNameSuggestionController - Returning 1 username suggestions for QID: 1234567890
2025-10-27 10:45:21 [main] WARN  o.s.w.s.m.m.a.ExceptionHandlerExceptionResolver - Failure in @ExceptionHandler com.example.api.exception.GlobalExceptionHandler#handleGenericException(Exception)
org.springframework.web.HttpMediaTypeNotAcceptableException: No acceptable representation
	at org.springframework.web.servlet.mvc.method.annotation.AbstractMessageConverterMethodProcessor.writeWithMessageConverters(AbstractMessageConverterMethodProcessor.java:291)
	at org.springframework.web.servlet.mvc.method.annotation.HttpEntityMethodProcessor.handleReturnValue(HttpEntityMethodProcessor.java:263)
	at org.springframework.web.method.support.HandlerMethodReturnValueHandlerComposite.handleReturnValue(HandlerMethodReturnValueHandlerComposite.java:78)
	at org.springframework.web.servlet.mvc.method.annotation.ServletInvocableHandlerMethod.invokeAndHandle(ServletInvocableHandlerMethod.java:136)
	at org.springframework.web.servlet.mvc.method.annotation.ExceptionHandlerExceptionResolver.doResolveHandlerMethodException(ExceptionHandlerExceptionResolver.java:471)
	at org.springframework.web.servlet.handler.AbstractHandlerMethodExceptionResolver.doResolveException(AbstractHandlerMethodExceptionResolver.java:73)
	at org.springframework.web.servlet.handler.AbstractHandlerExceptionResolver.resolveException(AbstractHandlerExceptionResolver.java:182)
	at org.springframework.web.servlet.handler.HandlerExceptionResolverComposite.resolveException(HandlerExceptionResolverComposite.java:80)
	at org.springframework.web.servlet.DispatcherServlet.processHandlerException(DispatcherServlet.java:1360)
	at org.springframework.test.web.servlet.TestDispatcherServlet.processHandlerException(TestDispatcherServlet.java:146)
	at org.springframework.web.servlet.DispatcherServlet.processDispatchResult(DispatcherServlet.java:1161)
	at org.springframework.web.servlet.DispatcherServlet.doDispatch(DispatcherServlet.java:1106)
	at org.springframework.web.servlet.DispatcherServlet.doService(DispatcherServlet.java:979)
	at org.springframework.web.servlet.FrameworkServlet.processRequest(FrameworkServlet.java:1014)
	at org.springframework.web.servlet.FrameworkServlet.doPost(FrameworkServlet.java:914)
	at jakarta.servlet.http.HttpServlet.service(HttpServlet.java:590)
	at org.springframework.web.servlet.FrameworkServlet.service(FrameworkServlet.java:885)
	at org.springframework.test.web.servlet.TestDispatcherServlet.service(TestDispatcherServlet.java:72)
	at jakarta.servlet.http.HttpServlet.service(HttpServlet.java:658)
	at org.springframework.mock.web.MockFilterChain$ServletFilterProxy.doFilter(MockFilterChain.java:165)
	at org.springframework.mock.web.MockFilterChain.doFilter(MockFilterChain.java:132)
	at org.springframework.test.web.servlet.MockMvc.perform(MockMvc.java:201)
	at com.example.api.controller.UserNameSuggestionControllerTest.testSuggestUsernames_WrongAcceptHeader(UserNameSuggestionControllerTest.java:706)
	at java.base/jdk.internal.reflect.DirectMethodHandleAccessor.invoke(DirectMethodHandleAccessor.java:103)
	at java.base/java.lang.reflect.Method.invoke(Method.java:580)
	at org.junit.platform.commons.util.ReflectionUtils.invokeMethod(ReflectionUtils.java:775)
	at org.junit.platform.commons.support.ReflectionSupport.invokeMethod(ReflectionSupport.java:479)
	at org.junit.jupiter.engine.execution.MethodInvocation.proceed(MethodInvocation.java:60)
	at org.junit.jupiter.engine.execution.InvocationInterceptorChain$ValidatingInvocation.proceed(InvocationInterceptorChain.java:131)
	at org.junit.jupiter.engine.extension.TimeoutExtension.intercept(TimeoutExtension.java:161)
	at org.junit.jupiter.engine.extension.TimeoutExtension.interceptTestableMethod(TimeoutExtension.java:152)
	at org.junit.jupiter.engine.extension.TimeoutExtension.interceptTestMethod(TimeoutExtension.java:91)
	at org.junit.jupiter.engine.execution.InterceptingExecutableInvoker$ReflectiveInterceptorCall.lambda$ofVoidMethod$0(InterceptingExecutableInvoker.java:112)
	at org.junit.jupiter.engine.execution.InterceptingExecutableInvoker.lambda$invoke$0(InterceptingExecutableInvoker.java:94)
	at org.junit.jupiter.engine.execution.InvocationInterceptorChain$InterceptedInvocation.proceed(InvocationInterceptorChain.java:106)
	at org.junit.jupiter.engine.execution.InvocationInterceptorChain.proceed(InvocationInterceptorChain.java:64)
	at org.junit.jupiter.engine.execution.InvocationInterceptorChain.chainAndInvoke(InvocationInterceptorChain.java:45)
	at org.junit.jupiter.engine.execution.InvocationInterceptorChain.invoke(InvocationInterceptorChain.java:37)
	at org.junit.jupiter.engine.execution.InterceptingExecutableInvoker.invoke(InterceptingExecutableInvoker.java:93)
	at org.junit.jupiter.engine.execution.InterceptingExecutableInvoker.invoke(InterceptingExecutableInvoker.java:87)
	at org.junit.jupiter.engine.descriptor.TestMethodTestDescriptor.lambda$invokeTestMethod$7(TestMethodTestDescriptor.java:216)
	at org.junit.platform.engine.support.hierarchical.ThrowableCollector.execute(ThrowableCollector.java:73)
	at org.junit.jupiter.engine.descriptor.TestMethodTestDescriptor.invokeTestMethod(TestMethodTestDescriptor.java:212)
	at org.junit.jupiter.engine.descriptor.TestMethodTestDescriptor.execute(TestMethodTestDescriptor.java:137)
	at org.junit.jupiter.engine.descriptor.TestMethodTestDescriptor.execute(TestMethodTestDescriptor.java:69)
	at org.junit.platform.engine.support.hierarchical.NodeTestTask.lambda$executeRecursively$6(NodeTestTask.java:156)
	at org.junit.platform.engine.support.hierarchical.ThrowableCollector.execute(ThrowableCollector.java:73)
	at org.junit.platform.engine.support.hierarchical.NodeTestTask.lambda$executeRecursively$8(NodeTestTask.java:146)
	at org.junit.platform.engine.support.hierarchical.Node.around(Node.java:137)
	at org.junit.platform.engine.support.hierarchical.NodeTestTask.lambda$executeRecursively$9(NodeTestTask.java:144)
	at org.junit.platform.engine.support.hierarchical.ThrowableCollector.execute(ThrowableCollector.java:73)
	at org.junit.platform.engine.support.hierarchical.NodeTestTask.executeRecursively(NodeTestTask.java:143)
	at org.junit.platform.engine.support.hierarchical.NodeTestTask.execute(NodeTestTask.java:100)
	at java.base/java.util.ArrayList.forEach(ArrayList.java:1596)
	at org.junit.platform.engine.support.hierarchical.SameThreadHierarchicalTestExecutorService.invokeAll(SameThreadHierarchicalTestExecutorService.java:41)
	at org.junit.platform.engine.support.hierarchical.NodeTestTask.lambda$executeRecursively$6(NodeTestTask.java:160)
	at org.junit.platform.engine.support.hierarchical.ThrowableCollector.execute(ThrowableCollector.java:73)
	at org.junit.platform.engine.support.hierarchical.NodeTestTask.lambda$executeRecursively$8(NodeTestTask.java:146)
	at org.junit.platform.engine.support.hierarchical.Node.around(Node.java:137)
	at org.junit.platform.engine.support.hierarchical.NodeTestTask.lambda$executeRecursively$9(NodeTestTask.java:144)
	at org.junit.platform.engine.support.hierarchical.ThrowableCollector.execute(ThrowableCollector.java:73)
	at org.junit.platform.engine.support.hierarchical.NodeTestTask.executeRecursively(NodeTestTask.java:143)
	at org.junit.platform.engine.support.hierarchical.NodeTestTask.execute(NodeTestTask.java:100)
	at java.base/java.util.ArrayList.forEach(ArrayList.java:1596)
	at org.junit.platform.engine.support.hierarchical.SameThreadHierarchicalTestExecutorService.invokeAll(SameThreadHierarchicalTestExecutorService.java:41)
	at org.junit.platform.engine.support.hierarchical.NodeTestTask.lambda$executeRecursively$6(NodeTestTask.java:160)
	at org.junit.platform.engine.support.hierarchical.ThrowableCollector.execute(ThrowableCollector.java:73)
	at org.junit.platform.engine.support.hierarchical.NodeTestTask.lambda$executeRecursively$8(NodeTestTask.java:146)
	at org.junit.platform.engine.support.hierarchical.Node.around(Node.java:137)
	at org.junit.platform.engine.support.hierarchical.NodeTestTask.lambda$executeRecursively$9(NodeTestTask.java:144)
	at org.junit.platform.engine.support.hierarchical.ThrowableCollector.execute(ThrowableCollector.java:73)
	at org.junit.platform.engine.support.hierarchical.NodeTestTask.executeRecursively(NodeTestTask.java:143)
	at org.junit.platform.engine.support.hierarchical.NodeTestTask.execute(NodeTestTask.java:100)
	at org.junit.platform.engine.support.hierarchical.SameThreadHierarchicalTestExecutorService.submit(SameThreadHierarchicalTestExecutorService.java:35)
	at org.junit.platform.engine.support.hierarchical.HierarchicalTestExecutor.execute(HierarchicalTestExecutor.java:57)
	at org.junit.platform.engine.support.hierarchical.HierarchicalTestEngine.execute(HierarchicalTestEngine.java:54)
	at org.junit.platform.launcher.core.EngineExecutionOrchestrator.execute(EngineExecutionOrchestrator.java:201)
	at org.junit.platform.launcher.core.EngineExecutionOrchestrator.execute(EngineExecutionOrchestrator.java:170)
	at org.junit.platform.launcher.core.EngineExecutionOrchestrator.execute(EngineExecutionOrchestrator.java:94)
	at org.junit.platform.launcher.core.EngineExecutionOrchestrator.lambda$execute$0(EngineExecutionOrchestrator.java:59)
	at org.junit.platform.launcher.core.EngineExecutionOrchestrator.withInterceptedStreams(EngineExecutionOrchestrator.java:142)
	at org.junit.platform.launcher.core.EngineExecutionOrchestrator.execute(EngineExecutionOrchestrator.java:58)
	at org.junit.platform.launcher.core.DefaultLauncher.execute(DefaultLauncher.java:103)
	at org.junit.platform.launcher.core.DefaultLauncher.execute(DefaultLauncher.java:85)
	at org.junit.platform.launcher.core.DelegatingLauncher.execute(DelegatingLauncher.java:47)
	at org.junit.platform.launcher.core.InterceptingLauncher.lambda$execute$1(InterceptingLauncher.java:39)
	at org.junit.platform.launcher.core.ClasspathAlignmentCheckingLauncherInterceptor.intercept(ClasspathAlignmentCheckingLauncherInterceptor.java:25)
	at org.junit.platform.launcher.core.InterceptingLauncher.execute(InterceptingLauncher.java:38)
	at org.junit.platform.launcher.core.DelegatingLauncher.execute(DelegatingLauncher.java:47)
	at org.apache.maven.surefire.junitplatform.LazyLauncher.execute(LazyLauncher.java:56)
	at org.apache.maven.surefire.junitplatform.JUnitPlatformProvider.execute(JUnitPlatformProvider.java:194)
	at org.apache.maven.surefire.junitplatform.JUnitPlatformProvider.invokeAllTests(JUnitPlatformProvider.java:150)
	at org.apache.maven.surefire.junitplatform.JUnitPlatformProvider.invoke(JUnitPlatformProvider.java:124)
	at org.apache.maven.surefire.booter.ForkedBooter.runSuitesInProcess(ForkedBooter.java:385)
	at org.apache.maven.surefire.booter.ForkedBooter.execute(ForkedBooter.java:162)
	at org.apache.maven.surefire.booter.ForkedBooter.run(ForkedBooter.java:507)
	at org.apache.maven.surefire.booter.ForkedBooter.main(ForkedBooter.java:495)
2025-10-27 10:45:21 [main] WARN  o.s.w.s.m.s.DefaultHandlerExceptionResolver - Resolved [org.springframework.web.HttpMediaTypeNotAcceptableException: No acceptable representation]
2025-10-27 10:45:21 [main] INFO  o.s.b.t.m.w.SpringBootMockServletContext - Initializing Spring TestDispatcherServlet ''
2025-10-27 10:45:21 [main] INFO  o.s.t.w.s.TestDispatcherServlet - Initializing Servlet ''
2025-10-27 10:45:21 [main] INFO  o.s.t.w.s.TestDispatcherServlet - Completed initialization in 4 ms
2025-10-27 10:45:21 [main] INFO  c.e.a.c.UserNameSuggestionController - Received username suggestion request for QID: 1234567890
2025-10-27 10:45:21 [main] INFO  c.e.a.c.UserNameSuggestionController - Returning 0 username suggestions for QID: 1234567890
2025-10-27 10:45:21 [main] INFO  o.s.b.t.m.w.SpringBootMockServletContext - Initializing Spring TestDispatcherServlet ''
2025-10-27 10:45:21 [main] INFO  o.s.t.w.s.TestDispatcherServlet - Initializing Servlet ''
2025-10-27 10:45:21 [main] INFO  o.s.t.w.s.TestDispatcherServlet - Completed initialization in 2 ms
2025-10-27 10:45:21 [main] INFO  c.e.a.c.UserNameSuggestionController - Received username suggestion request for QID: 1234567890
2025-10-27 10:45:21 [main] INFO  c.e.a.c.UserNameSuggestionController - Returning 1 username suggestions for QID: 1234567890
2025-10-27 10:45:21 [main] INFO  o.s.b.t.m.w.SpringBootMockServletContext - Initializing Spring TestDispatcherServlet ''
2025-10-27 10:45:21 [main] INFO  o.s.t.w.s.TestDispatcherServlet - Initializing Servlet ''
2025-10-27 10:45:21 [main] INFO  o.s.t.w.s.TestDispatcherServlet - Completed initialization in 0 ms
2025-10-27 10:45:21 [main] INFO  c.e.a.c.UserNameSuggestionController - Received username suggestion request for QID: 1234567890
2025-10-27 10:45:21 [main] INFO  c.e.a.c.UserNameSuggestionController - Returning 1 username suggestions for QID: 1234567890
2025-10-27 10:45:21 [main] INFO  o.s.b.t.m.w.SpringBootMockServletContext - Initializing Spring TestDispatcherServlet ''
2025-10-27 10:45:21 [main] INFO  o.s.t.w.s.TestDispatcherServlet - Initializing Servlet ''
2025-10-27 10:45:21 [main] INFO  o.s.t.w.s.TestDispatcherServlet - Completed initialization in 0 ms
2025-10-27 10:45:21 [main] INFO  c.e.a.c.UserNameSuggestionController - Received username suggestion request for QID: 1234567890
2025-10-27 10:45:21 [main] INFO  o.s.b.t.m.w.SpringBootMockServletContext - Initializing Spring TestDispatcherServlet ''
2025-10-27 10:45:21 [main] INFO  o.s.t.w.s.TestDispatcherServlet - Initializing Servlet ''
2025-10-27 10:45:21 [main] INFO  o.s.t.w.s.TestDispatcherServlet - Completed initialization in 0 ms
2025-10-27 10:45:21 [main] INFO  c.e.a.c.UserNameSuggestionController - Received username suggestion request for QID: 1234567890
2025-10-27 10:45:21 [main] INFO  c.e.a.c.UserNameSuggestionController - Returning 0 username suggestions for QID: 1234567890
2025-10-27 10:45:21 [main] INFO  o.s.b.t.m.w.SpringBootMockServletContext - Initializing Spring TestDispatcherServlet ''
2025-10-27 10:45:21 [main] INFO  o.s.t.w.s.TestDispatcherServlet - Initializing Servlet ''
2025-10-27 10:45:21 [main] INFO  o.s.t.w.s.TestDispatcherServlet - Completed initialization in 0 ms
2025-10-27 10:45:21 [main] INFO  c.e.a.c.UserNameSuggestionController - Received username suggestion request for QID: 1234567890
2025-10-27 10:45:21 [main] INFO  c.e.a.c.UserNameSuggestionController - Returning 0 username suggestions for QID: 1234567890
2025-10-27 10:45:21 [main] INFO  o.s.b.t.m.w.SpringBootMockServletContext - Initializing Spring TestDispatcherServlet ''
2025-10-27 10:45:21 [main] INFO  o.s.t.w.s.TestDispatcherServlet - Initializing Servlet ''
2025-10-27 10:45:21 [main] INFO  o.s.t.w.s.TestDispatcherServlet - Completed initialization in 0 ms
2025-10-27 10:45:21 [main] INFO  o.s.b.t.m.w.SpringBootMockServletContext - Initializing Spring TestDispatcherServlet ''
2025-10-27 10:45:21 [main] INFO  o.s.t.w.s.TestDispatcherServlet - Initializing Servlet ''
2025-10-27 10:45:21 [main] INFO  o.s.t.w.s.TestDispatcherServlet - Completed initialization in 0 ms
2025-10-27 10:45:21 [main] INFO  c.e.a.c.UserNameSuggestionController - Received username suggestion request for QID: 1234567890
2025-10-27 10:45:21 [main] INFO  c.e.a.c.UserNameSuggestionController - Returning 0 username suggestions for QID: 1234567890
2025-10-27 10:45:21 [main] INFO  o.s.b.t.m.w.SpringBootMockServletContext - Initializing Spring TestDispatcherServlet ''
2025-10-27 10:45:21 [main] INFO  o.s.t.w.s.TestDispatcherServlet - Initializing Servlet ''
2025-10-27 10:45:21 [main] INFO  o.s.t.w.s.TestDispatcherServlet - Completed initialization in 0 ms
2025-10-27 10:45:21 [main] INFO  c.e.a.c.UserNameSuggestionController - Received username suggestion request for QID: 1234567890
2025-10-27 10:45:21 [main] INFO  c.e.a.c.UserNameSuggestionController - Returning 0 username suggestions for QID: 1234567890
2025-10-27 10:45:21 [main] INFO  o.s.b.t.m.w.SpringBootMockServletContext - Initializing Spring TestDispatcherServlet ''
2025-10-27 10:45:21 [main] INFO  o.s.t.w.s.TestDispatcherServlet - Initializing Servlet ''
2025-10-27 10:45:21 [main] INFO  o.s.t.w.s.TestDispatcherServlet - Completed initialization in 6 ms
2025-10-27 10:45:21 [main] INFO  c.e.a.c.UserNameSuggestionController - Received username suggestion request for QID: 1234567890
2025-10-27 10:45:21 [main] INFO  c.e.a.c.UserNameSuggestionController - Returning 1 username suggestions for QID: 1234567890
2025-10-27 10:45:21 [main] INFO  o.s.b.t.m.w.SpringBootMockServletContext - Initializing Spring TestDispatcherServlet ''
2025-10-27 10:45:21 [main] INFO  o.s.t.w.s.TestDispatcherServlet - Initializing Servlet ''
2025-10-27 10:45:21 [main] INFO  o.s.t.w.s.TestDispatcherServlet - Completed initialization in 5 ms
2025-10-27 10:45:21 [main] INFO  o.s.b.t.m.w.SpringBootMockServletContext - Initializing Spring TestDispatcherServlet ''
2025-10-27 10:45:21 [main] INFO  o.s.t.w.s.TestDispatcherServlet - Initializing Servlet ''
2025-10-27 10:45:21 [main] INFO  o.s.t.w.s.TestDispatcherServlet - Completed initialization in 0 ms
2025-10-27 10:45:21 [main] INFO  c.e.a.c.UserNameSuggestionController - Received username suggestion request for QID: 1234567890
2025-10-27 10:45:21 [main] INFO  c.e.a.c.UserNameSuggestionController - Returning 1 username suggestions for QID: 1234567890
2025-10-27 10:45:21 [main] INFO  o.s.b.t.m.w.SpringBootMockServletContext - Initializing Spring TestDispatcherServlet ''
2025-10-27 10:45:21 [main] INFO  o.s.t.w.s.TestDispatcherServlet - Initializing Servlet ''
2025-10-27 10:45:21 [main] INFO  o.s.t.w.s.TestDispatcherServlet - Completed initialization in 0 ms
2025-10-27 10:45:21 [main] INFO  o.s.b.t.m.w.SpringBootMockServletContext - Initializing Spring TestDispatcherServlet ''
2025-10-27 10:45:21 [main] INFO  o.s.t.w.s.TestDispatcherServlet - Initializing Servlet ''
2025-10-27 10:45:21 [main] INFO  o.s.t.w.s.TestDispatcherServlet - Completed initialization in 0 ms
2025-10-27 10:45:21 [main] INFO  c.e.a.c.UserNameSuggestionController - Received username suggestion request for QID: 1234567890
2025-10-27 10:45:21 [main] INFO  o.s.b.t.m.w.SpringBootMockServletContext - Initializing Spring TestDispatcherServlet ''
2025-10-27 10:45:21 [main] INFO  o.s.t.w.s.TestDispatcherServlet - Initializing Servlet ''
2025-10-27 10:45:21 [main] INFO  o.s.t.w.s.TestDispatcherServlet - Completed initialization in 0 ms
2025-10-27 10:45:21 [main] INFO  o.s.b.t.m.w.SpringBootMockServletContext - Initializing Spring TestDispatcherServlet ''
2025-10-27 10:45:21 [main] INFO  o.s.t.w.s.TestDispatcherServlet - Initializing Servlet ''
2025-10-27 10:45:21 [main] INFO  o.s.t.w.s.TestDispatcherServlet - Completed initialization in 0 ms
2025-10-27 10:45:21 [main] INFO  o.s.b.t.m.w.SpringBootMockServletContext - Initializing Spring TestDispatcherServlet ''
2025-10-27 10:45:21 [main] INFO  o.s.t.w.s.TestDispatcherServlet - Initializing Servlet ''
2025-10-27 10:45:21 [main] INFO  o.s.t.w.s.TestDispatcherServlet - Completed initialization in 2 ms
2025-10-27 10:45:21 [main] INFO  c.e.a.c.UserNameSuggestionController - Received username suggestion request for QID: 123@#$%^&*()
2025-10-27 10:45:21 [main] INFO  c.e.a.c.UserNameSuggestionController - Returning 1 username suggestions for QID: 123@#$%^&*()
2025-10-27 10:45:21 [main] INFO  o.s.b.t.m.w.SpringBootMockServletContext - Initializing Spring TestDispatcherServlet ''
2025-10-27 10:45:21 [main] INFO  o.s.t.w.s.TestDispatcherServlet - Initializing Servlet ''
2025-10-27 10:45:21 [main] INFO  o.s.t.w.s.TestDispatcherServlet - Completed initialization in 0 ms
2025-10-27 10:45:21 [main] INFO  c.e.a.c.UserNameSuggestionController - Received username suggestion request for QID: 1234567890
2025-10-27 10:45:21 [main] INFO  c.e.a.c.UserNameSuggestionController - Returning 1 username suggestions for QID: 1234567890
2025-10-27 10:45:22 [main] INFO  o.s.b.t.m.w.SpringBootMockServletContext - Initializing Spring TestDispatcherServlet ''
2025-10-27 10:45:22 [main] INFO  o.s.t.w.s.TestDispatcherServlet - Initializing Servlet ''
2025-10-27 10:45:22 [main] INFO  o.s.t.w.s.TestDispatcherServlet - Completed initialization in 2 ms
2025-10-27 10:45:22 [main] INFO  c.e.a.c.UserNameSuggestionController - Received username suggestion request for QID: 1234567890
2025-10-27 10:45:22 [main] INFO  c.e.a.c.UserNameSuggestionController - Returning 1 username suggestions for QID: 1234567890
2025-10-27 10:45:22 [main] INFO  o.s.b.t.m.w.SpringBootMockServletContext - Initializing Spring TestDispatcherServlet ''
2025-10-27 10:45:22 [main] INFO  o.s.t.w.s.TestDispatcherServlet - Initializing Servlet ''
2025-10-27 10:45:22 [main] INFO  o.s.t.w.s.TestDispatcherServlet - Completed initialization in 2 ms
2025-10-27 10:45:22 [main] INFO  c.e.a.c.UserNameSuggestionController - Received username suggestion request for QID: 1234567890
2025-10-27 10:45:22 [main] INFO  o.s.b.t.m.w.SpringBootMockServletContext - Initializing Spring TestDispatcherServlet ''
2025-10-27 10:45:22 [main] INFO  o.s.t.w.s.TestDispatcherServlet - Initializing Servlet ''
2025-10-27 10:45:22 [main] INFO  o.s.t.w.s.TestDispatcherServlet - Completed initialization in 0 ms
2025-10-27 10:45:22 [main] INFO  c.e.a.c.UserNameSuggestionController - Received username suggestion request for QID: 1234567890
2025-10-27 10:45:22 [main] INFO  o.s.b.t.m.w.SpringBootMockServletContext - Initializing Spring TestDispatcherServlet ''
2025-10-27 10:45:22 [main] INFO  o.s.t.w.s.TestDispatcherServlet - Initializing Servlet ''
2025-10-27 10:45:22 [main] INFO  o.s.t.w.s.TestDispatcherServlet - Completed initialization in 2 ms
2025-10-27 10:45:22 [main] INFO  c.e.a.c.UserNameSuggestionController - Received username suggestion request for QID: 1234567890
2025-10-27 10:45:22 [main] INFO  c.e.a.c.UserNameSuggestionController - Returning 1 username suggestions for QID: 1234567890
2025-10-27 10:45:22 [main] INFO  o.s.b.t.m.w.SpringBootMockServletContext - Initializing Spring TestDispatcherServlet ''
2025-10-27 10:45:22 [main] INFO  o.s.t.w.s.TestDispatcherServlet - Initializing Servlet ''
2025-10-27 10:45:22 [main] INFO  o.s.t.w.s.TestDispatcherServlet - Completed initialization in 0 ms
2025-10-27 10:45:22 [main] INFO  c.e.a.c.UserNameSuggestionController - Received username suggestion request for QID: 123456789012345678901234567890123456789012345678901234567890
2025-10-27 10:45:22 [main] INFO  c.e.a.c.UserNameSuggestionController - Returning 1 username suggestions for QID: 123456789012345678901234567890123456789012345678901234567890
2025-10-27 10:45:22 [main] INFO  o.s.b.t.m.w.SpringBootMockServletContext - Initializing Spring TestDispatcherServlet ''
2025-10-27 10:45:22 [main] INFO  o.s.t.w.s.TestDispatcherServlet - Initializing Servlet ''
2025-10-27 10:45:22 [main] INFO  o.s.t.w.s.TestDispatcherServlet - Completed initialization in 0 ms
2025-10-27 10:45:22 [main] INFO  o.s.b.t.m.w.SpringBootMockServletContext - Initializing Spring TestDispatcherServlet ''
2025-10-27 10:45:22 [main] INFO  o.s.t.w.s.TestDispatcherServlet - Initializing Servlet ''
2025-10-27 10:45:22 [main] INFO  o.s.t.w.s.TestDispatcherServlet - Completed initialization in 0 ms
2025-10-27 10:45:22 [main] INFO  o.s.b.t.m.w.SpringBootMockServletContext - Initializing Spring TestDispatcherServlet ''
2025-10-27 10:45:22 [main] INFO  o.s.t.w.s.TestDispatcherServlet - Initializing Servlet ''
2025-10-27 10:45:22 [main] INFO  o.s.t.w.s.TestDispatcherServlet - Completed initialization in 2 ms
2025-10-27 10:45:22 [main] INFO  o.s.b.t.m.w.SpringBootMockServletContext - Initializing Spring TestDispatcherServlet ''
2025-10-27 10:45:22 [main] INFO  o.s.t.w.s.TestDispatcherServlet - Initializing Servlet ''
2025-10-27 10:45:22 [main] INFO  o.s.t.w.s.TestDispatcherServlet - Completed initialization in 0 ms
2025-10-27 10:45:22 [main] INFO  o.s.b.t.m.w.SpringBootMockServletContext - Initializing Spring TestDispatcherServlet ''
2025-10-27 10:45:22 [main] INFO  o.s.t.w.s.TestDispatcherServlet - Initializing Servlet ''
2025-10-27 10:45:22 [main] INFO  o.s.t.w.s.TestDispatcherServlet - Completed initialization in 0 ms
2025-10-27 10:45:22 [main] INFO  c.e.a.c.UserNameSuggestionController - Received username suggestion request for QID: 1234567890
2025-10-27 10:45:22 [main] INFO  c.e.a.c.UserNameSuggestionController - Returning 0 username suggestions for QID: 1234567890
2025-10-27 10:45:22 [main] INFO  o.s.b.t.m.w.SpringBootMockServletContext - Initializing Spring TestDispatcherServlet ''
2025-10-27 10:45:22 [main] INFO  o.s.t.w.s.TestDispatcherServlet - Initializing Servlet ''
2025-10-27 10:45:22 [main] INFO  o.s.t.w.s.TestDispatcherServlet - Completed initialization in 0 ms
2025-10-27 10:45:22 [main] INFO  c.e.a.c.UserNameSuggestionController - Received username suggestion request for QID:    
2025-10-27 10:45:22 [main] INFO  c.e.a.c.UserNameSuggestionController - Returning 0 username suggestions for QID:    
2025-10-27 10:45:22 [main] INFO  o.s.b.t.m.w.SpringBootMockServletContext - Initializing Spring TestDispatcherServlet ''
2025-10-27 10:45:22 [main] INFO  o.s.t.w.s.TestDispatcherServlet - Initializing Servlet ''
2025-10-27 10:45:22 [main] INFO  o.s.t.w.s.TestDispatcherServlet - Completed initialization in 0 ms
2025-10-27 10:45:22 [main] INFO  c.e.a.c.UserNameSuggestionController - Received username suggestion request for QID: 1234567890
2025-10-27 10:45:22 [main] INFO  o.s.b.t.m.w.SpringBootMockServletContext - Initializing Spring TestDispatcherServlet ''
2025-10-27 10:45:22 [main] INFO  o.s.t.w.s.TestDispatcherServlet - Initializing Servlet ''
2025-10-27 10:45:22 [main] INFO  o.s.t.w.s.TestDispatcherServlet - Completed initialization in 11 ms
2025-10-27 10:45:22 [main] INFO  o.s.b.t.m.w.SpringBootMockServletContext - Initializing Spring TestDispatcherServlet ''
2025-10-27 10:45:22 [main] INFO  o.s.t.w.s.TestDispatcherServlet - Initializing Servlet ''
2025-10-27 10:45:22 [main] INFO  o.s.t.w.s.TestDispatcherServlet - Completed initialization in 1 ms
2025-10-27 10:45:22 [main] INFO  c.e.a.c.UserNameSuggestionController - Received username suggestion request for QID: null
2025-10-27 10:45:22 [main] INFO  c.e.a.c.UserNameSuggestionController - Returning 0 username suggestions for QID: null
2025-10-27 10:45:22 [main] INFO  o.s.b.t.m.w.SpringBootMockServletContext - Initializing Spring TestDispatcherServlet ''
2025-10-27 10:45:22 [main] INFO  o.s.t.w.s.TestDispatcherServlet - Initializing Servlet ''
2025-10-27 10:45:22 [main] INFO  o.s.t.w.s.TestDispatcherServlet - Completed initialization in 0 ms
2025-10-27 10:45:22 [main] INFO  c.e.a.c.UserNameSuggestionController - Received username suggestion request for QID: 1234567890
2025-10-27 10:45:22 [main] INFO  c.e.a.c.UserNameSuggestionController - Returning 0 username suggestions for QID: 1234567890
2025-10-27 10:45:22 [SpringApplicationShutdownHook] INFO  o.s.o.j.LocalContainerEntityManagerFactoryBean - Closing JPA EntityManagerFactory for persistence unit 'default'
2025-10-27 10:45:22 [SpringApplicationShutdownHook] INFO  com.zaxxer.hikari.HikariDataSource - HikariPool-1 - Shutdown initiated...
2025-10-27 10:45:23 [SpringApplicationShutdownHook] INFO  com.zaxxer.hikari.HikariDataSource - HikariPool-1 - Shutdown completed.
2025-10-27 10:45:37 [main] INFO  c.e.a.c.UserNameSuggestionControllerTest - Starting UserNameSuggestionControllerTest using Java 21.0.8 with PID 4292 (started by bhavya in C:\intelliJ workspace\Dukhan Bank ODS\api-service)
2025-10-27 10:45:37 [main] DEBUG c.e.a.c.UserNameSuggestionControllerTest - Running with Spring Boot v3.5.4, Spring v6.2.9
2025-10-27 10:45:37 [main] INFO  c.e.a.c.UserNameSuggestionControllerTest - No active profile set, falling back to 1 default profile: "default"
2025-10-27 10:45:40 [main] INFO  o.s.d.r.c.RepositoryConfigurationDelegate - Bootstrapping Spring Data JPA repositories in DEFAULT mode.
2025-10-27 10:45:41 [main] INFO  o.s.d.r.c.RepositoryConfigurationDelegate - Finished Spring Data repository scanning in 807 ms. Found 8 JPA repository interfaces.
2025-10-27 10:45:48 [main] INFO  o.h.jpa.internal.util.LogHelper - HHH000204: Processing PersistenceUnitInfo [name: default]
2025-10-27 10:45:48 [main] INFO  org.hibernate.Version - HHH000412: Hibernate ORM core version 6.6.22.Final
2025-10-27 10:45:48 [main] INFO  o.h.c.i.RegionFactoryInitiator - HHH000026: Second-level cache disabled
2025-10-27 10:45:49 [main] INFO  o.s.o.j.p.SpringPersistenceUnitInfo - No LoadTimeWeaver setup: ignoring JPA class transformer
2025-10-27 10:45:49 [main] INFO  com.zaxxer.hikari.HikariDataSource - HikariPool-1 - Starting...
2025-10-27 10:45:51 [main] INFO  com.zaxxer.hikari.pool.HikariPool - HikariPool-1 - Added connection org.postgresql.jdbc.PgConnection@4c5c8926
2025-10-27 10:45:51 [main] INFO  com.zaxxer.hikari.HikariDataSource - HikariPool-1 - Start completed.
2025-10-27 10:45:51 [main] WARN  org.hibernate.orm.deprecation - HHH90000025: PostgreSQLDialect does not need to be specified explicitly using 'hibernate.dialect' (remove the property setting and it will be selected by default)
2025-10-27 10:45:52 [main] INFO  o.hibernate.orm.connections.pooling - HHH10001005: Database info:
	Database JDBC URL [Connecting through datasource 'HikariDataSource (HikariPool-1)']
	Database driver: undefined/unknown
	Database version: 16.10
	Autocommit mode: undefined/unknown
	Isolation level: undefined/unknown
	Minimum pool size: undefined/unknown
	Maximum pool size: undefined/unknown
2025-10-27 10:45:55 [main] INFO  o.h.e.t.j.p.i.JtaPlatformInitiator - HHH000489: No JTA platform available (set 'hibernate.transaction.jta.platform' to enable JTA platform integration)
2025-10-27 10:45:56 [main] INFO  o.s.o.j.LocalContainerEntityManagerFactoryBean - Initialized JPA EntityManagerFactory for persistence unit 'default'
2025-10-27 10:45:57 [main] INFO  o.s.d.j.r.query.QueryEnhancerFactory - Hibernate is in classpath; If applicable, HQL parser will be used.
2025-10-27 10:46:01 [main] WARN  o.s.b.a.o.j.JpaBaseConfiguration$JpaWebConfiguration - spring.jpa.open-in-view is enabled by default. Therefore, database queries may be performed during view rendering. Explicitly configure spring.jpa.open-in-view to disable this warning
2025-10-27 10:46:02 [main] INFO  c.e.a.c.UserNameSuggestionControllerTest - Started UserNameSuggestionControllerTest in 26.035 seconds (process running for 28.48)
2025-10-27 10:46:02 [main] INFO  o.s.b.t.m.w.SpringBootMockServletContext - Initializing Spring TestDispatcherServlet ''
2025-10-27 10:46:02 [main] INFO  o.s.t.w.s.TestDispatcherServlet - Initializing Servlet ''
2025-10-27 10:46:02 [main] INFO  o.s.t.w.s.TestDispatcherServlet - Completed initialization in 0 ms
2025-10-27 10:46:03 [main] INFO  c.e.a.c.UserNameSuggestionController - Received username suggestion request for QID: 1234567890
2025-10-27 10:46:03 [main] INFO  o.s.b.t.m.w.SpringBootMockServletContext - Initializing Spring TestDispatcherServlet ''
2025-10-27 10:46:03 [main] INFO  o.s.t.w.s.TestDispatcherServlet - Initializing Servlet ''
2025-10-27 10:46:03 [main] INFO  o.s.t.w.s.TestDispatcherServlet - Completed initialization in 0 ms
2025-10-27 10:46:03 [main] INFO  c.e.a.c.UserNameSuggestionController - Received username suggestion request for QID: 1234567890
2025-10-27 10:46:03 [main] INFO  c.e.a.c.UserNameSuggestionController - Returning 0 username suggestions for QID: 1234567890
2025-10-27 10:46:03 [main] INFO  o.s.b.t.m.w.SpringBootMockServletContext - Initializing Spring TestDispatcherServlet ''
2025-10-27 10:46:03 [main] INFO  o.s.t.w.s.TestDispatcherServlet - Initializing Servlet ''
2025-10-27 10:46:03 [main] INFO  o.s.t.w.s.TestDispatcherServlet - Completed initialization in 2 ms
2025-10-27 10:46:03 [main] INFO  c.e.a.c.UserNameSuggestionController - Received username suggestion request for QID: 1234567890
2025-10-27 10:46:03 [main] INFO  c.e.a.c.UserNameSuggestionController - Returning 0 username suggestions for QID: 1234567890
2025-10-27 10:46:03 [main] INFO  o.s.b.t.m.w.SpringBootMockServletContext - Initializing Spring TestDispatcherServlet ''
2025-10-27 10:46:03 [main] INFO  o.s.t.w.s.TestDispatcherServlet - Initializing Servlet ''
2025-10-27 10:46:03 [main] INFO  o.s.t.w.s.TestDispatcherServlet - Completed initialization in 2 ms
2025-10-27 10:46:03 [main] INFO  c.e.a.c.UserNameSuggestionController - Received username suggestion request for QID: 1234567890
2025-10-27 10:46:03 [main] INFO  c.e.a.c.UserNameSuggestionController - Returning 1 username suggestions for QID: 1234567890
2025-10-27 10:46:03 [main] INFO  o.s.b.t.m.w.SpringBootMockServletContext - Initializing Spring TestDispatcherServlet ''
2025-10-27 10:46:03 [main] INFO  o.s.t.w.s.TestDispatcherServlet - Initializing Servlet ''
2025-10-27 10:46:03 [main] INFO  o.s.t.w.s.TestDispatcherServlet - Completed initialization in 0 ms
2025-10-27 10:46:03 [main] INFO  o.s.b.t.m.w.SpringBootMockServletContext - Initializing Spring TestDispatcherServlet ''
2025-10-27 10:46:03 [main] INFO  o.s.t.w.s.TestDispatcherServlet - Initializing Servlet ''
2025-10-27 10:46:03 [main] INFO  o.s.t.w.s.TestDispatcherServlet - Completed initialization in 11 ms
2025-10-27 10:46:03 [main] INFO  c.e.a.c.UserNameSuggestionController - Received username suggestion request for QID: 1234567890
2025-10-27 10:46:03 [main] INFO  c.e.a.c.UserNameSuggestionController - Returning 1 username suggestions for QID: 1234567890
2025-10-27 10:46:03 [main] INFO  o.s.b.t.m.w.SpringBootMockServletContext - Initializing Spring TestDispatcherServlet ''
2025-10-27 10:46:03 [main] INFO  o.s.t.w.s.TestDispatcherServlet - Initializing Servlet ''
2025-10-27 10:46:03 [main] INFO  o.s.t.w.s.TestDispatcherServlet - Completed initialization in 0 ms
2025-10-27 10:46:03 [main] INFO  c.e.a.c.UserNameSuggestionController - Received username suggestion request for QID: 
2025-10-27 10:46:03 [main] INFO  c.e.a.c.UserNameSuggestionController - Returning 0 username suggestions for QID: 
2025-10-27 10:46:03 [main] INFO  o.s.b.t.m.w.SpringBootMockServletContext - Initializing Spring TestDispatcherServlet ''
2025-10-27 10:46:03 [main] INFO  o.s.t.w.s.TestDispatcherServlet - Initializing Servlet ''
2025-10-27 10:46:03 [main] INFO  o.s.t.w.s.TestDispatcherServlet - Completed initialization in 3 ms
2025-10-27 10:46:03 [main] INFO  o.s.b.t.m.w.SpringBootMockServletContext - Initializing Spring TestDispatcherServlet ''
2025-10-27 10:46:03 [main] INFO  o.s.t.w.s.TestDispatcherServlet - Initializing Servlet ''
2025-10-27 10:46:03 [main] INFO  o.s.t.w.s.TestDispatcherServlet - Completed initialization in 2 ms
2025-10-27 10:46:03 [main] INFO  c.e.a.c.UserNameSuggestionController - Received username suggestion request for QID: 1234567890
2025-10-27 10:46:03 [main] INFO  c.e.a.c.UserNameSuggestionController - Returning 1 username suggestions for QID: 1234567890
2025-10-27 10:46:03 [main] WARN  o.s.w.s.m.m.a.ExceptionHandlerExceptionResolver - Failure in @ExceptionHandler com.example.api.exception.GlobalExceptionHandler#handleGenericException(Exception)
org.springframework.web.HttpMediaTypeNotAcceptableException: No acceptable representation
	at org.springframework.web.servlet.mvc.method.annotation.AbstractMessageConverterMethodProcessor.writeWithMessageConverters(AbstractMessageConverterMethodProcessor.java:291)
	at org.springframework.web.servlet.mvc.method.annotation.HttpEntityMethodProcessor.handleReturnValue(HttpEntityMethodProcessor.java:263)
	at org.springframework.web.method.support.HandlerMethodReturnValueHandlerComposite.handleReturnValue(HandlerMethodReturnValueHandlerComposite.java:78)
	at org.springframework.web.servlet.mvc.method.annotation.ServletInvocableHandlerMethod.invokeAndHandle(ServletInvocableHandlerMethod.java:136)
	at org.springframework.web.servlet.mvc.method.annotation.ExceptionHandlerExceptionResolver.doResolveHandlerMethodException(ExceptionHandlerExceptionResolver.java:471)
	at org.springframework.web.servlet.handler.AbstractHandlerMethodExceptionResolver.doResolveException(AbstractHandlerMethodExceptionResolver.java:73)
	at org.springframework.web.servlet.handler.AbstractHandlerExceptionResolver.resolveException(AbstractHandlerExceptionResolver.java:182)
	at org.springframework.web.servlet.handler.HandlerExceptionResolverComposite.resolveException(HandlerExceptionResolverComposite.java:80)
	at org.springframework.web.servlet.DispatcherServlet.processHandlerException(DispatcherServlet.java:1360)
	at org.springframework.test.web.servlet.TestDispatcherServlet.processHandlerException(TestDispatcherServlet.java:146)
	at org.springframework.web.servlet.DispatcherServlet.processDispatchResult(DispatcherServlet.java:1161)
	at org.springframework.web.servlet.DispatcherServlet.doDispatch(DispatcherServlet.java:1106)
	at org.springframework.web.servlet.DispatcherServlet.doService(DispatcherServlet.java:979)
	at org.springframework.web.servlet.FrameworkServlet.processRequest(FrameworkServlet.java:1014)
	at org.springframework.web.servlet.FrameworkServlet.doPost(FrameworkServlet.java:914)
	at jakarta.servlet.http.HttpServlet.service(HttpServlet.java:590)
	at org.springframework.web.servlet.FrameworkServlet.service(FrameworkServlet.java:885)
	at org.springframework.test.web.servlet.TestDispatcherServlet.service(TestDispatcherServlet.java:72)
	at jakarta.servlet.http.HttpServlet.service(HttpServlet.java:658)
	at org.springframework.mock.web.MockFilterChain$ServletFilterProxy.doFilter(MockFilterChain.java:165)
	at org.springframework.mock.web.MockFilterChain.doFilter(MockFilterChain.java:132)
	at org.springframework.test.web.servlet.MockMvc.perform(MockMvc.java:201)
	at com.example.api.controller.UserNameSuggestionControllerTest.testSuggestUsernames_WrongAcceptHeader(UserNameSuggestionControllerTest.java:706)
	at java.base/jdk.internal.reflect.DirectMethodHandleAccessor.invoke(Unknown Source)
	at java.base/java.lang.reflect.Method.invoke(Unknown Source)
	at org.junit.platform.commons.util.ReflectionUtils.invokeMethod(ReflectionUtils.java:775)
	at org.junit.platform.commons.support.ReflectionSupport.invokeMethod(ReflectionSupport.java:479)
	at org.junit.jupiter.engine.execution.MethodInvocation.proceed(MethodInvocation.java:60)
	at org.junit.jupiter.engine.execution.InvocationInterceptorChain$ValidatingInvocation.proceed(InvocationInterceptorChain.java:131)
	at org.junit.jupiter.engine.extension.TimeoutExtension.intercept(TimeoutExtension.java:161)
	at org.junit.jupiter.engine.extension.TimeoutExtension.interceptTestableMethod(TimeoutExtension.java:152)
	at org.junit.jupiter.engine.extension.TimeoutExtension.interceptTestMethod(TimeoutExtension.java:91)
	at org.junit.jupiter.engine.execution.InterceptingExecutableInvoker$ReflectiveInterceptorCall.lambda$ofVoidMethod$0(InterceptingExecutableInvoker.java:112)
	at org.junit.jupiter.engine.execution.InterceptingExecutableInvoker.lambda$invoke$0(InterceptingExecutableInvoker.java:94)
	at org.junit.jupiter.engine.execution.InvocationInterceptorChain$InterceptedInvocation.proceed(InvocationInterceptorChain.java:106)
	at org.junit.jupiter.engine.execution.InvocationInterceptorChain.proceed(InvocationInterceptorChain.java:64)
	at org.junit.jupiter.engine.execution.InvocationInterceptorChain.chainAndInvoke(InvocationInterceptorChain.java:45)
	at org.junit.jupiter.engine.execution.InvocationInterceptorChain.invoke(InvocationInterceptorChain.java:37)
	at org.junit.jupiter.engine.execution.InterceptingExecutableInvoker.invoke(InterceptingExecutableInvoker.java:93)
	at org.junit.jupiter.engine.execution.InterceptingExecutableInvoker.invoke(InterceptingExecutableInvoker.java:87)
	at org.junit.jupiter.engine.descriptor.TestMethodTestDescriptor.lambda$invokeTestMethod$7(TestMethodTestDescriptor.java:216)
	at org.junit.platform.engine.support.hierarchical.ThrowableCollector.execute(ThrowableCollector.java:73)
	at org.junit.jupiter.engine.descriptor.TestMethodTestDescriptor.invokeTestMethod(TestMethodTestDescriptor.java:212)
	at org.junit.jupiter.engine.descriptor.TestMethodTestDescriptor.execute(TestMethodTestDescriptor.java:137)
	at org.junit.jupiter.engine.descriptor.TestMethodTestDescriptor.execute(TestMethodTestDescriptor.java:69)
	at org.junit.platform.engine.support.hierarchical.NodeTestTask.lambda$executeRecursively$6(NodeTestTask.java:156)
	at org.junit.platform.engine.support.hierarchical.ThrowableCollector.execute(ThrowableCollector.java:73)
	at org.junit.platform.engine.support.hierarchical.NodeTestTask.lambda$executeRecursively$8(NodeTestTask.java:146)
	at org.junit.platform.engine.support.hierarchical.Node.around(Node.java:137)
	at org.junit.platform.engine.support.hierarchical.NodeTestTask.lambda$executeRecursively$9(NodeTestTask.java:144)
	at org.junit.platform.engine.support.hierarchical.ThrowableCollector.execute(ThrowableCollector.java:73)
	at org.junit.platform.engine.support.hierarchical.NodeTestTask.executeRecursively(NodeTestTask.java:143)
	at org.junit.platform.engine.support.hierarchical.NodeTestTask.execute(NodeTestTask.java:100)
	at java.base/java.util.ArrayList.forEach(Unknown Source)
	at org.junit.platform.engine.support.hierarchical.SameThreadHierarchicalTestExecutorService.invokeAll(SameThreadHierarchicalTestExecutorService.java:41)
	at org.junit.platform.engine.support.hierarchical.NodeTestTask.lambda$executeRecursively$6(NodeTestTask.java:160)
	at org.junit.platform.engine.support.hierarchical.ThrowableCollector.execute(ThrowableCollector.java:73)
	at org.junit.platform.engine.support.hierarchical.NodeTestTask.lambda$executeRecursively$8(NodeTestTask.java:146)
	at org.junit.platform.engine.support.hierarchical.Node.around(Node.java:137)
	at org.junit.platform.engine.support.hierarchical.NodeTestTask.lambda$executeRecursively$9(NodeTestTask.java:144)
	at org.junit.platform.engine.support.hierarchical.ThrowableCollector.execute(ThrowableCollector.java:73)
	at org.junit.platform.engine.support.hierarchical.NodeTestTask.executeRecursively(NodeTestTask.java:143)
	at org.junit.platform.engine.support.hierarchical.NodeTestTask.execute(NodeTestTask.java:100)
	at java.base/java.util.ArrayList.forEach(Unknown Source)
	at org.junit.platform.engine.support.hierarchical.SameThreadHierarchicalTestExecutorService.invokeAll(SameThreadHierarchicalTestExecutorService.java:41)
	at org.junit.platform.engine.support.hierarchical.NodeTestTask.lambda$executeRecursively$6(NodeTestTask.java:160)
	at org.junit.platform.engine.support.hierarchical.ThrowableCollector.execute(ThrowableCollector.java:73)
	at org.junit.platform.engine.support.hierarchical.NodeTestTask.lambda$executeRecursively$8(NodeTestTask.java:146)
	at org.junit.platform.engine.support.hierarchical.Node.around(Node.java:137)
	at org.junit.platform.engine.support.hierarchical.NodeTestTask.lambda$executeRecursively$9(NodeTestTask.java:144)
	at org.junit.platform.engine.support.hierarchical.ThrowableCollector.execute(ThrowableCollector.java:73)
	at org.junit.platform.engine.support.hierarchical.NodeTestTask.executeRecursively(NodeTestTask.java:143)
	at org.junit.platform.engine.support.hierarchical.NodeTestTask.execute(NodeTestTask.java:100)
	at org.junit.platform.engine.support.hierarchical.SameThreadHierarchicalTestExecutorService.submit(SameThreadHierarchicalTestExecutorService.java:35)
	at org.junit.platform.engine.support.hierarchical.HierarchicalTestExecutor.execute(HierarchicalTestExecutor.java:57)
	at org.junit.platform.engine.support.hierarchical.HierarchicalTestEngine.execute(HierarchicalTestEngine.java:54)
	at org.junit.platform.launcher.core.EngineExecutionOrchestrator.execute(EngineExecutionOrchestrator.java:201)
	at org.junit.platform.launcher.core.EngineExecutionOrchestrator.execute(EngineExecutionOrchestrator.java:170)
	at org.junit.platform.launcher.core.EngineExecutionOrchestrator.execute(EngineExecutionOrchestrator.java:94)
	at org.junit.platform.launcher.core.EngineExecutionOrchestrator.lambda$execute$0(EngineExecutionOrchestrator.java:59)
	at org.junit.platform.launcher.core.EngineExecutionOrchestrator.withInterceptedStreams(EngineExecutionOrchestrator.java:142)
	at org.junit.platform.launcher.core.EngineExecutionOrchestrator.execute(EngineExecutionOrchestrator.java:58)
	at org.junit.platform.launcher.core.DefaultLauncher.execute(DefaultLauncher.java:103)
	at org.junit.platform.launcher.core.DefaultLauncher.execute(DefaultLauncher.java:94)
	at org.junit.platform.launcher.core.DelegatingLauncher.execute(DelegatingLauncher.java:52)
	at org.junit.platform.launcher.core.InterceptingLauncher.lambda$execute$2(InterceptingLauncher.java:47)
	at org.junit.platform.launcher.core.ClasspathAlignmentCheckingLauncherInterceptor.intercept(ClasspathAlignmentCheckingLauncherInterceptor.java:25)
	at org.junit.platform.launcher.core.InterceptingLauncher.execute(InterceptingLauncher.java:46)
	at org.junit.platform.launcher.core.DelegatingLauncher.execute(DelegatingLauncher.java:52)
	at org.junit.platform.launcher.core.SessionPerRequestLauncher.execute(SessionPerRequestLauncher.java:70)
	at org.eclipse.jdt.internal.junit5.runner.JUnit5TestReference.run(JUnit5TestReference.java:100)
	at org.eclipse.jdt.internal.junit.runner.TestExecution.run(TestExecution.java:40)
	at org.eclipse.jdt.internal.junit.runner.RemoteTestRunner.runTests(RemoteTestRunner.java:520)
	at org.eclipse.jdt.internal.junit.runner.RemoteTestRunner.runTests(RemoteTestRunner.java:748)
	at org.eclipse.jdt.internal.junit.runner.RemoteTestRunner.run(RemoteTestRunner.java:443)
	at org.eclipse.jdt.internal.junit.runner.RemoteTestRunner.main(RemoteTestRunner.java:211)
2025-10-27 10:46:03 [main] WARN  o.s.w.s.m.s.DefaultHandlerExceptionResolver - Resolved [org.springframework.web.HttpMediaTypeNotAcceptableException: No acceptable representation]
2025-10-27 10:46:03 [main] INFO  o.s.b.t.m.w.SpringBootMockServletContext - Initializing Spring TestDispatcherServlet ''
2025-10-27 10:46:03 [main] INFO  o.s.t.w.s.TestDispatcherServlet - Initializing Servlet ''
2025-10-27 10:46:03 [main] INFO  o.s.t.w.s.TestDispatcherServlet - Completed initialization in 3 ms
2025-10-27 10:46:03 [main] INFO  c.e.a.c.UserNameSuggestionController - Received username suggestion request for QID: 1234567890
2025-10-27 10:46:03 [main] INFO  c.e.a.c.UserNameSuggestionController - Returning 0 username suggestions for QID: 1234567890
2025-10-27 10:46:03 [main] INFO  o.s.b.t.m.w.SpringBootMockServletContext - Initializing Spring TestDispatcherServlet ''
2025-10-27 10:46:03 [main] INFO  o.s.t.w.s.TestDispatcherServlet - Initializing Servlet ''
2025-10-27 10:46:03 [main] INFO  o.s.t.w.s.TestDispatcherServlet - Completed initialization in 0 ms
2025-10-27 10:46:03 [main] INFO  c.e.a.c.UserNameSuggestionController - Received username suggestion request for QID: 1234567890
2025-10-27 10:46:03 [main] INFO  c.e.a.c.UserNameSuggestionController - Returning 1 username suggestions for QID: 1234567890
2025-10-27 10:46:03 [main] INFO  o.s.b.t.m.w.SpringBootMockServletContext - Initializing Spring TestDispatcherServlet ''
2025-10-27 10:46:03 [main] INFO  o.s.t.w.s.TestDispatcherServlet - Initializing Servlet ''
2025-10-27 10:46:03 [main] INFO  o.s.t.w.s.TestDispatcherServlet - Completed initialization in 2 ms
2025-10-27 10:46:03 [main] INFO  c.e.a.c.UserNameSuggestionController - Received username suggestion request for QID: 1234567890
2025-10-27 10:46:03 [main] INFO  c.e.a.c.UserNameSuggestionController - Returning 1 username suggestions for QID: 1234567890
2025-10-27 10:46:03 [main] INFO  o.s.b.t.m.w.SpringBootMockServletContext - Initializing Spring TestDispatcherServlet ''
2025-10-27 10:46:03 [main] INFO  o.s.t.w.s.TestDispatcherServlet - Initializing Servlet ''
2025-10-27 10:46:03 [main] INFO  o.s.t.w.s.TestDispatcherServlet - Completed initialization in 2 ms
2025-10-27 10:46:03 [main] INFO  c.e.a.c.UserNameSuggestionController - Received username suggestion request for QID: 1234567890
2025-10-27 10:46:03 [main] INFO  o.s.b.t.m.w.SpringBootMockServletContext - Initializing Spring TestDispatcherServlet ''
2025-10-27 10:46:03 [main] INFO  o.s.t.w.s.TestDispatcherServlet - Initializing Servlet ''
2025-10-27 10:46:03 [main] INFO  o.s.t.w.s.TestDispatcherServlet - Completed initialization in 3 ms
2025-10-27 10:46:03 [main] INFO  c.e.a.c.UserNameSuggestionController - Received username suggestion request for QID: 1234567890
2025-10-27 10:46:03 [main] INFO  c.e.a.c.UserNameSuggestionController - Returning 0 username suggestions for QID: 1234567890
2025-10-27 10:46:03 [main] INFO  o.s.b.t.m.w.SpringBootMockServletContext - Initializing Spring TestDispatcherServlet ''
2025-10-27 10:46:03 [main] INFO  o.s.t.w.s.TestDispatcherServlet - Initializing Servlet ''
2025-10-27 10:46:04 [main] INFO  o.s.t.w.s.TestDispatcherServlet - Completed initialization in 2 ms
2025-10-27 10:46:04 [main] INFO  c.e.a.c.UserNameSuggestionController - Received username suggestion request for QID: 1234567890
2025-10-27 10:46:04 [main] INFO  c.e.a.c.UserNameSuggestionController - Returning 0 username suggestions for QID: 1234567890
2025-10-27 10:46:04 [main] INFO  o.s.b.t.m.w.SpringBootMockServletContext - Initializing Spring TestDispatcherServlet ''
2025-10-27 10:46:04 [main] INFO  o.s.t.w.s.TestDispatcherServlet - Initializing Servlet ''
2025-10-27 10:46:04 [main] INFO  o.s.t.w.s.TestDispatcherServlet - Completed initialization in 2 ms
2025-10-27 10:46:04 [main] INFO  o.s.b.t.m.w.SpringBootMockServletContext - Initializing Spring TestDispatcherServlet ''
2025-10-27 10:46:04 [main] INFO  o.s.t.w.s.TestDispatcherServlet - Initializing Servlet ''
2025-10-27 10:46:04 [main] INFO  o.s.t.w.s.TestDispatcherServlet - Completed initialization in 2 ms
2025-10-27 10:46:04 [main] INFO  c.e.a.c.UserNameSuggestionController - Received username suggestion request for QID: 1234567890
2025-10-27 10:46:04 [main] INFO  c.e.a.c.UserNameSuggestionController - Returning 0 username suggestions for QID: 1234567890
2025-10-27 10:46:04 [main] INFO  o.s.b.t.m.w.SpringBootMockServletContext - Initializing Spring TestDispatcherServlet ''
2025-10-27 10:46:04 [main] INFO  o.s.t.w.s.TestDispatcherServlet - Initializing Servlet ''
2025-10-27 10:46:04 [main] INFO  o.s.t.w.s.TestDispatcherServlet - Completed initialization in 1 ms
2025-10-27 10:46:04 [main] INFO  c.e.a.c.UserNameSuggestionController - Received username suggestion request for QID: 1234567890
2025-10-27 10:46:04 [main] INFO  c.e.a.c.UserNameSuggestionController - Returning 0 username suggestions for QID: 1234567890
2025-10-27 10:46:04 [main] INFO  o.s.b.t.m.w.SpringBootMockServletContext - Initializing Spring TestDispatcherServlet ''
2025-10-27 10:46:04 [main] INFO  o.s.t.w.s.TestDispatcherServlet - Initializing Servlet ''
2025-10-27 10:46:04 [main] INFO  o.s.t.w.s.TestDispatcherServlet - Completed initialization in 0 ms
2025-10-27 10:46:04 [main] INFO  c.e.a.c.UserNameSuggestionController - Received username suggestion request for QID: 1234567890
2025-10-27 10:46:04 [main] INFO  c.e.a.c.UserNameSuggestionController - Returning 1 username suggestions for QID: 1234567890
2025-10-27 10:46:04 [main] INFO  o.s.b.t.m.w.SpringBootMockServletContext - Initializing Spring TestDispatcherServlet ''
2025-10-27 10:46:04 [main] INFO  o.s.t.w.s.TestDispatcherServlet - Initializing Servlet ''
2025-10-27 10:46:04 [main] INFO  o.s.t.w.s.TestDispatcherServlet - Completed initialization in 2 ms
2025-10-27 10:46:04 [main] INFO  o.s.b.t.m.w.SpringBootMockServletContext - Initializing Spring TestDispatcherServlet ''
2025-10-27 10:46:04 [main] INFO  o.s.t.w.s.TestDispatcherServlet - Initializing Servlet ''
2025-10-27 10:46:04 [main] INFO  o.s.t.w.s.TestDispatcherServlet - Completed initialization in 0 ms
2025-10-27 10:46:04 [main] INFO  c.e.a.c.UserNameSuggestionController - Received username suggestion request for QID: 1234567890
2025-10-27 10:46:04 [main] INFO  c.e.a.c.UserNameSuggestionController - Returning 1 username suggestions for QID: 1234567890
2025-10-27 10:46:04 [main] INFO  o.s.b.t.m.w.SpringBootMockServletContext - Initializing Spring TestDispatcherServlet ''
2025-10-27 10:46:04 [main] INFO  o.s.t.w.s.TestDispatcherServlet - Initializing Servlet ''
2025-10-27 10:46:04 [main] INFO  o.s.t.w.s.TestDispatcherServlet - Completed initialization in 5 ms
2025-10-27 10:46:04 [main] INFO  o.s.b.t.m.w.SpringBootMockServletContext - Initializing Spring TestDispatcherServlet ''
2025-10-27 10:46:04 [main] INFO  o.s.t.w.s.TestDispatcherServlet - Initializing Servlet ''
2025-10-27 10:46:04 [main] INFO  o.s.t.w.s.TestDispatcherServlet - Completed initialization in 0 ms
2025-10-27 10:46:04 [main] INFO  c.e.a.c.UserNameSuggestionController - Received username suggestion request for QID: 1234567890
2025-10-27 10:46:04 [main] INFO  o.s.b.t.m.w.SpringBootMockServletContext - Initializing Spring TestDispatcherServlet ''
2025-10-27 10:46:04 [main] INFO  o.s.t.w.s.TestDispatcherServlet - Initializing Servlet ''
2025-10-27 10:46:04 [main] INFO  o.s.t.w.s.TestDispatcherServlet - Completed initialization in 0 ms
2025-10-27 10:46:04 [main] INFO  o.s.b.t.m.w.SpringBootMockServletContext - Initializing Spring TestDispatcherServlet ''
2025-10-27 10:46:04 [main] INFO  o.s.t.w.s.TestDispatcherServlet - Initializing Servlet ''
2025-10-27 10:46:04 [main] INFO  o.s.t.w.s.TestDispatcherServlet - Completed initialization in 0 ms
2025-10-27 10:46:04 [main] INFO  o.s.b.t.m.w.SpringBootMockServletContext - Initializing Spring TestDispatcherServlet ''
2025-10-27 10:46:04 [main] INFO  o.s.t.w.s.TestDispatcherServlet - Initializing Servlet ''
2025-10-27 10:46:04 [main] INFO  o.s.t.w.s.TestDispatcherServlet - Completed initialization in 2 ms
2025-10-27 10:46:04 [main] INFO  c.e.a.c.UserNameSuggestionController - Received username suggestion request for QID: 123@#$%^&*()
2025-10-27 10:46:04 [main] INFO  c.e.a.c.UserNameSuggestionController - Returning 1 username suggestions for QID: 123@#$%^&*()
2025-10-27 10:46:04 [main] INFO  o.s.b.t.m.w.SpringBootMockServletContext - Initializing Spring TestDispatcherServlet ''
2025-10-27 10:46:04 [main] INFO  o.s.t.w.s.TestDispatcherServlet - Initializing Servlet ''
2025-10-27 10:46:04 [main] INFO  o.s.t.w.s.TestDispatcherServlet - Completed initialization in 2 ms
2025-10-27 10:46:04 [main] INFO  c.e.a.c.UserNameSuggestionController - Received username suggestion request for QID: 1234567890
2025-10-27 10:46:04 [main] INFO  c.e.a.c.UserNameSuggestionController - Returning 1 username suggestions for QID: 1234567890
2025-10-27 10:46:04 [main] INFO  o.s.b.t.m.w.SpringBootMockServletContext - Initializing Spring TestDispatcherServlet ''
2025-10-27 10:46:04 [main] INFO  o.s.t.w.s.TestDispatcherServlet - Initializing Servlet ''
2025-10-27 10:46:04 [main] INFO  o.s.t.w.s.TestDispatcherServlet - Completed initialization in 3 ms
2025-10-27 10:46:04 [main] INFO  c.e.a.c.UserNameSuggestionController - Received username suggestion request for QID: 1234567890
2025-10-27 10:46:04 [main] INFO  c.e.a.c.UserNameSuggestionController - Returning 1 username suggestions for QID: 1234567890
2025-10-27 10:46:04 [main] INFO  o.s.b.t.m.w.SpringBootMockServletContext - Initializing Spring TestDispatcherServlet ''
2025-10-27 10:46:04 [main] INFO  o.s.t.w.s.TestDispatcherServlet - Initializing Servlet ''
2025-10-27 10:46:04 [main] INFO  o.s.t.w.s.TestDispatcherServlet - Completed initialization in 2 ms
2025-10-27 10:46:04 [main] INFO  c.e.a.c.UserNameSuggestionController - Received username suggestion request for QID: 1234567890
2025-10-27 10:46:04 [main] INFO  o.s.b.t.m.w.SpringBootMockServletContext - Initializing Spring TestDispatcherServlet ''
2025-10-27 10:46:04 [main] INFO  o.s.t.w.s.TestDispatcherServlet - Initializing Servlet ''
2025-10-27 10:46:04 [main] INFO  o.s.t.w.s.TestDispatcherServlet - Completed initialization in 1 ms
2025-10-27 10:46:04 [main] INFO  c.e.a.c.UserNameSuggestionController - Received username suggestion request for QID: 1234567890
2025-10-27 10:46:04 [main] INFO  o.s.b.t.m.w.SpringBootMockServletContext - Initializing Spring TestDispatcherServlet ''
2025-10-27 10:46:04 [main] INFO  o.s.t.w.s.TestDispatcherServlet - Initializing Servlet ''
2025-10-27 10:46:04 [main] INFO  o.s.t.w.s.TestDispatcherServlet - Completed initialization in 0 ms
2025-10-27 10:46:04 [main] INFO  c.e.a.c.UserNameSuggestionController - Received username suggestion request for QID: 1234567890
2025-10-27 10:46:04 [main] INFO  c.e.a.c.UserNameSuggestionController - Returning 1 username suggestions for QID: 1234567890
2025-10-27 10:46:04 [main] INFO  o.s.b.t.m.w.SpringBootMockServletContext - Initializing Spring TestDispatcherServlet ''
2025-10-27 10:46:04 [main] INFO  o.s.t.w.s.TestDispatcherServlet - Initializing Servlet ''
2025-10-27 10:46:04 [main] INFO  o.s.t.w.s.TestDispatcherServlet - Completed initialization in 1 ms
2025-10-27 10:46:04 [main] INFO  c.e.a.c.UserNameSuggestionController - Received username suggestion request for QID: 123456789012345678901234567890123456789012345678901234567890
2025-10-27 10:46:04 [main] INFO  c.e.a.c.UserNameSuggestionController - Returning 1 username suggestions for QID: 123456789012345678901234567890123456789012345678901234567890
2025-10-27 10:46:04 [main] INFO  o.s.b.t.m.w.SpringBootMockServletContext - Initializing Spring TestDispatcherServlet ''
2025-10-27 10:46:04 [main] INFO  o.s.t.w.s.TestDispatcherServlet - Initializing Servlet ''
2025-10-27 10:46:04 [main] INFO  o.s.t.w.s.TestDispatcherServlet - Completed initialization in 0 ms
2025-10-27 10:46:04 [main] INFO  o.s.b.t.m.w.SpringBootMockServletContext - Initializing Spring TestDispatcherServlet ''
2025-10-27 10:46:04 [main] INFO  o.s.t.w.s.TestDispatcherServlet - Initializing Servlet ''
2025-10-27 10:46:04 [main] INFO  o.s.t.w.s.TestDispatcherServlet - Completed initialization in 2 ms
2025-10-27 10:46:04 [main] INFO  o.s.b.t.m.w.SpringBootMockServletContext - Initializing Spring TestDispatcherServlet ''
2025-10-27 10:46:04 [main] INFO  o.s.t.w.s.TestDispatcherServlet - Initializing Servlet ''
2025-10-27 10:46:04 [main] INFO  o.s.t.w.s.TestDispatcherServlet - Completed initialization in 2 ms
2025-10-27 10:46:04 [main] INFO  o.s.b.t.m.w.SpringBootMockServletContext - Initializing Spring TestDispatcherServlet ''
2025-10-27 10:46:04 [main] INFO  o.s.t.w.s.TestDispatcherServlet - Initializing Servlet ''
2025-10-27 10:46:04 [main] INFO  o.s.t.w.s.TestDispatcherServlet - Completed initialization in 0 ms
2025-10-27 10:46:04 [main] INFO  o.s.b.t.m.w.SpringBootMockServletContext - Initializing Spring TestDispatcherServlet ''
2025-10-27 10:46:04 [main] INFO  o.s.t.w.s.TestDispatcherServlet - Initializing Servlet ''
2025-10-27 10:46:04 [main] INFO  o.s.t.w.s.TestDispatcherServlet - Completed initialization in 15 ms
2025-10-27 10:46:04 [main] INFO  c.e.a.c.UserNameSuggestionController - Received username suggestion request for QID: 1234567890
2025-10-27 10:46:04 [main] INFO  c.e.a.c.UserNameSuggestionController - Returning 0 username suggestions for QID: 1234567890
2025-10-27 10:46:04 [main] INFO  o.s.b.t.m.w.SpringBootMockServletContext - Initializing Spring TestDispatcherServlet ''
2025-10-27 10:46:04 [main] INFO  o.s.t.w.s.TestDispatcherServlet - Initializing Servlet ''
2025-10-27 10:46:04 [main] INFO  o.s.t.w.s.TestDispatcherServlet - Completed initialization in 0 ms
2025-10-27 10:46:04 [main] INFO  c.e.a.c.UserNameSuggestionController - Received username suggestion request for QID:    
2025-10-27 10:46:04 [main] INFO  c.e.a.c.UserNameSuggestionController - Returning 0 username suggestions for QID:    
2025-10-27 10:46:04 [main] INFO  o.s.b.t.m.w.SpringBootMockServletContext - Initializing Spring TestDispatcherServlet ''
2025-10-27 10:46:04 [main] INFO  o.s.t.w.s.TestDispatcherServlet - Initializing Servlet ''
2025-10-27 10:46:04 [main] INFO  o.s.t.w.s.TestDispatcherServlet - Completed initialization in 2 ms
2025-10-27 10:46:04 [main] INFO  c.e.a.c.UserNameSuggestionController - Received username suggestion request for QID: 1234567890
2025-10-27 10:46:04 [main] INFO  o.s.b.t.m.w.SpringBootMockServletContext - Initializing Spring TestDispatcherServlet ''
2025-10-27 10:46:04 [main] INFO  o.s.t.w.s.TestDispatcherServlet - Initializing Servlet ''
2025-10-27 10:46:04 [main] INFO  o.s.t.w.s.TestDispatcherServlet - Completed initialization in 1 ms
2025-10-27 10:46:04 [main] INFO  o.s.b.t.m.w.SpringBootMockServletContext - Initializing Spring TestDispatcherServlet ''
2025-10-27 10:46:04 [main] INFO  o.s.t.w.s.TestDispatcherServlet - Initializing Servlet ''
2025-10-27 10:46:04 [main] INFO  o.s.t.w.s.TestDispatcherServlet - Completed initialization in 1 ms
2025-10-27 10:46:04 [main] INFO  c.e.a.c.UserNameSuggestionController - Received username suggestion request for QID: null
2025-10-27 10:46:04 [main] INFO  c.e.a.c.UserNameSuggestionController - Returning 0 username suggestions for QID: null
2025-10-27 10:46:04 [main] INFO  o.s.b.t.m.w.SpringBootMockServletContext - Initializing Spring TestDispatcherServlet ''
2025-10-27 10:46:04 [main] INFO  o.s.t.w.s.TestDispatcherServlet - Initializing Servlet ''
2025-10-27 10:46:04 [main] INFO  o.s.t.w.s.TestDispatcherServlet - Completed initialization in 0 ms
2025-10-27 10:46:04 [main] INFO  c.e.a.c.UserNameSuggestionController - Received username suggestion request for QID: 1234567890
2025-10-27 10:46:04 [main] INFO  c.e.a.c.UserNameSuggestionController - Returning 0 username suggestions for QID: 1234567890
2025-10-27 10:46:04 [SpringApplicationShutdownHook] INFO  o.s.o.j.LocalContainerEntityManagerFactoryBean - Closing JPA EntityManagerFactory for persistence unit 'default'
2025-10-27 10:46:04 [SpringApplicationShutdownHook] INFO  com.zaxxer.hikari.HikariDataSource - HikariPool-1 - Shutdown initiated...
2025-10-27 10:46:05 [SpringApplicationShutdownHook] INFO  com.zaxxer.hikari.HikariDataSource - HikariPool-1 - Shutdown completed.
2025-10-27 10:49:44 [main] INFO  c.example.api.ApiServiceApplication - Starting ApiServiceApplication using Java 21.0.5 with PID 2120 (C:\intelliJ workspace\Dukhan Bank ODS\api-service\target\classes started by bhavya in C:\intelliJ workspace\Dukhan Bank ODS\api-service)
2025-10-27 10:49:44 [main] DEBUG c.example.api.ApiServiceApplication - Running with Spring Boot v3.5.4, Spring v6.2.9
2025-10-27 10:49:44 [main] INFO  c.example.api.ApiServiceApplication - No active profile set, falling back to 1 default profile: "default"
2025-10-27 10:49:45 [main] INFO  o.s.d.r.c.RepositoryConfigurationDelegate - Bootstrapping Spring Data JPA repositories in DEFAULT mode.
2025-10-27 10:49:45 [main] INFO  o.s.d.r.c.RepositoryConfigurationDelegate - Finished Spring Data repository scanning in 332 ms. Found 8 JPA repository interfaces.
2025-10-27 10:49:46 [main] INFO  o.s.b.w.e.tomcat.TomcatWebServer - Tomcat initialized with port 9596 (http)
2025-10-27 10:49:46 [main] INFO  o.a.catalina.core.StandardService - Starting service [Tomcat]
2025-10-27 10:49:46 [main] INFO  o.a.catalina.core.StandardEngine - Starting Servlet engine: [Apache Tomcat/10.1.43]
2025-10-27 10:49:46 [main] INFO  o.a.c.c.C.[Tomcat].[localhost].[/] - Initializing Spring embedded WebApplicationContext
2025-10-27 10:49:46 [main] INFO  o.s.b.w.s.c.ServletWebServerApplicationContext - Root WebApplicationContext: initialization completed in 2206 ms
2025-10-27 10:49:47 [main] INFO  o.h.jpa.internal.util.LogHelper - HHH000204: Processing PersistenceUnitInfo [name: default]
2025-10-27 10:49:47 [main] INFO  org.hibernate.Version - HHH000412: Hibernate ORM core version 6.6.22.Final
2025-10-27 10:49:47 [main] INFO  o.h.c.i.RegionFactoryInitiator - HHH000026: Second-level cache disabled
2025-10-27 10:49:47 [main] INFO  o.s.o.j.p.SpringPersistenceUnitInfo - No LoadTimeWeaver setup: ignoring JPA class transformer
2025-10-27 10:49:47 [main] INFO  com.zaxxer.hikari.HikariDataSource - HikariPool-1 - Starting...
2025-10-27 10:49:49 [main] INFO  com.zaxxer.hikari.pool.HikariPool - HikariPool-1 - Added connection org.postgresql.jdbc.PgConnection@3321fb65
2025-10-27 10:49:49 [main] INFO  com.zaxxer.hikari.HikariDataSource - HikariPool-1 - Start completed.
2025-10-27 10:49:49 [main] WARN  org.hibernate.orm.deprecation - HHH90000025: PostgreSQLDialect does not need to be specified explicitly using 'hibernate.dialect' (remove the property setting and it will be selected by default)
2025-10-27 10:49:49 [main] INFO  o.hibernate.orm.connections.pooling - HHH10001005: Database info:
	Database JDBC URL [Connecting through datasource 'HikariDataSource (HikariPool-1)']
	Database driver: undefined/unknown
	Database version: 16.10
	Autocommit mode: undefined/unknown
	Isolation level: undefined/unknown
	Minimum pool size: undefined/unknown
	Maximum pool size: undefined/unknown
2025-10-27 10:49:51 [main] INFO  o.h.e.t.j.p.i.JtaPlatformInitiator - HHH000489: No JTA platform available (set 'hibernate.transaction.jta.platform' to enable JTA platform integration)
2025-10-27 10:49:51 [main] INFO  o.s.o.j.LocalContainerEntityManagerFactoryBean - Initialized JPA EntityManagerFactory for persistence unit 'default'
2025-10-27 10:49:52 [main] INFO  o.s.d.j.r.query.QueryEnhancerFactory - Hibernate is in classpath; If applicable, HQL parser will be used.
2025-10-27 10:49:54 [main] WARN  o.s.b.a.o.j.JpaBaseConfiguration$JpaWebConfiguration - spring.jpa.open-in-view is enabled by default. Therefore, database queries may be performed during view rendering. Explicitly configure spring.jpa.open-in-view to disable this warning
2025-10-27 10:49:54 [http-nio-9596-exec-6] INFO  c.e.a.c.UserNameSuggestionController - Received username suggestion request for QID: 156897AAA
2025-10-27 10:49:54 [http-nio-9596-exec-6] INFO  c.e.a.s.i.UsernameSuggestionMockServiceImpl - [MockService] Received username suggestion request.
2025-10-27 10:49:54 [http-nio-9596-exec-6] INFO  c.e.a.s.i.UsernameSuggestionMockServiceImpl - Language selected: en
2025-10-27 10:49:54 [http-nio-9596-exec-6] INFO  c.e.a.s.i.UsernameSuggestionMockServiceImpl - QID received: 156897AAA
2025-10-27 10:49:54 [http-nio-9596-exec-6] INFO  c.e.a.s.i.UsernameSuggestionMockServiceImpl -  Reading mock user data from file: usermock-data.json
2025-10-27 10:49:54 [http-nio-9596-exec-6] DEBUG c.e.a.s.i.UsernameSuggestionMockServiceImpl - User Data for QID 156897AAA → firstName=username, lastName=lastname, dateOfBirth=19-10-2001
2025-10-27 10:49:54 [http-nio-9596-exec-6] DEBUG c.e.a.s.i.UsernameSuggestionMockServiceImpl - Generating unique usernames based on base: username lastname
2025-10-27 10:49:54 [http-nio-9596-exec-6] INFO  c.e.a.s.i.UsernameSuggestionMockServiceImpl -  Combined base username: userlas1910
2025-10-27 10:49:55 [http-nio-9596-exec-6] DEBUG c.e.a.s.i.UsernameSuggestionMockServiceImpl - 🔹 Candidate 'userlas1910' | Exists in DB: false
2025-10-27 10:49:55 [http-nio-9596-exec-6] DEBUG c.e.a.s.i.UsernameSuggestionMockServiceImpl -  Added candidate: userlas1910
2025-10-27 10:49:55 [main] WARN  o.s.b.w.s.c.AnnotationConfigServletWebServerApplicationContext - Exception encountered during context initialization - cancelling refresh attempt: org.springframework.context.ApplicationContextException: Failed to start bean 'webServerStartStop'
2025-10-27 10:49:55 [main] INFO  o.s.o.j.LocalContainerEntityManagerFactoryBean - Closing JPA EntityManagerFactory for persistence unit 'default'
2025-10-27 10:49:55 [main] INFO  com.zaxxer.hikari.HikariDataSource - HikariPool-1 - Shutdown initiated...
2025-10-27 10:49:55 [http-nio-9596-exec-6] DEBUG c.e.a.s.i.UsernameSuggestionMockServiceImpl - 🔹 Candidate 'userlas19102431' | Exists in DB: false
2025-10-27 10:49:55 [http-nio-9596-exec-6] DEBUG c.e.a.s.i.UsernameSuggestionMockServiceImpl -  Added candidate: userlas19102431
2025-10-27 10:49:55 [http-nio-9596-exec-6] DEBUG c.e.a.s.i.UsernameSuggestionMockServiceImpl - 🔹 Candidate 'userlas19102468' | Exists in DB: false
2025-10-27 10:49:55 [http-nio-9596-exec-6] DEBUG c.e.a.s.i.UsernameSuggestionMockServiceImpl -  Added candidate: userlas19102468
2025-10-27 10:49:55 [http-nio-9596-exec-6] INFO  c.e.a.s.i.UsernameSuggestionMockServiceImpl - Final list of available usernames: [userlas1910, userlas19102431, userlas19102468]
2025-10-27 10:49:55 [http-nio-9596-exec-6] INFO  c.e.a.s.i.UsernameSuggestionMockServiceImpl - Generated 3 username candidates: [userlas1910, userlas19102431, userlas19102468]
2025-10-27 10:49:56 [http-nio-9596-exec-6] INFO  c.e.a.s.i.UsernameSuggestionMockServiceImpl - Retrieved 4 username validation rules from DB.
2025-10-27 10:49:56 [http-nio-9596-exec-6] INFO  c.e.a.i.helper.UsernameValidator - Applying validation rules to 3 generated usernames...
2025-10-27 10:49:56 [http-nio-9596-exec-6] DEBUG c.e.a.i.helper.UsernameValidator - Validating username: 'userlas1910'
2025-10-27 10:49:56 [http-nio-9596-exec-6] DEBUG c.e.a.i.helper.UsernameValidator - Rule '^[a-zA-Z0-9]+$' applied to 'userlas1910': match=true
2025-10-27 10:49:56 [http-nio-9596-exec-6] DEBUG c.e.a.i.helper.UsernameValidator - Rule '^\S+$' applied to 'userlas1910': match=true
2025-10-27 10:49:56 [http-nio-9596-exec-6] DEBUG c.e.a.i.helper.UsernameValidator - Rule 'length>=8' applied to 'userlas1910': match=true
2025-10-27 10:49:56 [http-nio-9596-exec-6] DEBUG c.e.a.i.helper.UsernameValidator - Rule 'length<=15' applied to 'userlas1910': match=true
2025-10-27 10:49:56 [http-nio-9596-exec-6] DEBUG c.e.a.i.helper.UsernameValidator - Validating username: 'userlas19102431'
2025-10-27 10:49:56 [http-nio-9596-exec-6] DEBUG c.e.a.i.helper.UsernameValidator - Rule '^[a-zA-Z0-9]+$' applied to 'userlas19102431': match=true
2025-10-27 10:49:56 [http-nio-9596-exec-6] DEBUG c.e.a.i.helper.UsernameValidator - Rule '^\S+$' applied to 'userlas19102431': match=true
2025-10-27 10:49:56 [http-nio-9596-exec-6] DEBUG c.e.a.i.helper.UsernameValidator - Rule 'length>=8' applied to 'userlas19102431': match=true
2025-10-27 10:49:56 [http-nio-9596-exec-6] DEBUG c.e.a.i.helper.UsernameValidator - Rule 'length<=15' applied to 'userlas19102431': match=true
2025-10-27 10:49:56 [http-nio-9596-exec-6] DEBUG c.e.a.i.helper.UsernameValidator - Validating username: 'userlas19102468'
2025-10-27 10:49:56 [http-nio-9596-exec-6] DEBUG c.e.a.i.helper.UsernameValidator - Rule '^[a-zA-Z0-9]+$' applied to 'userlas19102468': match=true
2025-10-27 10:49:56 [http-nio-9596-exec-6] DEBUG c.e.a.i.helper.UsernameValidator - Rule '^\S+$' applied to 'userlas19102468': match=true
2025-10-27 10:49:56 [http-nio-9596-exec-6] DEBUG c.e.a.i.helper.UsernameValidator - Rule 'length>=8' applied to 'userlas19102468': match=true
2025-10-27 10:49:56 [http-nio-9596-exec-6] DEBUG c.e.a.i.helper.UsernameValidator - Rule 'length<=15' applied to 'userlas19102468': match=true
2025-10-27 10:49:56 [http-nio-9596-exec-6] INFO  c.e.a.i.helper.UsernameValidator - Valid usernames after applying rules: [userlas1910, userlas19102431, userlas19102468]
2025-10-27 10:49:56 [http-nio-9596-exec-6] INFO  c.e.a.s.i.UsernameSuggestionMockServiceImpl - 3 valid usernames after applying rules.
2025-10-27 10:49:56 [http-nio-9596-exec-6] INFO  c.e.a.s.i.UsernameSuggestionMockServiceImpl - Returning 3 valid username suggestions to client.
2025-10-27 10:49:56 [http-nio-9596-exec-6] INFO  c.e.a.c.UserNameSuggestionController - Returning 1 username suggestions for QID: 156897AAA
2025-10-27 10:49:57 [main] INFO  com.zaxxer.hikari.HikariDataSource - HikariPool-1 - Shutdown completed.
2025-10-27 10:49:57 [main] INFO  o.s.b.a.l.ConditionEvaluationReportLogger - 

Error starting ApplicationContext. To display the condition evaluation report re-run your application with 'debug' enabled.
2025-10-27 10:49:57 [main] ERROR o.s.b.d.LoggingFailureAnalysisReporter - 

***************************
APPLICATION FAILED TO START
***************************

Description:

Web server failed to start. Port 9596 was already in use.

Action:

Identify and stop the process that's listening on port 9596 or configure this application to listen on another port.

2025-10-27 10:49:58 [http-nio-9596-exec-7] INFO  c.e.a.c.UserNameSuggestionController - Received username suggestion request for QID: 156897AAA
2025-10-27 10:49:58 [http-nio-9596-exec-7] INFO  c.e.a.s.i.UsernameSuggestionMockServiceImpl - [MockService] Received username suggestion request.
2025-10-27 10:49:58 [http-nio-9596-exec-7] INFO  c.e.a.s.i.UsernameSuggestionMockServiceImpl - Language selected: en
2025-10-27 10:49:58 [http-nio-9596-exec-7] INFO  c.e.a.s.i.UsernameSuggestionMockServiceImpl - QID received: 156897AAA
2025-10-27 10:49:58 [http-nio-9596-exec-7] INFO  c.e.a.s.i.UsernameSuggestionMockServiceImpl -  Reading mock user data from file: usermock-data.json
2025-10-27 10:49:58 [http-nio-9596-exec-7] DEBUG c.e.a.s.i.UsernameSuggestionMockServiceImpl - User Data for QID 156897AAA → firstName=username, lastName=lastname, dateOfBirth=19-10-2001
2025-10-27 10:49:58 [http-nio-9596-exec-7] DEBUG c.e.a.s.i.UsernameSuggestionMockServiceImpl - Generating unique usernames based on base: username lastname
2025-10-27 10:49:58 [http-nio-9596-exec-7] INFO  c.e.a.s.i.UsernameSuggestionMockServiceImpl -  Combined base username: userlas1910
2025-10-27 10:49:59 [http-nio-9596-exec-7] DEBUG c.e.a.s.i.UsernameSuggestionMockServiceImpl - 🔹 Candidate 'userlas1910' | Exists in DB: false
2025-10-27 10:49:59 [http-nio-9596-exec-7] DEBUG c.e.a.s.i.UsernameSuggestionMockServiceImpl -  Added candidate: userlas1910
2025-10-27 10:49:59 [http-nio-9596-exec-7] DEBUG c.e.a.s.i.UsernameSuggestionMockServiceImpl - 🔹 Candidate 'userlas19102435' | Exists in DB: false
2025-10-27 10:49:59 [http-nio-9596-exec-7] DEBUG c.e.a.s.i.UsernameSuggestionMockServiceImpl -  Added candidate: userlas19102435
2025-10-27 10:49:59 [http-nio-9596-exec-7] DEBUG c.e.a.s.i.UsernameSuggestionMockServiceImpl - 🔹 Candidate 'userlas19102472' | Exists in DB: false
2025-10-27 10:49:59 [http-nio-9596-exec-7] DEBUG c.e.a.s.i.UsernameSuggestionMockServiceImpl -  Added candidate: userlas19102472
2025-10-27 10:49:59 [http-nio-9596-exec-7] INFO  c.e.a.s.i.UsernameSuggestionMockServiceImpl - Final list of available usernames: [userlas1910, userlas19102435, userlas19102472]
2025-10-27 10:49:59 [http-nio-9596-exec-7] INFO  c.e.a.s.i.UsernameSuggestionMockServiceImpl - Generated 3 username candidates: [userlas1910, userlas19102435, userlas19102472]
2025-10-27 10:49:59 [http-nio-9596-exec-7] INFO  c.e.a.s.i.UsernameSuggestionMockServiceImpl - Retrieved 4 username validation rules from DB.
2025-10-27 10:49:59 [http-nio-9596-exec-7] INFO  c.e.a.i.helper.UsernameValidator - Applying validation rules to 3 generated usernames...
2025-10-27 10:49:59 [http-nio-9596-exec-7] DEBUG c.e.a.i.helper.UsernameValidator - Validating username: 'userlas1910'
2025-10-27 10:49:59 [http-nio-9596-exec-7] DEBUG c.e.a.i.helper.UsernameValidator - Rule '^[a-zA-Z0-9]+$' applied to 'userlas1910': match=true
2025-10-27 10:49:59 [http-nio-9596-exec-7] DEBUG c.e.a.i.helper.UsernameValidator - Rule '^\S+$' applied to 'userlas1910': match=true
2025-10-27 10:49:59 [http-nio-9596-exec-7] DEBUG c.e.a.i.helper.UsernameValidator - Rule 'length>=8' applied to 'userlas1910': match=true
2025-10-27 10:49:59 [http-nio-9596-exec-7] DEBUG c.e.a.i.helper.UsernameValidator - Rule 'length<=15' applied to 'userlas1910': match=true
2025-10-27 10:49:59 [http-nio-9596-exec-7] DEBUG c.e.a.i.helper.UsernameValidator - Validating username: 'userlas19102435'
2025-10-27 10:49:59 [http-nio-9596-exec-7] DEBUG c.e.a.i.helper.UsernameValidator - Rule '^[a-zA-Z0-9]+$' applied to 'userlas19102435': match=true
2025-10-27 10:49:59 [http-nio-9596-exec-7] DEBUG c.e.a.i.helper.UsernameValidator - Rule '^\S+$' applied to 'userlas19102435': match=true
2025-10-27 10:49:59 [http-nio-9596-exec-7] DEBUG c.e.a.i.helper.UsernameValidator - Rule 'length>=8' applied to 'userlas19102435': match=true
2025-10-27 10:49:59 [http-nio-9596-exec-7] DEBUG c.e.a.i.helper.UsernameValidator - Rule 'length<=15' applied to 'userlas19102435': match=true
2025-10-27 10:49:59 [http-nio-9596-exec-7] DEBUG c.e.a.i.helper.UsernameValidator - Validating username: 'userlas19102472'
2025-10-27 10:49:59 [http-nio-9596-exec-7] DEBUG c.e.a.i.helper.UsernameValidator - Rule '^[a-zA-Z0-9]+$' applied to 'userlas19102472': match=true
2025-10-27 10:49:59 [http-nio-9596-exec-7] DEBUG c.e.a.i.helper.UsernameValidator - Rule '^\S+$' applied to 'userlas19102472': match=true
2025-10-27 10:49:59 [http-nio-9596-exec-7] DEBUG c.e.a.i.helper.UsernameValidator - Rule 'length>=8' applied to 'userlas19102472': match=true
2025-10-27 10:49:59 [http-nio-9596-exec-7] DEBUG c.e.a.i.helper.UsernameValidator - Rule 'length<=15' applied to 'userlas19102472': match=true
2025-10-27 10:49:59 [http-nio-9596-exec-7] INFO  c.e.a.i.helper.UsernameValidator - Valid usernames after applying rules: [userlas1910, userlas19102435, userlas19102472]
2025-10-27 10:49:59 [http-nio-9596-exec-7] INFO  c.e.a.s.i.UsernameSuggestionMockServiceImpl - 3 valid usernames after applying rules.
2025-10-27 10:49:59 [http-nio-9596-exec-7] INFO  c.e.a.s.i.UsernameSuggestionMockServiceImpl - Returning 3 valid username suggestions to client.
2025-10-27 10:49:59 [http-nio-9596-exec-7] INFO  c.e.a.c.UserNameSuggestionController - Returning 1 username suggestions for QID: 156897AAA
2025-10-27 10:50:36 [main] INFO  c.example.api.ApiServiceApplication - Starting ApiServiceApplication using Java 21.0.5 with PID 21152 (C:\intelliJ workspace\Dukhan Bank ODS\api-service\target\classes started by bhavya in C:\intelliJ workspace\Dukhan Bank ODS\api-service)
2025-10-27 10:50:36 [main] DEBUG c.example.api.ApiServiceApplication - Running with Spring Boot v3.5.4, Spring v6.2.9
2025-10-27 10:50:36 [main] INFO  c.example.api.ApiServiceApplication - No active profile set, falling back to 1 default profile: "default"
2025-10-27 10:50:37 [main] INFO  o.s.d.r.c.RepositoryConfigurationDelegate - Bootstrapping Spring Data JPA repositories in DEFAULT mode.
2025-10-27 10:50:38 [main] INFO  o.s.d.r.c.RepositoryConfigurationDelegate - Finished Spring Data repository scanning in 348 ms. Found 8 JPA repository interfaces.
2025-10-27 10:50:39 [main] INFO  o.s.b.w.e.tomcat.TomcatWebServer - Tomcat initialized with port 9596 (http)
2025-10-27 10:50:39 [main] INFO  o.a.catalina.core.StandardService - Starting service [Tomcat]
2025-10-27 10:50:39 [main] INFO  o.a.catalina.core.StandardEngine - Starting Servlet engine: [Apache Tomcat/10.1.43]
2025-10-27 10:50:39 [main] INFO  o.a.c.c.C.[Tomcat].[localhost].[/] - Initializing Spring embedded WebApplicationContext
2025-10-27 10:50:39 [main] INFO  o.s.b.w.s.c.ServletWebServerApplicationContext - Root WebApplicationContext: initialization completed in 2139 ms
2025-10-27 10:50:39 [main] INFO  o.h.jpa.internal.util.LogHelper - HHH000204: Processing PersistenceUnitInfo [name: default]
2025-10-27 10:50:39 [main] INFO  org.hibernate.Version - HHH000412: Hibernate ORM core version 6.6.22.Final
2025-10-27 10:50:39 [main] INFO  o.h.c.i.RegionFactoryInitiator - HHH000026: Second-level cache disabled
2025-10-27 10:50:39 [main] INFO  o.s.o.j.p.SpringPersistenceUnitInfo - No LoadTimeWeaver setup: ignoring JPA class transformer
2025-10-27 10:50:39 [main] INFO  com.zaxxer.hikari.HikariDataSource - HikariPool-1 - Starting...
2025-10-27 10:50:41 [main] INFO  com.zaxxer.hikari.pool.HikariPool - HikariPool-1 - Added connection org.postgresql.jdbc.PgConnection@3fa50a24
2025-10-27 10:50:41 [main] INFO  com.zaxxer.hikari.HikariDataSource - HikariPool-1 - Start completed.
2025-10-27 10:50:41 [main] WARN  org.hibernate.orm.deprecation - HHH90000025: PostgreSQLDialect does not need to be specified explicitly using 'hibernate.dialect' (remove the property setting and it will be selected by default)
2025-10-27 10:50:41 [main] INFO  o.hibernate.orm.connections.pooling - HHH10001005: Database info:
	Database JDBC URL [Connecting through datasource 'HikariDataSource (HikariPool-1)']
	Database driver: undefined/unknown
	Database version: 16.10
	Autocommit mode: undefined/unknown
	Isolation level: undefined/unknown
	Minimum pool size: undefined/unknown
	Maximum pool size: undefined/unknown
2025-10-27 10:50:42 [main] INFO  o.h.e.t.j.p.i.JtaPlatformInitiator - HHH000489: No JTA platform available (set 'hibernate.transaction.jta.platform' to enable JTA platform integration)
2025-10-27 10:50:43 [main] INFO  o.s.o.j.LocalContainerEntityManagerFactoryBean - Initialized JPA EntityManagerFactory for persistence unit 'default'
2025-10-27 10:50:43 [main] INFO  o.s.d.j.r.query.QueryEnhancerFactory - Hibernate is in classpath; If applicable, HQL parser will be used.
2025-10-27 10:50:45 [main] WARN  o.s.b.a.o.j.JpaBaseConfiguration$JpaWebConfiguration - spring.jpa.open-in-view is enabled by default. Therefore, database queries may be performed during view rendering. Explicitly configure spring.jpa.open-in-view to disable this warning
2025-10-27 10:50:45 [main] INFO  o.s.b.w.e.tomcat.TomcatWebServer - Tomcat started on port 9596 (http) with context path '/'
2025-10-27 10:50:45 [main] INFO  c.example.api.ApiServiceApplication - Started ApiServiceApplication in 9.872 seconds (process running for 10.248)
2025-10-27 10:50:48 [http-nio-9596-exec-1] INFO  o.a.c.c.C.[Tomcat].[localhost].[/] - Initializing Spring DispatcherServlet 'dispatcherServlet'
2025-10-27 10:50:48 [http-nio-9596-exec-1] INFO  o.s.web.servlet.DispatcherServlet - Initializing Servlet 'dispatcherServlet'
2025-10-27 10:50:48 [http-nio-9596-exec-1] INFO  o.s.web.servlet.DispatcherServlet - Completed initialization in 1 ms
2025-10-27 10:50:48 [http-nio-9596-exec-1] INFO  c.e.a.c.UserNameSuggestionController - Received username suggestion request for QID: 156897AAA
2025-10-27 10:50:48 [http-nio-9596-exec-1] INFO  c.e.a.s.i.UsernameSuggestionMockServiceImpl - [MockService] Received username suggestion request.
2025-10-27 10:50:48 [http-nio-9596-exec-1] INFO  c.e.a.s.i.UsernameSuggestionMockServiceImpl - Language selected: en
2025-10-27 10:50:48 [http-nio-9596-exec-1] INFO  c.e.a.s.i.UsernameSuggestionMockServiceImpl - QID received: 156897AAA
2025-10-27 10:50:48 [http-nio-9596-exec-1] INFO  c.e.a.s.i.UsernameSuggestionMockServiceImpl -  Reading mock user data from file: usermock-data.json
2025-10-27 10:50:48 [http-nio-9596-exec-1] DEBUG c.e.a.s.i.UsernameSuggestionMockServiceImpl - User Data for QID 156897AAA → firstName=username, lastName=lastname, dateOfBirth=19-10-2001
2025-10-27 10:50:48 [http-nio-9596-exec-1] DEBUG c.e.a.s.i.UsernameSuggestionMockServiceImpl - Generating unique usernames based on base: username lastname
2025-10-27 10:50:48 [http-nio-9596-exec-1] INFO  c.e.a.s.i.UsernameSuggestionMockServiceImpl -  Combined base username: userlas1910
2025-10-27 10:50:48 [http-nio-9596-exec-1] DEBUG c.e.a.s.i.UsernameSuggestionMockServiceImpl - 🔹 Candidate 'userlas1910' | Exists in DB: false
2025-10-27 10:50:48 [http-nio-9596-exec-1] DEBUG c.e.a.s.i.UsernameSuggestionMockServiceImpl -  Added candidate: userlas1910
2025-10-27 10:50:48 [http-nio-9596-exec-1] DEBUG c.e.a.s.i.UsernameSuggestionMockServiceImpl - 🔹 Candidate 'userlas19102485' | Exists in DB: false
2025-10-27 10:50:48 [http-nio-9596-exec-1] DEBUG c.e.a.s.i.UsernameSuggestionMockServiceImpl -  Added candidate: userlas19102485
2025-10-27 10:50:48 [http-nio-9596-exec-1] DEBUG c.e.a.s.i.UsernameSuggestionMockServiceImpl - 🔹 Candidate 'userlas19102522' | Exists in DB: false
2025-10-27 10:50:48 [http-nio-9596-exec-1] DEBUG c.e.a.s.i.UsernameSuggestionMockServiceImpl -  Added candidate: userlas19102522
2025-10-27 10:50:48 [http-nio-9596-exec-1] INFO  c.e.a.s.i.UsernameSuggestionMockServiceImpl - Final list of available usernames: [userlas1910, userlas19102485, userlas19102522]
2025-10-27 10:50:48 [http-nio-9596-exec-1] INFO  c.e.a.s.i.UsernameSuggestionMockServiceImpl - Generated 3 username candidates: [userlas1910, userlas19102485, userlas19102522]
2025-10-27 10:50:49 [http-nio-9596-exec-1] INFO  c.e.a.s.i.UsernameSuggestionMockServiceImpl - Retrieved 4 username validation rules from DB.
2025-10-27 10:50:49 [http-nio-9596-exec-1] INFO  c.e.a.i.helper.UsernameValidator - Applying validation rules to 3 generated usernames...
2025-10-27 10:50:49 [http-nio-9596-exec-1] DEBUG c.e.a.i.helper.UsernameValidator - Validating username: 'userlas1910'
2025-10-27 10:50:49 [http-nio-9596-exec-1] DEBUG c.e.a.i.helper.UsernameValidator - Rule '^[a-zA-Z0-9]+$' applied to 'userlas1910': match=true
2025-10-27 10:50:49 [http-nio-9596-exec-1] DEBUG c.e.a.i.helper.UsernameValidator - Rule '^\S+$' applied to 'userlas1910': match=true
2025-10-27 10:50:49 [http-nio-9596-exec-1] DEBUG c.e.a.i.helper.UsernameValidator - Rule 'length>=8' applied to 'userlas1910': match=true
2025-10-27 10:50:49 [http-nio-9596-exec-1] DEBUG c.e.a.i.helper.UsernameValidator - Rule 'length<=15' applied to 'userlas1910': match=true
2025-10-27 10:50:49 [http-nio-9596-exec-1] DEBUG c.e.a.i.helper.UsernameValidator - Validating username: 'userlas19102485'
2025-10-27 10:50:49 [http-nio-9596-exec-1] DEBUG c.e.a.i.helper.UsernameValidator - Rule '^[a-zA-Z0-9]+$' applied to 'userlas19102485': match=true
2025-10-27 10:50:49 [http-nio-9596-exec-1] DEBUG c.e.a.i.helper.UsernameValidator - Rule '^\S+$' applied to 'userlas19102485': match=true
2025-10-27 10:50:49 [http-nio-9596-exec-1] DEBUG c.e.a.i.helper.UsernameValidator - Rule 'length>=8' applied to 'userlas19102485': match=true
2025-10-27 10:50:49 [http-nio-9596-exec-1] DEBUG c.e.a.i.helper.UsernameValidator - Rule 'length<=15' applied to 'userlas19102485': match=true
2025-10-27 10:50:49 [http-nio-9596-exec-1] DEBUG c.e.a.i.helper.UsernameValidator - Validating username: 'userlas19102522'
2025-10-27 10:50:49 [http-nio-9596-exec-1] DEBUG c.e.a.i.helper.UsernameValidator - Rule '^[a-zA-Z0-9]+$' applied to 'userlas19102522': match=true
2025-10-27 10:50:49 [http-nio-9596-exec-1] DEBUG c.e.a.i.helper.UsernameValidator - Rule '^\S+$' applied to 'userlas19102522': match=true
2025-10-27 10:50:49 [http-nio-9596-exec-1] DEBUG c.e.a.i.helper.UsernameValidator - Rule 'length>=8' applied to 'userlas19102522': match=true
2025-10-27 10:50:49 [http-nio-9596-exec-1] DEBUG c.e.a.i.helper.UsernameValidator - Rule 'length<=15' applied to 'userlas19102522': match=true
2025-10-27 10:50:49 [http-nio-9596-exec-1] INFO  c.e.a.i.helper.UsernameValidator - Valid usernames after applying rules: [userlas1910, userlas19102485, userlas19102522]
2025-10-27 10:50:49 [http-nio-9596-exec-1] INFO  c.e.a.s.i.UsernameSuggestionMockServiceImpl - 3 valid usernames after applying rules.
2025-10-27 10:50:49 [http-nio-9596-exec-1] INFO  c.e.a.s.i.UsernameSuggestionMockServiceImpl - Returning 3 valid username suggestions to client.
2025-10-27 10:50:49 [http-nio-9596-exec-1] INFO  c.e.a.c.UserNameSuggestionController - Returning 1 username suggestions for QID: 156897AAA
2025-10-27 10:51:03 [http-nio-9596-exec-2] INFO  c.e.a.c.UserNameSuggestionController - Received username suggestion request for QID: 156897AAA
2025-10-27 10:51:03 [http-nio-9596-exec-2] INFO  c.e.a.s.i.UsernameSuggestionMockServiceImpl - [MockService] Received username suggestion request.
2025-10-27 10:51:03 [http-nio-9596-exec-2] INFO  c.e.a.s.i.UsernameSuggestionMockServiceImpl - Language selected: en
2025-10-27 10:51:03 [http-nio-9596-exec-2] INFO  c.e.a.s.i.UsernameSuggestionMockServiceImpl - QID received: 156897AAA
2025-10-27 10:51:03 [http-nio-9596-exec-2] INFO  c.e.a.s.i.UsernameSuggestionMockServiceImpl -  Reading mock user data from file: usermock-data.json
2025-10-27 10:51:03 [http-nio-9596-exec-2] DEBUG c.e.a.s.i.UsernameSuggestionMockServiceImpl - User Data for QID 156897AAA → firstName=username, lastName=lastname, dateOfBirth=19-10-2001
2025-10-27 10:51:03 [http-nio-9596-exec-2] DEBUG c.e.a.s.i.UsernameSuggestionMockServiceImpl - Generating unique usernames based on base: username lastname
2025-10-27 10:51:03 [http-nio-9596-exec-2] INFO  c.e.a.s.i.UsernameSuggestionMockServiceImpl -  Combined base username: userlas1910
2025-10-27 10:51:03 [http-nio-9596-exec-2] DEBUG c.e.a.s.i.UsernameSuggestionMockServiceImpl - 🔹 Candidate 'userlas1910' | Exists in DB: false
2025-10-27 10:51:03 [http-nio-9596-exec-2] DEBUG c.e.a.s.i.UsernameSuggestionMockServiceImpl -  Added candidate: userlas1910
2025-10-27 10:51:03 [http-nio-9596-exec-2] DEBUG c.e.a.s.i.UsernameSuggestionMockServiceImpl - 🔹 Candidate 'userlas19102500' | Exists in DB: false
2025-10-27 10:51:03 [http-nio-9596-exec-2] DEBUG c.e.a.s.i.UsernameSuggestionMockServiceImpl -  Added candidate: userlas19102500
2025-10-27 10:51:03 [http-nio-9596-exec-2] DEBUG c.e.a.s.i.UsernameSuggestionMockServiceImpl - 🔹 Candidate 'userlas19102537' | Exists in DB: false
2025-10-27 10:51:03 [http-nio-9596-exec-2] DEBUG c.e.a.s.i.UsernameSuggestionMockServiceImpl -  Added candidate: userlas19102537
2025-10-27 10:51:03 [http-nio-9596-exec-2] INFO  c.e.a.s.i.UsernameSuggestionMockServiceImpl - Final list of available usernames: [userlas1910, userlas19102500, userlas19102537]
2025-10-27 10:51:03 [http-nio-9596-exec-2] INFO  c.e.a.s.i.UsernameSuggestionMockServiceImpl - Generated 3 username candidates: [userlas1910, userlas19102500, userlas19102537]
2025-10-27 10:51:03 [http-nio-9596-exec-2] INFO  c.e.a.s.i.UsernameSuggestionMockServiceImpl - Retrieved 4 username validation rules from DB.
2025-10-27 10:51:03 [http-nio-9596-exec-2] INFO  c.e.a.i.helper.UsernameValidator - Applying validation rules to 3 generated usernames...
2025-10-27 10:51:03 [http-nio-9596-exec-2] DEBUG c.e.a.i.helper.UsernameValidator - Validating username: 'userlas1910'
2025-10-27 10:51:03 [http-nio-9596-exec-2] DEBUG c.e.a.i.helper.UsernameValidator - Rule '^[a-zA-Z0-9]+$' applied to 'userlas1910': match=true
2025-10-27 10:51:03 [http-nio-9596-exec-2] DEBUG c.e.a.i.helper.UsernameValidator - Rule '^\S+$' applied to 'userlas1910': match=true
2025-10-27 10:51:03 [http-nio-9596-exec-2] DEBUG c.e.a.i.helper.UsernameValidator - Rule 'length>=8' applied to 'userlas1910': match=true
2025-10-27 10:51:03 [http-nio-9596-exec-2] DEBUG c.e.a.i.helper.UsernameValidator - Rule 'length<=15' applied to 'userlas1910': match=true
2025-10-27 10:51:03 [http-nio-9596-exec-2] DEBUG c.e.a.i.helper.UsernameValidator - Validating username: 'userlas19102500'
2025-10-27 10:51:03 [http-nio-9596-exec-2] DEBUG c.e.a.i.helper.UsernameValidator - Rule '^[a-zA-Z0-9]+$' applied to 'userlas19102500': match=true
2025-10-27 10:51:03 [http-nio-9596-exec-2] DEBUG c.e.a.i.helper.UsernameValidator - Rule '^\S+$' applied to 'userlas19102500': match=true
2025-10-27 10:51:03 [http-nio-9596-exec-2] DEBUG c.e.a.i.helper.UsernameValidator - Rule 'length>=8' applied to 'userlas19102500': match=true
2025-10-27 10:51:03 [http-nio-9596-exec-2] DEBUG c.e.a.i.helper.UsernameValidator - Rule 'length<=15' applied to 'userlas19102500': match=true
2025-10-27 10:51:03 [http-nio-9596-exec-2] DEBUG c.e.a.i.helper.UsernameValidator - Validating username: 'userlas19102537'
2025-10-27 10:51:03 [http-nio-9596-exec-2] DEBUG c.e.a.i.helper.UsernameValidator - Rule '^[a-zA-Z0-9]+$' applied to 'userlas19102537': match=true
2025-10-27 10:51:03 [http-nio-9596-exec-2] DEBUG c.e.a.i.helper.UsernameValidator - Rule '^\S+$' applied to 'userlas19102537': match=true
2025-10-27 10:51:03 [http-nio-9596-exec-2] DEBUG c.e.a.i.helper.UsernameValidator - Rule 'length>=8' applied to 'userlas19102537': match=true
2025-10-27 10:51:03 [http-nio-9596-exec-2] DEBUG c.e.a.i.helper.UsernameValidator - Rule 'length<=15' applied to 'userlas19102537': match=true
2025-10-27 10:51:03 [http-nio-9596-exec-2] INFO  c.e.a.i.helper.UsernameValidator - Valid usernames after applying rules: [userlas1910, userlas19102500, userlas19102537]
2025-10-27 10:51:03 [http-nio-9596-exec-2] INFO  c.e.a.s.i.UsernameSuggestionMockServiceImpl - 3 valid usernames after applying rules.
2025-10-27 10:51:03 [http-nio-9596-exec-2] INFO  c.e.a.s.i.UsernameSuggestionMockServiceImpl - Returning 3 valid username suggestions to client.
2025-10-27 10:51:03 [http-nio-9596-exec-2] INFO  c.e.a.c.UserNameSuggestionController - Returning 1 username suggestions for QID: 156897AAA
2025-10-27 10:51:14 [http-nio-9596-exec-6] INFO  c.e.a.c.UserNameSuggestionController - Received username suggestion request for QID: 156897AAA
2025-10-27 10:51:14 [http-nio-9596-exec-6] INFO  c.e.a.s.i.UsernameSuggestionMockServiceImpl - [MockService] Received username suggestion request.
2025-10-27 10:51:14 [http-nio-9596-exec-6] INFO  c.e.a.s.i.UsernameSuggestionMockServiceImpl - Language selected: en
2025-10-27 10:51:14 [http-nio-9596-exec-6] INFO  c.e.a.s.i.UsernameSuggestionMockServiceImpl - QID received: 156897AAA
2025-10-27 10:51:14 [http-nio-9596-exec-6] INFO  c.e.a.s.i.UsernameSuggestionMockServiceImpl -  Reading mock user data from file: usermock-data.json
2025-10-27 10:51:14 [http-nio-9596-exec-6] DEBUG c.e.a.s.i.UsernameSuggestionMockServiceImpl - User Data for QID 156897AAA → firstName=username, lastName=lastname, dateOfBirth=19-10-2001
2025-10-27 10:51:14 [http-nio-9596-exec-6] DEBUG c.e.a.s.i.UsernameSuggestionMockServiceImpl - Generating unique usernames based on base: username lastname
2025-10-27 10:51:14 [http-nio-9596-exec-6] INFO  c.e.a.s.i.UsernameSuggestionMockServiceImpl -  Combined base username: userlas1910
2025-10-27 10:51:15 [http-nio-9596-exec-6] DEBUG c.e.a.s.i.UsernameSuggestionMockServiceImpl - 🔹 Candidate 'userlas1910' | Exists in DB: false
2025-10-27 10:51:15 [http-nio-9596-exec-6] DEBUG c.e.a.s.i.UsernameSuggestionMockServiceImpl -  Added candidate: userlas1910
2025-10-27 10:51:15 [http-nio-9596-exec-6] DEBUG c.e.a.s.i.UsernameSuggestionMockServiceImpl - 🔹 Candidate 'userlas19102511' | Exists in DB: false
2025-10-27 10:51:15 [http-nio-9596-exec-6] DEBUG c.e.a.s.i.UsernameSuggestionMockServiceImpl -  Added candidate: userlas19102511
2025-10-27 10:51:15 [http-nio-9596-exec-6] DEBUG c.e.a.s.i.UsernameSuggestionMockServiceImpl - 🔹 Candidate 'userlas19102548' | Exists in DB: false
2025-10-27 10:51:15 [http-nio-9596-exec-6] DEBUG c.e.a.s.i.UsernameSuggestionMockServiceImpl -  Added candidate: userlas19102548
2025-10-27 10:51:15 [http-nio-9596-exec-6] INFO  c.e.a.s.i.UsernameSuggestionMockServiceImpl - Final list of available usernames: [userlas1910, userlas19102511, userlas19102548]
2025-10-27 10:51:15 [http-nio-9596-exec-6] INFO  c.e.a.s.i.UsernameSuggestionMockServiceImpl - Generated 3 username candidates: [userlas1910, userlas19102511, userlas19102548]
2025-10-27 10:51:15 [http-nio-9596-exec-6] INFO  c.e.a.s.i.UsernameSuggestionMockServiceImpl - Retrieved 4 username validation rules from DB.
2025-10-27 10:51:15 [http-nio-9596-exec-6] INFO  c.e.a.i.helper.UsernameValidator - Applying validation rules to 3 generated usernames...
2025-10-27 10:51:15 [http-nio-9596-exec-6] DEBUG c.e.a.i.helper.UsernameValidator - Validating username: 'userlas1910'
2025-10-27 10:51:15 [http-nio-9596-exec-6] DEBUG c.e.a.i.helper.UsernameValidator - Rule '^[a-zA-Z0-9]+$' applied to 'userlas1910': match=true
2025-10-27 10:51:15 [http-nio-9596-exec-6] DEBUG c.e.a.i.helper.UsernameValidator - Rule '^\S+$' applied to 'userlas1910': match=true
2025-10-27 10:51:15 [http-nio-9596-exec-6] DEBUG c.e.a.i.helper.UsernameValidator - Rule 'length>=8' applied to 'userlas1910': match=true
2025-10-27 10:51:15 [http-nio-9596-exec-6] DEBUG c.e.a.i.helper.UsernameValidator - Rule 'length<=15' applied to 'userlas1910': match=true
2025-10-27 10:51:15 [http-nio-9596-exec-6] DEBUG c.e.a.i.helper.UsernameValidator - Validating username: 'userlas19102511'
2025-10-27 10:51:15 [http-nio-9596-exec-6] DEBUG c.e.a.i.helper.UsernameValidator - Rule '^[a-zA-Z0-9]+$' applied to 'userlas19102511': match=true
2025-10-27 10:51:15 [http-nio-9596-exec-6] DEBUG c.e.a.i.helper.UsernameValidator - Rule '^\S+$' applied to 'userlas19102511': match=true
2025-10-27 10:51:15 [http-nio-9596-exec-6] DEBUG c.e.a.i.helper.UsernameValidator - Rule 'length>=8' applied to 'userlas19102511': match=true
2025-10-27 10:51:15 [http-nio-9596-exec-6] DEBUG c.e.a.i.helper.UsernameValidator - Rule 'length<=15' applied to 'userlas19102511': match=true
2025-10-27 10:51:15 [http-nio-9596-exec-6] DEBUG c.e.a.i.helper.UsernameValidator - Validating username: 'userlas19102548'
2025-10-27 10:51:15 [http-nio-9596-exec-6] DEBUG c.e.a.i.helper.UsernameValidator - Rule '^[a-zA-Z0-9]+$' applied to 'userlas19102548': match=true
2025-10-27 10:51:15 [http-nio-9596-exec-6] DEBUG c.e.a.i.helper.UsernameValidator - Rule '^\S+$' applied to 'userlas19102548': match=true
2025-10-27 10:51:15 [http-nio-9596-exec-6] DEBUG c.e.a.i.helper.UsernameValidator - Rule 'length>=8' applied to 'userlas19102548': match=true
2025-10-27 10:51:15 [http-nio-9596-exec-6] DEBUG c.e.a.i.helper.UsernameValidator - Rule 'length<=15' applied to 'userlas19102548': match=true
2025-10-27 10:51:15 [http-nio-9596-exec-6] INFO  c.e.a.i.helper.UsernameValidator - Valid usernames after applying rules: [userlas1910, userlas19102511, userlas19102548]
2025-10-27 10:51:15 [http-nio-9596-exec-6] INFO  c.e.a.s.i.UsernameSuggestionMockServiceImpl - 3 valid usernames after applying rules.
2025-10-27 10:51:15 [http-nio-9596-exec-6] INFO  c.e.a.s.i.UsernameSuggestionMockServiceImpl - Returning 3 valid username suggestions to client.
2025-10-27 10:51:15 [http-nio-9596-exec-6] INFO  c.e.a.c.UserNameSuggestionController - Returning 1 username suggestions for QID: 156897AAA
2025-10-27 10:51:20 [http-nio-9596-exec-7] INFO  c.e.a.c.UserNameSuggestionController - Received username suggestion request for QID: 156897AA
2025-10-27 10:51:20 [http-nio-9596-exec-7] INFO  c.e.a.s.i.UsernameSuggestionMockServiceImpl - [MockService] Received username suggestion request.
2025-10-27 10:51:20 [http-nio-9596-exec-7] INFO  c.e.a.s.i.UsernameSuggestionMockServiceImpl - Language selected: en
2025-10-27 10:51:20 [http-nio-9596-exec-7] INFO  c.e.a.s.i.UsernameSuggestionMockServiceImpl - QID received: 156897AA
2025-10-27 10:51:20 [http-nio-9596-exec-7] INFO  c.e.a.s.i.UsernameSuggestionMockServiceImpl -  Reading mock user data from file: usermock-data.json
2025-10-27 10:51:20 [http-nio-9596-exec-7] WARN  c.e.a.s.i.UsernameSuggestionMockServiceImpl - No user found for QID: 156897AA
2025-10-27 10:51:20 [http-nio-9596-exec-7] INFO  c.e.a.c.UserNameSuggestionController - Returning 0 username suggestions for QID: 156897AA
